# Dynamic Analysis - Mode: CALIBRATION,,,,,,,,,,,,,,,,,,,,,,,,,,,
# Experiment Name: calibration_20260508_120336,,,,,,,,,,,,,,,,,,,,,,,,,,,
# Test RPMs (global fallback): [0.8],,,,,,,,,,,,,,,,,,,,,,,,,,,
# Timestamp: 20260508_120336,,,,,,,,,,,,,,,,,,,,,,,,,,,
"# Cell numbering: Row 1 = cells 1-6, Row 2 = cells 7-12, Row 3 = cells 13-18",,,,,,,,,,,,,,,,,,,,,,,,,,,
# Feedback Control: ENABLED,,,,,,,,,,,,,,,,,,,,,,,,,,,
"# Feedback R2 Thresholds: Drag = 0.975, CV = 0.975, Slope = 0.975, Confidence = 0.8",,,,,,,,,,,,,,,,,,,,,,,,,,,
"# Confidence Weights: 2nd-Deriv(Drag/CV/Slope) = 0.2/0.2/0.2, R2(Drag/CV/Slope) = 0.2/0.2/0.2",,,,,,,,,,,,,,,,,,,,,,,,,,,
,,,,,,,,,,,,,,,,,,,,,,,,,,,
row,cell,Cell_Label,Z_Height_mm,RPM,Elapsed_Time_s,Torque_%,Rotational_Drag,CV,R2,Trend_Slope,Second_derivative,Second_derivative_drag,Second_derivative_cv,Second_derivative_slope,R2_drag,R2_cv,R2_slope,Hit_2nd_Deriv_Drag,Hit_2nd_Deriv_CV,Hit_2nd_Deriv_Slope,Hit_R2_Drag,Hit_R2_CV,Hit_R2_Slope,Samples_Collected_At_Z,Hit_Point_Confidence,Hit_Detected,Hit_Reasons
1,1,,-65.5,0.8,3.01,0.06,0.075,0,0,0,0,0,0,0,0,0,0,FALSE,FALSE,FALSE,FALSE,FALSE,FALSE,1,0,FALSE,insufficient_data
1,1,,-65.52,0.8,3.01,0.01,0.0125,0,0,0,0,0,0,0,0,0,0,FALSE,FALSE,FALSE,FALSE,FALSE,FALSE,1,0,FALSE,insufficient_data
1,1,,-65.54,0.8,3.01,0.02,0.025,0,0,0,0,0,0,0,0,0,0,FALSE,FALSE,FALSE,FALSE,FALSE,FALSE,1,0,FALSE,insufficient_data
1,1,,-65.56,0.8,3.01,0.03,0.0375,0,0,0,0,0,0,0,0,0,0,FALSE,FALSE,FALSE,FALSE,FALSE,FALSE,1,0,FALSE,insufficient_data
1,1,,-65.58,0.8,3.01,0.03,0.0375,0,0,0,0,0,0,0,0,0,0,FALSE,FALSE,FALSE,FALSE,FALSE,FALSE,1,0,FALSE,insufficient_data
1,1,,-65.6,0.8,3.01,0.03,0.0375,0,0,0,0,0,0,0,0,0,0,FALSE,FALSE,FALSE,FALSE,FALSE,FALSE,1,0,FALSE,insufficient_data
1,1,,-65.62,0.8,3.01,0.04,0.05,0,0,0,0,0,0,0,0,0,0,FALSE,FALSE,FALSE,FALSE,FALSE,FALSE,1,0,FALSE,insufficient_data
1,1,,-65.64,0.8,3.01,0.05,0.0625,0,0.78125,-0.3125,0,0,334.796335,0,0.78125,0,0,FALSE,FALSE,FALSE,TRUE,FALSE,FALSE,1,0.2,FALSE,hit_r2_drag (Rý=0.7813)
1,1,,-65.66,0.8,3.01,0.05,0.0625,0.69879,0.9,-0.375,-31.25,-31.25,-25.04784,-156.25,0.9,0.69879,0,FALSE,FALSE,FALSE,TRUE,TRUE,FALSE,1,0.4,FALSE,hit_r2_drag (Rý=0.9000); hit_r2_cv (Rý=0.6988)
1,1,,-65.68,0.8,3.01,0.03,0.0375,0.411497,0.025,-0.0625,-62.5,-62.5,-3.461439,781.25,0.025,0.411497,0.284884,FALSE,FALSE,FALSE,TRUE,TRUE,TRUE,1,0.6,FALSE,hit_r2_drag (Rý=0.0250); hit_r2_cv (Rý=0.4115); hit_r2_slope (Rý=0.2849)
1,1,,-65.7,0.8,3.01,0.04,0.05,0.26884,0.142857,0.125,93.75,93.75,-113.581591,468.75,0.142857,0.26884,0.896341,FALSE,FALSE,FALSE,TRUE,TRUE,TRUE,1,0.6,FALSE,hit_r2_drag (Rý=0.1429); hit_r2_cv (Rý=0.2688); hit_r2_slope (Rý=0.8963)
1,1,,-65.72,0.8,3.01,0.02,0.025,0.175734,0.720588,0.4375,-93.75,-93.75,435.3767,781.25,0.720588,0.175734,0.843458,FALSE,FALSE,FALSE,TRUE,TRUE,TRUE,1,0.6,FALSE,hit_r2_drag (Rý=0.7206); hit_r2_cv (Rý=0.1757); hit_r2_slope (Rý=0.8435)
1,1,,-65.74,0.8,3.03,0.01,0.0125,0.619585,0.81,0.5625,31.25,31.25,89.48568,312.5,0.81,0.619585,0.876214,FALSE,FALSE,FALSE,TRUE,TRUE,TRUE,1,0.6,FALSE,hit_r2_drag (Rý=0.8100); hit_r2_cv (Rý=0.6196); hit_r2_slope (Rý=0.8762)
1,1,,-65.76,0.8,3.01,0.02,0.025,0.762488,0.480769,0.3125,62.5,62.5,-527.496359,-625,0.480769,0.762488,0.035714,FALSE,FALSE,FALSE,TRUE,TRUE,TRUE,1,0.6,FALSE,hit_r2_drag (Rý=0.4808); hit_r2_cv (Rý=0.7625); hit_r2_slope (Rý=0.0357)
1,1,,-65.78,0.8,3.01,0.01,0.0125,0.870324,0.6,0.375,-62.5,-62.5,423.226232,156.25,0.6,0.870324,0.595238,FALSE,FALSE,FALSE,TRUE,TRUE,TRUE,1,0.6,FALSE,hit_r2_drag (Rý=0.6000); hit_r2_cv (Rý=0.8703); hit_r2_slope (Rý=0.5952)
1,1,,-65.8,0.8,3.01,0.03,0.0375,0.279735,0.142857,-0.125,93.75,93.75,-636.967781,-1250,0.142857,0.279735,0.367391,FALSE,FALSE,FALSE,TRUE,TRUE,TRUE,1,0.6,FALSE,hit_r2_drag (Rý=0.1429); hit_r2_cv (Rý=0.2797); hit_r2_slope (Rý=0.3674)
1,1,,-65.82,0.8,3.01,0.04,0.05,0.08178,0.720588,-0.4375,-31.25,-31.25,615.824185,-781.25,0.720588,0.08178,0.897516,FALSE,FALSE,FALSE,TRUE,TRUE,TRUE,1,0.6,FALSE,hit_r2_drag (Rý=0.7206); hit_r2_cv (Rý=0.0818); hit_r2_slope (Rý=0.8975)
1,1,,-65.84,0.8,3.01,0.02,0.025,0.001868,0.173077,-0.1875,-93.75,-93.75,-548.787673,625,0.173077,0.001868,0.182836,FALSE,FALSE,FALSE,TRUE,TRUE,TRUE,1,0.6,FALSE,hit_r2_drag (Rý=0.1731); hit_r2_cv (Rý=0.0019); hit_r2_slope (Rý=0.1828)
1,1,,-65.86,0.8,3.01,0.05,0.0625,0.143798,0.49,-0.4375,156.25,156.25,379.136178,-625,0.49,0.143798,0.083333,FALSE,FALSE,FALSE,TRUE,TRUE,TRUE,1,0.6,FALSE,hit_r2_drag (Rý=0.4900); hit_r2_cv (Rý=0.1438); hit_r2_slope (Rý=0.0833)
1,1,,-65.88,0.8,3.01,0.04,0.05,0.31384,0.173077,-0.1875,-125,-125,-586.529717,625,0.173077,0.31384,0.083333,FALSE,FALSE,FALSE,TRUE,TRUE,TRUE,1,0.6,FALSE,hit_r2_drag (Rý=0.1731); hit_r2_cv (Rý=0.3138); hit_r2_slope (Rý=0.0833)
1,1,,-65.9,0.8,3.01,0.05,0.0625,0.82082,0.266667,-0.25,62.5,62.5,446.77019,-156.25,0.266667,0.82082,0.595238,FALSE,FALSE,FALSE,TRUE,TRUE,TRUE,1,0.6,FALSE,hit_r2_drag (Rý=0.2667); hit_r2_cv (Rý=0.8208); hit_r2_slope (Rý=0.5952)
1,1,,-65.92,0.8,3.01,0.03,0.0375,0.579592,0.058824,-0.125,-93.75,-93.75,106.121273,312.5,0.058824,0.579592,0.035714,FALSE,FALSE,FALSE,TRUE,TRUE,TRUE,1,0.6,FALSE,hit_r2_drag (Rý=0.0588); hit_r2_cv (Rý=0.5796); hit_r2_slope (Rý=0.0357)
1,1,,-65.94,0.8,3.01,0.03,0.0375,0.627009,0.625,0.3125,62.5,62.5,-290.790834,1093.75,0.625,0.627009,0.724638,FALSE,FALSE,FALSE,TRUE,TRUE,TRUE,1,0.6,FALSE,hit_r2_drag (Rý=0.6250); hit_r2_cv (Rý=0.6270); hit_r2_slope (Rý=0.7246)
1,1,,-65.96,0.8,3.01,0.03,0.0375,0.524451,0.5,0.25,0,0,204.752079,-156.25,0.5,0.524451,0.668519,FALSE,FALSE,FALSE,TRUE,TRUE,TRUE,1,0.6,FALSE,hit_r2_drag (Rý=0.5000); hit_r2_cv (Rý=0.5245); hit_r2_slope (Rý=0.6685)
1,1,,-65.98,0.8,3,0.02,0.025,0.005676,0.75,0.375,-31.25,-31.25,213.371428,312.5,0.75,0.005676,0.035714,FALSE,FALSE,FALSE,TRUE,TRUE,TRUE,1,0.6,FALSE,hit_r2_drag (Rý=0.7500); hit_r2_cv (Rý=0.0057); hit_r2_slope (Rý=0.0357)
1,1,,-66,0.8,3.01,0.02,0.025,0.204486,0.75,0.1875,31.25,31.25,-504.319814,-468.75,0.75,0.204486,0,FALSE,FALSE,FALSE,TRUE,TRUE,TRUE,1,0.6,FALSE,hit_r2_drag (Rý=0.7500); hit_r2_cv (Rý=0.2045); hit_r2_slope (Rý=-0.0000)
1,1,,-66.02,0.8,3.01,0.03,0.0375,0.11701,0.083333,0.0625,31.25,31.25,294.409825,-312.5,0.083333,0.11701,0.898936,FALSE,FALSE,FALSE,TRUE,TRUE,TRUE,1,0.6,FALSE,hit_r2_drag (Rý=0.0833); hit_r2_cv (Rý=0.1170); hit_r2_slope (Rý=0.8989)
1,1,,-66.04,0.8,3.01,0.04,0.05,0.007225,0.321429,-0.1875,0,0,197.097385,-625,0.321429,0.007225,0.816667,FALSE,FALSE,FALSE,TRUE,TRUE,TRUE,1,0.6,FALSE,hit_r2_drag (Rý=0.3214); hit_r2_cv (Rý=0.0072); hit_r2_slope (Rý=0.8167)
1,1,,-66.06,0.8,3.01,0.05,0.0625,0.163789,0.941176,-0.5,0,0,45.835744,-781.25,0.941176,0.163789,0.876812,FALSE,FALSE,FALSE,TRUE,TRUE,TRUE,1,0.6,FALSE,hit_r2_drag (Rý=0.9412); hit_r2_cv (Rý=0.1638); hit_r2_slope (Rý=0.8768)
1,1,,-66.08,0.8,3.01,0.04,0.05,0.615403,0.692308,-0.375,-62.5,-62.5,-445.822208,312.5,0.692308,0.615403,0.480159,FALSE,FALSE,FALSE,TRUE,TRUE,TRUE,1,0.6,FALSE,hit_r2_drag (Rý=0.6923); hit_r2_cv (Rý=0.6154); hit_r2_slope (Rý=0.4802)
1,1,,-66.1,0.8,3.01,0.06,0.075,0.061439,0.692308,-0.375,93.75,93.75,74.12596,0,0.692308,0.061439,0.75,FALSE,FALSE,FALSE,TRUE,TRUE,TRUE,1,0.6,FALSE,hit_r2_drag (Rý=0.6923); hit_r2_cv (Rý=0.0614); hit_r2_slope (Rý=0.7500)
1,1,,-66.12,0.8,3.01,0.04,0.05,0.519729,0.03125,-0.0625,-125,-125,-15.888308,781.25,0.03125,0.519729,0.5,FALSE,FALSE,FALSE,TRUE,TRUE,TRUE,1,0.6,FALSE,hit_r2_drag (Rý=0.0312); hit_r2_cv (Rý=0.5197); hit_r2_slope (Rý=0.5000)
1,1,,-66.14,0.8,3.01,0.04,0.05,0.924631,0.125,0.125,62.5,62.5,144.651427,468.75,0.125,0.924631,0.896341,FALSE,FALSE,FALSE,TRUE,TRUE,TRUE,1,0.6,FALSE,hit_r2_drag (Rý=0.1250); hit_r2_cv (Rý=0.9246); hit_r2_slope (Rý=0.8963)
1,1,,-66.16,0.8,3.01,4.36,5.45,0.442761,0.498832,-53.875,13500,13500,4317.46789,-135000,0.498832,0.442761,0.49652,TRUE,TRUE,TRUE,TRUE,TRUE,TRUE,1,1,TRUE,hit_2nd_deriv_drag (13500.0000); hit_2nd_deriv_cv (4317.4679); hit_2nd_deriv_slope (-135000.0000); hit_r2_drag (Rý=0.4988); hit_r2_cv (Rý=0.4428); hit_r2_slope (Rý=0.4965)
1,1,,-66.18,0.8,3.01,7.23,9.0375,0.569156,0.795499,-116.625,-4531.25,-4531.25,-5916.755609,-156875,0.795499,0.569156,0.883075,TRUE,TRUE,TRUE,TRUE,TRUE,TRUE,1,1,TRUE,hit_2nd_deriv_drag (-4531.2500); hit_2nd_deriv_cv (-5916.7556); hit_2nd_deriv_slope (-156875.0000); hit_r2_drag (Rý=0.7955); hit_r2_cv (Rý=0.5692); hit_r2_slope (Rý=0.8831)
1,1,,-66.2,0.8,3.01,7.7,9.625,0.276983,0.912376,-140.6875,-7500,-7500,597.045265,-60156.25,0.912376,0.276983,0.873534,TRUE,FALSE,TRUE,TRUE,TRUE,TRUE,1,1,TRUE,hit_2nd_deriv_drag (-7500.0000); hit_2nd_deriv_slope (-60156.2500); hit_r2_drag (Rý=0.9124); hit_r2_cv (Rý=0.2770); hit_r2_slope (Rý=0.8735)
1,2,,-65.5,0.8,3.01,0.07,0.0875,0,0,0,0,0,0,0,0,0,0,FALSE,FALSE,FALSE,FALSE,FALSE,FALSE,1,0,FALSE,insufficient_data
1,2,,-65.52,0.8,3.01,0.02,0.025,0,0,0,0,0,0,0,0,0,0,FALSE,FALSE,FALSE,FALSE,FALSE,FALSE,1,0,FALSE,insufficient_data
1,2,,-65.54,0.8,3.01,0.03,0.0375,0,0,0,0,0,0,0,0,0,0,FALSE,FALSE,FALSE,FALSE,FALSE,FALSE,1,0,FALSE,insufficient_data
1,2,,-65.56,0.8,3.01,0.04,0.05,0,0,0,0,0,0,0,0,0,0,FALSE,FALSE,FALSE,FALSE,FALSE,FALSE,1,0,FALSE,insufficient_data
1,2,,-65.58,0.8,3.01,0.05,0.0625,0,0,0,0,0,0,0,0,0,0,FALSE,FALSE,FALSE,FALSE,FALSE,FALSE,1,0,FALSE,insufficient_data
1,2,,-65.6,0.8,3.01,0.03,0.0375,0,0,0,0,0,0,0,0,0,0,FALSE,FALSE,FALSE,FALSE,FALSE,FALSE,1,0,FALSE,insufficient_data
1,2,,-65.62,0.8,3.01,0.02,0.025,0,0,0,0,0,0,0,0,0,0,FALSE,FALSE,FALSE,FALSE,FALSE,FALSE,1,0,FALSE,insufficient_data
1,2,,-65.64,0.8,3.01,0.04,0.05,0,0.173077,0.1875,93.75,93.75,-41.658656,0,0.173077,0,0,FALSE,FALSE,FALSE,TRUE,FALSE,FALSE,1,0.2,FALSE,hit_r2_drag (Rý=0.1731)
1,2,,-65.66,0.8,3.01,0.02,0.025,0.099617,0.367647,0.3125,-125,-125,244.547735,312.5,0.367647,0.099617,0,FALSE,FALSE,FALSE,TRUE,TRUE,FALSE,1,0.4,FALSE,hit_r2_drag (Rý=0.3676); hit_r2_cv (Rý=0.0996)
1,2,,-65.68,0.8,3.01,0.02,0.025,0.164951,0.125,0.125,62.5,62.5,-344.744543,-468.75,0.125,0.164951,0,FALSE,FALSE,FALSE,TRUE,TRUE,TRUE,1,0.6,FALSE,hit_r2_drag (Rý=0.1250); hit_r2_cv (Rý=0.1650); hit_r2_slope (Rý=0.0000)
1,2,,-65.7,0.8,3.01,0.02,0.025,0.206428,0.125,0.125,0,0,205.958028,0,0.125,0.206428,0.75,FALSE,FALSE,FALSE,TRUE,TRUE,TRUE,1,0.6,FALSE,hit_r2_drag (Rý=0.1250); hit_r2_cv (Rý=0.2064); hit_r2_slope (Rý=0.7500)
1,2,,-65.72,0.8,3.01,0.03,0.0375,0.008266,0.125,0.125,31.25,31.25,-128.205128,0,0.125,0.008266,0.74843,FALSE,FALSE,FALSE,TRUE,TRUE,TRUE,1,0.6,FALSE,hit_r2_drag (Rý=0.1250); hit_r2_cv (Rý=0.0083); hit_r2_slope (Rý=0.7484)
1,2,,-65.74,0.8,3.01,0.02,0.025,0.689624,0.125,-0.0625,-62.5,-62.5,-250.582751,-468.75,0.125,0.689624,0.5,FALSE,FALSE,FALSE,TRUE,TRUE,TRUE,1,0.6,FALSE,hit_r2_drag (Rý=0.1250); hit_r2_cv (Rý=0.6896); hit_r2_slope (Rý=0.5000)
1,2,,-65.76,0.8,3.01,0.03,0.0375,0.679827,0.333333,-0.125,62.5,62.5,370.450223,-156.25,0.333333,0.679827,0.864286,FALSE,FALSE,FALSE,TRUE,TRUE,TRUE,1,0.6,FALSE,hit_r2_drag (Rý=0.3333); hit_r2_cv (Rý=0.6798); hit_r2_slope (Rý=0.8643)
1,2,,-65.78,0.8,3,0.05,0.0625,0.006077,0.6,-0.375,31.25,31.25,346.795658,-625,0.6,0.006077,0.703488,FALSE,FALSE,FALSE,TRUE,TRUE,TRUE,1,0.6,FALSE,hit_r2_drag (Rý=0.6000); hit_r2_cv (Rý=0.0061); hit_r2_slope (Rý=0.7035)
1,2,,-65.8,0.8,3.01,0.05,0.0625,0.20972,0.680556,-0.4375,-62.5,-62.5,-482.098162,-156.25,0.680556,0.20972,0.844828,FALSE,FALSE,FALSE,TRUE,TRUE,TRUE,1,0.6,FALSE,hit_r2_drag (Rý=0.6806); hit_r2_cv (Rý=0.2097); hit_r2_slope (Rý=0.8448)
1,2,,-65.82,0.8,3.01,0.04,0.05,0.54929,0.529412,-0.375,-31.25,-31.25,13.434775,156.25,0.529412,0.54929,0.083333,FALSE,FALSE,FALSE,TRUE,TRUE,TRUE,1,0.6,FALSE,hit_r2_drag (Rý=0.5294); hit_r2_cv (Rý=0.5493); hit_r2_slope (Rý=0.0833)
1,2,,-65.84,0.8,3.01,0.04,0.05,0.045087,0.035714,-0.0625,31.25,31.25,-255.692288,781.25,0.035714,0.045087,0.670635,FALSE,FALSE,FALSE,TRUE,TRUE,TRUE,1,0.6,FALSE,hit_r2_drag (Rý=0.0357); hit_r2_cv (Rý=0.0451); hit_r2_slope (Rý=0.6706)
1,2,,-65.86,0.8,3.01,0.02,0.025,0.554653,0.816667,0.4375,-62.5,-62.5,561.012903,1250,0.816667,0.554653,0.84894,FALSE,FALSE,FALSE,TRUE,TRUE,TRUE,1,0.6,FALSE,hit_r2_drag (Rý=0.8167); hit_r2_cv (Rý=0.5547); hit_r2_slope (Rý=0.8489)
1,2,,-65.88,0.8,3.01,0.04,0.05,0.242443,0.333333,0.25,125,125,-279.268427,-468.75,0.333333,0.242443,0.5,FALSE,FALSE,FALSE,TRUE,TRUE,TRUE,1,0.6,FALSE,hit_r2_drag (Rý=0.3333); hit_r2_cv (Rý=0.2424); hit_r2_slope (Rý=0.5000)
1,2,,-65.9,0.8,3.01,0.03,0.0375,0.04367,0.125,0.125,-93.75,-93.75,-16.316637,-312.5,0.125,0.04367,0.898936,FALSE,FALSE,FALSE,TRUE,TRUE,TRUE,1,0.6,FALSE,hit_r2_drag (Rý=0.1250); hit_r2_cv (Rý=0.0437); hit_r2_slope (Rý=0.8989)
1,2,,-65.92,0.8,3.01,0.02,0.025,0.48768,0.225,0.1875,0,0,213.487968,156.25,0.225,0.48768,0.4,FALSE,FALSE,FALSE,TRUE,TRUE,TRUE,1,0.6,FALSE,hit_r2_drag (Rý=0.2250); hit_r2_cv (Rý=0.4877); hit_r2_slope (Rý=0.4000)
1,2,,-65.94,0.8,3.01,0.02,0.025,0.33536,0.125,0.125,31.25,31.25,-133.245922,-156.25,0.125,0.33536,0.083333,FALSE,FALSE,FALSE,TRUE,TRUE,TRUE,1,0.6,FALSE,hit_r2_drag (Rý=0.1250); hit_r2_cv (Rý=0.3354); hit_r2_slope (Rý=0.0833)
1,2,,-65.96,0.8,3.01,0.02,0.025,0.681887,0.78125,0.3125,0,0,-23.874777,468.75,0.78125,0.681887,0.15,FALSE,FALSE,FALSE,TRUE,TRUE,TRUE,1,0.6,FALSE,hit_r2_drag (Rý=0.7813); hit_r2_cv (Rý=0.6819); hit_r2_slope (Rý=0.1500)
1,2,,-65.98,0.8,3.01,4.49,5.6125,0.533773,0.49832,-55.75,13968.75,13968.75,4107.964092,-140156.25,0.49832,0.533773,0.496649,TRUE,TRUE,TRUE,TRUE,TRUE,TRUE,1,1,TRUE,hit_2nd_deriv_drag (13968.7500); hit_2nd_deriv_cv (4107.9641); hit_2nd_deriv_slope (-140156.2500); hit_r2_drag (Rý=0.4983); hit_r2_cv (Rý=0.5338); hit_r2_slope (Rý=0.4966)
1,2,,-66,0.8,3.01,7.75,9.6875,0.570813,0.794954,-124.5625,-3781.25,-3781.25,-5772.561415,-172031.25,0.794954,0.570813,0.878466,TRUE,TRUE,TRUE,TRUE,TRUE,TRUE,1,1,TRUE,hit_2nd_deriv_drag (-3781.2500); hit_2nd_deriv_cv (-5772.5614); hit_2nd_deriv_slope (-172031.2500); hit_r2_drag (Rý=0.7950); hit_r2_cv (Rý=0.5708); hit_r2_slope (Rý=0.8785)
1,2,,-66.02,0.8,3,7.76,9.7,0.224947,0.896038,-145.0625,-10156.25,-10156.25,614.913707,-51250,0.896038,0.224947,0.856667,TRUE,FALSE,TRUE,TRUE,TRUE,TRUE,1,1,TRUE,hit_2nd_deriv_drag (-10156.2500); hit_2nd_deriv_slope (-51250.0000); hit_r2_drag (Rý=0.8960); hit_r2_cv (Rý=0.2249); hit_r2_slope (Rý=0.8567)
1,3,,-65.5,0.8,0,0.1,0.125,0,0,0,0,0,0,0,0,0,0,FALSE,FALSE,FALSE,FALSE,FALSE,FALSE,1,0,FALSE,insufficient_data
1,3,,-65.52,0.8,0,0.07,0.0875,0,0,0,0,0,0,0,0,0,0,FALSE,FALSE,FALSE,FALSE,FALSE,FALSE,1,0,FALSE,insufficient_data
1,3,,-65.54,0.8,0,0.09,0.1125,0,0,0,0,0,0,0,0,0,0,FALSE,FALSE,FALSE,FALSE,FALSE,FALSE,1,0,FALSE,insufficient_data
1,3,,-65.56,0.8,0,0.09,0.1125,0,0,0,0,0,0,0,0,0,0,FALSE,FALSE,FALSE,FALSE,FALSE,FALSE,1,0,FALSE,insufficient_data
1,3,,-65.58,0.8,0,0.09,0.1125,0,0,0,0,0,0,0,0,0,0,FALSE,FALSE,FALSE,FALSE,FALSE,FALSE,1,0,FALSE,insufficient_data
1,3,,-65.6,0.8,0,0.07,0.0875,0,0,0,0,0,0,0,0,0,0,FALSE,FALSE,FALSE,FALSE,FALSE,FALSE,1,0,FALSE,insufficient_data
1,3,,-65.62,0.8,0,0.06,0.075,0,0,0,0,0,0,0,0,0,0,FALSE,FALSE,FALSE,FALSE,FALSE,FALSE,1,0,FALSE,insufficient_data
1,3,,-65.64,0.8,0,0.05,0.0625,0,0.945312,0.6875,0,0,63.704402,0,0.945312,0,0,FALSE,FALSE,FALSE,TRUE,FALSE,FALSE,1,0.2,FALSE,hit_r2_drag (Rý=0.9453)
1,3,,-65.66,0.8,0,0.06,0.075,0.855888,0.695652,0.5,62.5,62.5,-202.013526,-468.75,0.695652,0.855888,0,FALSE,FALSE,FALSE,TRUE,TRUE,FALSE,1,0.4,FALSE,hit_r2_drag (Rý=0.6957); hit_r2_cv (Rý=0.8559)
1,3,,-65.68,0.8,0,0.06,0.075,0.003516,0.2,0.125,-31.25,-31.25,-208.547061,-937.5,0.2,0.003516,0.816667,FALSE,FALSE,FALSE,TRUE,TRUE,TRUE,1,0.6,FALSE,hit_r2_drag (Rý=0.2000); hit_r2_cv (Rý=0.0035); hit_r2_slope (Rý=0.8167)
1,3,,-65.7,0.8,0,0.06,0.075,0.515358,0.125,-0.0625,0,0,159.180394,-468.75,0.125,0.515358,0.888889,FALSE,FALSE,FALSE,TRUE,TRUE,TRUE,1,0.6,FALSE,hit_r2_drag (Rý=0.1250); hit_r2_cv (Rý=0.5154); hit_r2_slope (Rý=0.8889)
1,3,,-65.72,0.8,0,0.07,0.0875,0.741479,0.8,-0.25,31.25,31.25,182.21869,-468.75,0.8,0.741479,0.892857,FALSE,FALSE,FALSE,TRUE,TRUE,TRUE,1,0.6,FALSE,hit_r2_drag (Rý=0.8000); hit_r2_cv (Rý=0.7415); hit_r2_slope (Rý=0.8929)
1,3,,-65.74,0.8,0,0.07,0.0875,0.557207,0.75,-0.1875,-31.25,-31.25,-163.266097,156.25,0.75,0.557207,0.532609,FALSE,FALSE,FALSE,TRUE,TRUE,TRUE,1,0.6,FALSE,hit_r2_drag (Rý=0.7500); hit_r2_cv (Rý=0.5572); hit_r2_slope (Rý=0.5326)
1,3,,-65.76,0.8,0,0.08,0.1,0.01965,0.892857,-0.3125,31.25,31.25,155.912233,-312.5,0.892857,0.01965,0.035714,FALSE,FALSE,FALSE,TRUE,TRUE,TRUE,1,0.6,FALSE,hit_r2_drag (Rý=0.8929); hit_r2_cv (Rý=0.0196); hit_r2_slope (Rý=0.0357)
1,3,,-65.78,0.8,0,0.09,0.1125,0.659265,0.942308,-0.4375,0,0,-14.349002,-312.5,0.942308,0.659265,0.892857,FALSE,FALSE,FALSE,TRUE,TRUE,TRUE,1,0.6,FALSE,hit_r2_drag (Rý=0.9423); hit_r2_cv (Rý=0.6593); hit_r2_slope (Rý=0.8929)
1,3,,-65.8,0.8,0,0.08,0.1,0.089853,0.571429,-0.25,-62.5,-62.5,-174.084992,468.75,0.571429,0.089853,0,FALSE,FALSE,FALSE,TRUE,TRUE,TRUE,1,0.6,FALSE,hit_r2_drag (Rý=0.5714); hit_r2_cv (Rý=0.0899); hit_r2_slope (Rý=0.0000)
1,3,,-65.82,0.8,0,0.07,0.0875,0.029554,0,0,0,0,104.678513,625,0,0.029554,0.870482,FALSE,FALSE,FALSE,TRUE,TRUE,TRUE,1,0.6,FALSE,hit_r2_drag (Rý=0.0000); hit_r2_cv (Rý=0.0296); hit_r2_slope (Rý=0.8705)
1,3,,-65.84,0.8,0,1.39,1.7375,0.48496,0.492324,-16.25,4156.25,4156.25,3590.838519,-40625,0.492324,0.48496,0.484471,TRUE,TRUE,TRUE,TRUE,TRUE,TRUE,1,1,TRUE,hit_2nd_deriv_drag (4156.2500); hit_2nd_deriv_cv (3590.8385); hit_2nd_deriv_slope (-40625.0000); hit_r2_drag (Rý=0.4923); hit_r2_cv (Rý=0.4850); hit_r2_slope (Rý=0.4845)
1,3,,-65.86,0.8,0,3.12,3.9,0.669757,0.757199,-46.0625,1281.25,1281.25,-4269.470866,-74531.25,0.757199,0.669757,0.829772,TRUE,TRUE,TRUE,TRUE,TRUE,TRUE,1,1,TRUE,hit_2nd_deriv_drag (1281.2500); hit_2nd_deriv_cv (-4269.4709); hit_2nd_deriv_slope (-74531.2500); hit_r2_drag (Rý=0.7572); hit_r2_cv (Rý=0.6698); hit_r2_slope (Rý=0.8298)
1,3,,-65.88,0.8,0,3.37,4.2125,0.432421,0.914699,-60.1875,-4625,-4625,-256.775592,-35312.5,0.914699,0.432421,0.886118,TRUE,FALSE,TRUE,TRUE,TRUE,TRUE,1,1,TRUE,hit_2nd_deriv_drag (-4625.0000); hit_2nd_deriv_slope (-35312.5000); hit_r2_drag (Rý=0.9147); hit_r2_cv (Rý=0.4324); hit_r2_slope (Rý=0.8861)
1,4,,-65.5,0.8,3.01,0.05,0.0625,0,0,0,0,0,0,0,0,0,0,FALSE,FALSE,FALSE,FALSE,FALSE,FALSE,1,0,FALSE,insufficient_data
1,4,,-65.52,0.8,3.01,0,0,0,0,0,0,0,0,0,0,0,0,FALSE,FALSE,FALSE,FALSE,FALSE,FALSE,1,0,FALSE,insufficient_data
1,4,,-65.54,0.8,3.01,0,0,0,0,0,0,0,0,0,0,0,0,FALSE,FALSE,FALSE,FALSE,FALSE,FALSE,1,0,FALSE,insufficient_data
1,4,,-65.56,0.8,3.01,0.01,0.0125,0,0,0,0,0,0,0,0,0,0,FALSE,FALSE,FALSE,FALSE,FALSE,FALSE,1,0,FALSE,insufficient_data
1,4,,-65.58,0.8,3.01,0.01,0.0125,0,0,0,0,0,0,0,0,0,0,FALSE,FALSE,FALSE,FALSE,FALSE,FALSE,1,0,FALSE,insufficient_data
1,4,,-65.6,0.8,3.01,0.01,0.0125,0,0,0,0,0,0,0,0,0,0,FALSE,FALSE,FALSE,FALSE,FALSE,FALSE,1,0,FALSE,insufficient_data
1,4,,-65.62,0.8,3.01,0.01,0.0125,0,0,0,0,0,0,0,0,0,0,FALSE,FALSE,FALSE,FALSE,FALSE,FALSE,1,0,FALSE,insufficient_data
1,4,,-65.64,0.8,3.01,0.01,0.0125,0,0,0,0,0,-458.758548,0,0,0,0,FALSE,FALSE,FALSE,TRUE,FALSE,FALSE,1,0.2,FALSE,hit_r2_drag (Rý=0.0000)
1,4,,-65.66,0.8,3.01,0.02,0.025,0.77348,0.5,-0.125,31.25,31.25,2083.333333,-312.5,0.5,0.77348,0,FALSE,FALSE,FALSE,TRUE,TRUE,FALSE,1,0.4,FALSE,hit_r2_drag (Rý=0.5000); hit_r2_cv (Rý=0.7735)
1,4,,-65.68,0.8,3.01,0.01,0.0125,0.364368,0.125,-0.0625,-62.5,-62.5,-833.333333,156.25,0.125,0.364368,0.4,FALSE,FALSE,FALSE,TRUE,TRUE,TRUE,1,0.6,FALSE,hit_r2_drag (Rý=0.1250); hit_r2_cv (Rý=0.3644); hit_r2_slope (Rý=0.4000)
1,4,,-65.7,0.8,3.01,0.01,0.0125,0,0,0,31.25,31.25,0,156.25,0,0,0.892857,FALSE,FALSE,FALSE,TRUE,TRUE,TRUE,1,0.6,FALSE,hit_r2_drag (Rý=0.0000); hit_r2_cv (Rý=0.0000); hit_r2_slope (Rý=0.8929)
1,4,,-65.72,0.8,3.01,0,0,0.798598,0.45,0.1875,-31.25,-31.25,747.805497,468.75,0.45,0.798598,0.75,FALSE,FALSE,FALSE,TRUE,TRUE,TRUE,1,0.6,FALSE,hit_r2_drag (Rý=0.4500); hit_r2_cv (Rý=0.7986); hit_r2_slope (Rý=0.7500)
1,4,,-65.74,0.8,3.01,0.01,0.0125,0.75,0.45,0.1875,62.5,62.5,-747.805497,0,0.45,0.75,0.75,FALSE,FALSE,FALSE,TRUE,TRUE,TRUE,1,0.6,FALSE,hit_r2_drag (Rý=0.4500); hit_r2_cv (Rý=0.7500); hit_r2_slope (Rý=0.7500)
1,4,,-65.76,0.8,3.01,0.01,0.0125,0.44589,0,0,-31.25,-31.25,-331.13883,-468.75,0,0.44589,0.5,FALSE,FALSE,FALSE,TRUE,TRUE,TRUE,1,0.6,FALSE,hit_r2_drag (Rý=0.0000); hit_r2_cv (Rý=0.4459); hit_r2_slope (Rý=0.5000)
1,4,,-65.78,0.8,3.01,0.01,0.0125,0.06622,0.125,-0.0625,0,0,331.13883,-156.25,0.125,0.06622,0.864286,FALSE,FALSE,FALSE,TRUE,TRUE,TRUE,1,0.6,FALSE,hit_r2_drag (Rý=0.1250); hit_r2_cv (Rý=0.0662); hit_r2_slope (Rý=0.8643)
1,4,,-65.8,0.8,3.01,0.01,0.0125,0.75,0.5,-0.125,0,0,0,-156.25,0.5,0.75,0.892857,FALSE,FALSE,FALSE,TRUE,TRUE,TRUE,1,0.6,FALSE,hit_r2_drag (Rý=0.5000); hit_r2_cv (Rý=0.7500); hit_r2_slope (Rý=0.8929)
1,4,,-65.82,0.8,3.01,0.02,0.025,0.79377,0.5,-0.125,31.25,31.25,-416.666667,0,0.5,0.79377,0.75,FALSE,FALSE,FALSE,TRUE,TRUE,TRUE,1,0.6,FALSE,hit_r2_drag (Rý=0.5000); hit_r2_cv (Rý=0.7938); hit_r2_slope (Rý=0.7500)
1,4,,-65.84,0.8,3.01,0.02,0.025,0.720737,0.75,-0.1875,-31.25,-31.25,458.151099,-156.25,0.75,0.720737,0.5,FALSE,FALSE,FALSE,TRUE,TRUE,TRUE,1,0.6,FALSE,hit_r2_drag (Rý=0.7500); hit_r2_cv (Rý=0.7207); hit_r2_slope (Rý=0.5000)
1,4,,-65.86,0.8,3.01,0.01,0.0125,0.693247,0.083333,-0.0625,-31.25,-31.25,-41.484432,312.5,0.083333,0.693247,0.035714,FALSE,FALSE,FALSE,TRUE,TRUE,TRUE,1,0.6,FALSE,hit_r2_drag (Rý=0.0833); hit_r2_cv (Rý=0.6932); hit_r2_slope (Rý=0.0357)
1,4,,-65.88,0.8,3.01,0.02,0.025,0.59596,0.083333,-0.0625,62.5,62.5,-109.352221,0,0.083333,0.59596,0.75,FALSE,FALSE,FALSE,TRUE,TRUE,TRUE,1,0.6,FALSE,hit_r2_drag (Rý=0.0833); hit_r2_cv (Rý=0.5960); hit_r2_slope (Rý=0.7500)
1,4,,-65.9,0.8,3.01,2.5,3.125,0.487028,0.498986,-31,7718.75,7718.75,4173.689949,-77343.75,0.498986,0.487028,0.5,TRUE,FALSE,TRUE,TRUE,TRUE,TRUE,1,1,TRUE,hit_2nd_deriv_drag (7718.7500); hit_2nd_deriv_slope (-77343.7500); hit_r2_drag (Rý=0.4990); hit_r2_cv (Rý=0.4870); hit_r2_slope (Rý=0.5000)
1,4,,-65.92,0.8,3.01,5.62,7.025,0.580685,0.765416,-85.5625,2000,2000,-5508.369694,-136406.25,0.765416,0.580685,0.835522,TRUE,FALSE,TRUE,TRUE,TRUE,TRUE,1,1,TRUE,hit_2nd_deriv_drag (2000.0000); hit_2nd_deriv_slope (-136406.2500); hit_r2_drag (Rý=0.7654); hit_r2_cv (Rý=0.5807); hit_r2_slope (Rý=0.8355)
1,4,,-65.94,0.8,3.01,5.99,7.4875,0.251183,0.914261,-109.75,-8593.75,-8593.75,354.224124,-60468.75,0.914261,0.251183,0.882416,TRUE,FALSE,TRUE,TRUE,TRUE,TRUE,1,1,TRUE,hit_2nd_deriv_drag (-8593.7500); hit_2nd_deriv_slope (-60468.7500); hit_r2_drag (Rý=0.9143); hit_r2_cv (Rý=0.2512); hit_r2_slope (Rý=0.8824)
1,5,,-65.5,0.8,3.01,0.07,0.0875,0,0,0,0,0,0,0,0,0,0,FALSE,FALSE,FALSE,FALSE,FALSE,FALSE,1,0,FALSE,insufficient_data
1,5,,-65.52,0.8,3.01,0.02,0.025,0,0,0,0,0,0,0,0,0,0,FALSE,FALSE,FALSE,FALSE,FALSE,FALSE,1,0,FALSE,insufficient_data
1,5,,-65.54,0.8,3.01,0.02,0.025,0,0,0,0,0,0,0,0,0,0,FALSE,FALSE,FALSE,FALSE,FALSE,FALSE,1,0,FALSE,insufficient_data
1,5,,-65.56,0.8,3.01,0.03,0.0375,0,0,0,0,0,0,0,0,0,0,FALSE,FALSE,FALSE,FALSE,FALSE,FALSE,1,0,FALSE,insufficient_data
1,5,,-65.58,0.8,3.01,0.04,0.05,0,0,0,0,0,0,0,0,0,0,FALSE,FALSE,FALSE,FALSE,FALSE,FALSE,1,0,FALSE,insufficient_data
1,5,,-65.6,0.8,3.01,0.03,0.0375,0,0,0,0,0,0,0,0,0,0,FALSE,FALSE,FALSE,FALSE,FALSE,FALSE,1,0,FALSE,insufficient_data
1,5,,-65.62,0.8,3.01,0.03,0.0375,0,0,0,0,0,0,0,0,0,0,FALSE,FALSE,FALSE,FALSE,FALSE,FALSE,1,0,FALSE,insufficient_data
1,5,,-65.64,0.8,3.01,0.03,0.0375,0,0.125,0.0625,0,0,-73.439449,0,0.125,0,0,FALSE,FALSE,FALSE,TRUE,FALSE,FALSE,1,0.2,FALSE,hit_r2_drag (Rý=0.1250)
1,5,,-65.66,0.8,3.01,0.01,0.0125,0.253306,0.75,0.375,-62.5,-62.5,776.864042,781.25,0.75,0.253306,0,FALSE,FALSE,FALSE,TRUE,TRUE,FALSE,1,0.4,FALSE,hit_r2_drag (Rý=0.7500); hit_r2_cv (Rý=0.2533)
1,5,,-65.68,0.8,3.01,0.01,0.0125,0.400822,0.75,0.375,62.5,62.5,-323.731102,0,0.75,0.400822,0.75,FALSE,FALSE,FALSE,TRUE,TRUE,TRUE,1,0.6,FALSE,hit_r2_drag (Rý=0.7500); hit_r2_cv (Rý=0.4008); hit_r2_slope (Rý=0.7500)
1,5,,-65.7,0.8,3.01,0.01,0.0125,0.842325,0.75,0.375,0,0,8.836543,0,0.75,0.842325,0.007219,FALSE,FALSE,FALSE,TRUE,TRUE,TRUE,1,0.6,FALSE,hit_r2_drag (Rý=0.7500); hit_r2_cv (Rý=0.8423); hit_r2_slope (Rý=0.0072)
1,5,,-65.72,0.8,3.01,0.02,0.025,0.805173,0.125,0.125,31.25,31.25,-358.250841,-625,0.125,0.805173,0.5,FALSE,FALSE,FALSE,TRUE,TRUE,TRUE,1,0.6,FALSE,hit_r2_drag (Rý=0.1250); hit_r2_cv (Rý=0.8052); hit_r2_slope (Rý=0.5000)
1,5,,-65.74,0.8,3,0.03,0.0375,0.563737,0.78125,-0.3125,0,0,110.827635,-1093.75,0.78125,0.563737,0.836634,FALSE,FALSE,FALSE,TRUE,TRUE,TRUE,1,0.6,FALSE,hit_r2_drag (Rý=0.7812); hit_r2_cv (Rý=0.5637); hit_r2_slope (Rý=0.8366)
1,5,,-65.76,0.8,3.01,0.01,0.0125,0.085568,0.125,-0.125,-93.75,-93.75,0,468.75,0.125,0.085568,0.457317,FALSE,FALSE,FALSE,TRUE,TRUE,TRUE,1,0.6,FALSE,hit_r2_drag (Rý=0.1250); hit_r2_cv (Rý=0.0856); hit_r2_slope (Rý=0.4573)
1,5,,-65.78,0.8,3.01,0.03,0.0375,0.796378,0.225,-0.1875,125,125,-131.966011,-156.25,0.225,0.796378,0.532609,FALSE,FALSE,FALSE,TRUE,TRUE,TRUE,1,0.6,FALSE,hit_r2_drag (Rý=0.2250); hit_r2_cv (Rý=0.7964); hit_r2_slope (Rý=0.5326)
1,5,,-65.8,0.8,3.01,0.03,0.0375,0.712243,0.125,-0.125,-62.5,-62.5,-152.734644,156.25,0.125,0.712243,0.083333,FALSE,FALSE,FALSE,TRUE,TRUE,TRUE,1,0.6,FALSE,hit_r2_drag (Rý=0.1250); hit_r2_cv (Rý=0.7122); hit_r2_slope (Rý=0.0833)
1,5,,-65.82,0.8,3,0.04,0.05,0.845408,0.333333,-0.25,31.25,31.25,326.185087,-312.5,0.333333,0.845408,0.035714,FALSE,FALSE,FALSE,TRUE,TRUE,TRUE,1,0.6,FALSE,hit_r2_drag (Rý=0.3333); hit_r2_cv (Rý=0.8454); hit_r2_slope (Rý=0.0357)
1,5,,-65.84,0.8,3.01,0.03,0.0375,0.730878,0.520833,-0.3125,-62.5,-62.5,-41.484432,-156.25,0.520833,0.730878,0.888889,FALSE,FALSE,FALSE,TRUE,TRUE,TRUE,1,0.6,FALSE,hit_r2_drag (Rý=0.5208); hit_r2_cv (Rý=0.7309); hit_r2_slope (Rý=0.8889)
1,5,,-65.86,0.8,3.01,0.03,0.0375,0.701734,0,0,31.25,31.25,-562.317765,781.25,0,0.701734,0.284884,FALSE,FALSE,FALSE,TRUE,TRUE,TRUE,1,0.6,FALSE,hit_r2_drag (Rý=0.0000); hit_r2_cv (Rý=0.7017); hit_r2_slope (Rý=0.2849)
1,5,,-65.88,0.8,3,0.03,0.0375,0.710402,0.125,0.0625,0,0,562.317765,156.25,0.125,0.710402,0.83046,FALSE,FALSE,FALSE,TRUE,TRUE,TRUE,1,0.6,FALSE,hit_r2_drag (Rý=0.1250); hit_r2_cv (Rý=0.7104); hit_r2_slope (Rý=0.8305)
1,5,,-65.9,0.8,3.01,3.66,4.575,0.36661,0.497931,-45.25,11343.75,11343.75,4473.1371,-113281.25,0.497931,0.36661,0.49862,TRUE,TRUE,TRUE,TRUE,TRUE,TRUE,1,1,TRUE,hit_2nd_deriv_drag (11343.7500); hit_2nd_deriv_cv (4473.1371); hit_2nd_deriv_slope (-113281.2500); hit_r2_drag (Rý=0.4979); hit_r2_cv (Rý=0.3666); hit_r2_slope (Rý=0.4986)
1,5,,-65.92,0.8,3.01,8.03,10.0375,0.538963,0.768744,-122.6875,2312.5,2312.5,-5899.007156,-193593.75,0.768744,0.538963,0.839988,TRUE,TRUE,TRUE,TRUE,TRUE,TRUE,1,1,TRUE,hit_2nd_deriv_drag (2312.5000); hit_2nd_deriv_cv (-5899.0072); hit_2nd_deriv_slope (-193593.7500); hit_r2_drag (Rý=0.7687); hit_r2_cv (Rý=0.5390); hit_r2_slope (Rý=0.8400)
1,5,,-65.94,0.8,3.01,9.11,11.3875,0.325689,0.926764,-163.5,-10281.25,-10281.25,368.943431,-102031.25,0.926764,0.325689,0.891372,TRUE,FALSE,TRUE,TRUE,TRUE,TRUE,1,1,TRUE,hit_2nd_deriv_drag (-10281.2500); hit_2nd_deriv_slope (-102031.2500); hit_r2_drag (Rý=0.9268); hit_r2_cv (Rý=0.3257); hit_r2_slope (Rý=0.8914)
1,6,,-65.5,0.8,3.01,0.08,0.1,0,0,0,0,0,0,0,0,0,0,FALSE,FALSE,FALSE,FALSE,FALSE,FALSE,1,0,FALSE,insufficient_data
1,6,,-65.52,0.8,3,0.05,0.0625,0,0,0,0,0,0,0,0,0,0,FALSE,FALSE,FALSE,FALSE,FALSE,FALSE,1,0,FALSE,insufficient_data
1,6,,-65.54,0.8,3.01,0.04,0.05,0,0,0,0,0,0,0,0,0,0,FALSE,FALSE,FALSE,FALSE,FALSE,FALSE,1,0,FALSE,insufficient_data
1,6,,-65.56,0.8,3.01,0.03,0.0375,0,0,0,0,0,0,0,0,0,0,FALSE,FALSE,FALSE,FALSE,FALSE,FALSE,1,0,FALSE,insufficient_data
1,6,,-65.58,0.8,3.01,0.06,0.075,0,0,0,0,0,0,0,0,0,0,FALSE,FALSE,FALSE,FALSE,FALSE,FALSE,1,0,FALSE,insufficient_data
1,6,,-65.6,0.8,3.01,0.05,0.0625,0,0,0,0,0,0,0,0,0,0,FALSE,FALSE,FALSE,FALSE,FALSE,FALSE,1,0,FALSE,insufficient_data
1,6,,-65.62,0.8,3.01,0.04,0.05,0,0,0,0,0,0,0,0,0,0,FALSE,FALSE,FALSE,FALSE,FALSE,FALSE,1,0,FALSE,insufficient_data
1,6,,-65.64,0.8,3.01,0.04,0.05,0,0,0,31.25,31.25,-25.192784,0,0,0,0,FALSE,FALSE,FALSE,TRUE,FALSE,FALSE,1,0.2,FALSE,hit_r2_drag (Rý=-0.0000)
1,6,,-65.66,0.8,3.01,0.04,0.05,0.706047,0.78125,0.3125,0,0,-144.651427,781.25,0.78125,0.706047,0,FALSE,FALSE,FALSE,TRUE,TRUE,FALSE,1,0.4,FALSE,hit_r2_drag (Rý=0.7813); hit_r2_cv (Rý=0.7060)
1,6,,-65.68,0.8,3.01,0.02,0.025,0.00551,0.75,0.375,-62.5,-62.5,354.471382,156.25,0.75,0.00551,0.83046,FALSE,FALSE,FALSE,TRUE,TRUE,TRUE,1,0.6,FALSE,hit_r2_drag (Rý=0.7500); hit_r2_cv (Rý=0.0055); hit_r2_slope (Rý=0.8305)
1,6,,-65.7,0.8,3.01,0.04,0.05,0.001284,0.125,0.125,125,125,-298.866964,-625,0.125,0.001284,0.231481,FALSE,FALSE,FALSE,TRUE,TRUE,TRUE,1,0.6,FALSE,hit_r2_drag (Rý=0.1250); hit_r2_cv (Rý=0.0013); hit_r2_slope (Rý=0.2315)
1,6,,-65.72,0.8,3.01,0.03,0.0375,0.079682,0.125,0.125,-93.75,-93.75,121.726747,0,0.125,0.079682,0.75,FALSE,FALSE,FALSE,TRUE,TRUE,TRUE,1,0.6,FALSE,hit_r2_drag (Rý=0.1250); hit_r2_cv (Rý=0.0797); hit_r2_slope (Rý=0.7500)
1,6,,-65.74,0.8,3.01,0.04,0.05,0.256986,0.03125,-0.0625,62.5,62.5,-32.679739,-468.75,0.03125,0.256986,0.5,FALSE,FALSE,FALSE,TRUE,TRUE,TRUE,1,0.6,FALSE,hit_r2_drag (Rý=0.0312); hit_r2_cv (Rý=0.2570); hit_r2_slope (Rý=0.5000)
1,6,,-65.76,0.8,3.01,0.05,0.0625,0.176153,0.692308,-0.375,0,0,119.961861,-781.25,0.692308,0.176153,0.843458,FALSE,FALSE,FALSE,TRUE,TRUE,TRUE,1,0.6,FALSE,hit_r2_drag (Rý=0.6923); hit_r2_cv (Rý=0.1762); hit_r2_slope (Rý=0.8435)
1,6,,-65.78,0.8,3.01,0.04,0.05,0.079738,0.2,-0.125,-62.5,-62.5,-432.874308,625,0.2,0.079738,0.182836,FALSE,FALSE,FALSE,TRUE,TRUE,TRUE,1,0.6,FALSE,hit_r2_drag (Rý=0.2000); hit_r2_cv (Rý=0.0797); hit_r2_slope (Rý=0.1828)
1,6,,-65.8,0.8,3.01,0.04,0.05,0.448518,0.2,-0.125,31.25,31.25,312.912447,0,0.2,0.448518,0.75,FALSE,FALSE,FALSE,TRUE,TRUE,TRUE,1,0.6,FALSE,hit_r2_drag (Rý=0.2000); hit_r2_cv (Rý=0.4485); hit_r2_slope (Rý=0.7500)
1,6,,-65.82,0.8,3.01,0.04,0.05,0.757396,0.125,0.0625,0,0,-157.189469,468.75,0.125,0.757396,0.5,FALSE,FALSE,FALSE,TRUE,TRUE,TRUE,1,0.6,FALSE,hit_r2_drag (Rý=0.1250); hit_r2_cv (Rý=0.7574); hit_r2_slope (Rý=0.5000)
1,6,,-65.84,0.8,3.01,0.02,0.025,0.053215,0.75,0.375,-62.5,-62.5,563.696795,781.25,0.75,0.053215,0.843458,FALSE,FALSE,FALSE,TRUE,TRUE,TRUE,1,0.6,FALSE,hit_r2_drag (Rý=0.7500); hit_r2_cv (Rý=0.0532); hit_r2_slope (Rý=0.8435)
1,6,,-65.86,0.8,3.01,0.03,0.0375,0.374155,0.5,0.25,93.75,93.75,-462.874596,-312.5,0.5,0.374155,0.480159,FALSE,FALSE,FALSE,TRUE,TRUE,TRUE,1,0.6,FALSE,hit_r2_drag (Rý=0.5000); hit_r2_cv (Rý=0.3742); hit_r2_slope (Rý=0.4802)
1,6,,-65.88,0.8,3.01,0.03,0.0375,0.462181,0.321429,0.1875,-31.25,-31.25,52.765942,-156.25,0.321429,0.462181,0.888889,FALSE,FALSE,FALSE,TRUE,TRUE,TRUE,1,0.6,FALSE,hit_r2_drag (Rý=0.3214); hit_r2_cv (Rý=0.4622); hit_r2_slope (Rý=0.8889)
1,6,,-65.9,0.8,3.01,0.03,0.0375,0.258388,0.05,0.0625,0,0,-53.986363,-312.5,0.05,0.258388,0.816667,FALSE,FALSE,FALSE,TRUE,TRUE,TRUE,1,0.6,FALSE,hit_r2_drag (Rý=0.0500); hit_r2_cv (Rý=0.2584); hit_r2_slope (Rý=0.8167)
1,6,,-65.92,0.8,3,0.04,0.05,0.904236,0.8,-0.25,31.25,31.25,57.58769,-781.25,0.8,0.904236,0.780488,FALSE,FALSE,FALSE,TRUE,TRUE,TRUE,1,0.6,FALSE,hit_r2_drag (Rý=0.8000); hit_r2_cv (Rý=0.9042); hit_r2_slope (Rý=0.7805)
1,6,,-65.94,0.8,3.01,0.03,0.0375,0.723721,0.125,-0.0625,-62.5,-62.5,-214.546277,468.75,0.125,0.723721,0.321429,FALSE,FALSE,FALSE,TRUE,TRUE,TRUE,1,0.6,FALSE,hit_r2_drag (Rý=0.1250); hit_r2_cv (Rý=0.7237); hit_r2_slope (Rý=0.3214)
1,6,,-65.96,0.8,3.01,0.03,0.0375,0.849595,0,0,31.25,31.25,214.546277,156.25,0,0.849595,0.864286,FALSE,FALSE,FALSE,TRUE,TRUE,TRUE,1,0.6,FALSE,hit_r2_drag (Rý=0.0000); hit_r2_cv (Rý=0.8496); hit_r2_slope (Rý=0.8643)
1,6,,-65.98,0.8,3.01,0.03,0.0375,0.75,0.125,0.0625,0,0,0,156.25,0.125,0.75,0.892857,FALSE,FALSE,FALSE,TRUE,TRUE,TRUE,1,0.6,FALSE,hit_r2_drag (Rý=0.1250); hit_r2_cv (Rý=0.7500); hit_r2_slope (Rý=0.8929)
1,6,,-66,0.8,3.01,1.59,1.9875,0.460933,0.495177,-19.375,4875,4875,4215.203767,-48593.75,0.495177,0.460933,0.496778,TRUE,TRUE,TRUE,TRUE,TRUE,TRUE,1,1,TRUE,hit_2nd_deriv_drag (4875.0000); hit_2nd_deriv_cv (4215.2038); hit_2nd_deriv_slope (-48593.7500); hit_r2_drag (Rý=0.4952); hit_r2_cv (Rý=0.4609); hit_r2_slope (Rý=0.4968)
1,6,,-66.02,0.8,3.01,5.95,7.4375,0.68887,0.682999,-83.75,8750,8750,-4986.306229,-160937.5,0.682999,0.68887,0.733635,TRUE,TRUE,TRUE,TRUE,TRUE,TRUE,1,1,TRUE,hit_2nd_deriv_drag (8750.0000); hit_2nd_deriv_cv (-4986.3062); hit_2nd_deriv_slope (-160937.5000); hit_r2_drag (Rý=0.6830); hit_r2_cv (Rý=0.6889); hit_r2_slope (Rý=0.7336)
1,6,,-66.04,0.8,3.01,7.03,8.7875,0.416831,0.890781,-124.5,-10250,-10250,-435.237718,-101875,0.890781,0.416831,0.897839,TRUE,FALSE,TRUE,TRUE,TRUE,TRUE,1,1,TRUE,hit_2nd_deriv_drag (-10250.0000); hit_2nd_deriv_slope (-101875.0000); hit_r2_drag (Rý=0.8908); hit_r2_cv (Rý=0.4168); hit_r2_slope (Rý=0.8978)
2,7,,-65.5,0.8,3,0.09,0.1125,0,0,0,0,0,0,0,0,0,0,FALSE,FALSE,FALSE,FALSE,FALSE,FALSE,1,0,FALSE,insufficient_data
2,7,,-65.52,0.8,3.01,0,0,0,0,0,0,0,0,0,0,0,0,FALSE,FALSE,FALSE,FALSE,FALSE,FALSE,1,0,FALSE,insufficient_data
2,7,,-65.54,0.8,3.01,0,0,0,0,0,0,0,0,0,0,0,0,FALSE,FALSE,FALSE,FALSE,FALSE,FALSE,1,0,FALSE,insufficient_data
2,7,,-65.56,0.8,3,0.01,0.0125,0,0,0,0,0,0,0,0,0,0,FALSE,FALSE,FALSE,FALSE,FALSE,FALSE,1,0,FALSE,insufficient_data
2,7,,-65.58,0.8,3.01,0,0,0,0,0,0,0,0,0,0,0,0,FALSE,FALSE,FALSE,FALSE,FALSE,FALSE,1,0,FALSE,insufficient_data
2,7,,-65.6,0.8,3.01,0,0,0,0,0,0,0,0,0,0,0,0,FALSE,FALSE,FALSE,FALSE,FALSE,FALSE,1,0,FALSE,insufficient_data
2,7,,-65.62,0.8,3.01,0,0,0,0,0,0,0,0,0,0,0,0,FALSE,FALSE,FALSE,FALSE,FALSE,FALSE,1,0,FALSE,insufficient_data
2,7,,-65.64,0.8,3.01,0.01,0.0125,0,0,0,31.25,31.25,-1938.137822,0,0,0,0,FALSE,FALSE,FALSE,TRUE,FALSE,FALSE,1,0.2,FALSE,hit_r2_drag (Rý=0.0000)
2,7,,-65.66,0.8,3.01,0,0,0.019447,0.125,-0.0625,-62.5,-62.5,3876.275643,-156.25,0.125,0.019447,0,FALSE,FALSE,FALSE,TRUE,TRUE,FALSE,1,0.4,FALSE,hit_r2_drag (Rý=0.1250); hit_r2_cv (Rý=0.0194)
2,7,,-65.68,0.8,3.01,0.01,0.0125,0.333333,0.333333,-0.125,62.5,62.5,-3876.275643,-156.25,0.333333,0.333333,0.892857,FALSE,FALSE,FALSE,TRUE,TRUE,TRUE,1,0.6,FALSE,hit_r2_drag (Rý=0.3333); hit_r2_cv (Rý=0.3333); hit_r2_slope (Rý=0.8929)
2,7,,-65.7,0.8,3.01,0.01,0.0125,0.505773,0.333333,-0.125,-31.25,-31.25,917.517095,0,0.333333,0.505773,0.75,FALSE,FALSE,FALSE,TRUE,TRUE,TRUE,1,0.6,FALSE,hit_r2_drag (Rý=0.3333); hit_r2_cv (Rý=0.5058); hit_r2_slope (Rý=0.7500)
2,7,,-65.72,0.8,3.01,0.02,0.025,0.505963,0.45,-0.1875,31.25,31.25,560.518104,-156.25,0.45,0.505963,0.5,FALSE,FALSE,FALSE,TRUE,TRUE,TRUE,1,0.6,FALSE,hit_r2_drag (Rý=0.4500); hit_r2_cv (Rý=0.5060); hit_r2_slope (Rý=0.5000)
2,7,,-65.74,0.8,3,0.01,0.0125,0.828939,0.45,-0.1875,-62.5,-62.5,460.102622,0,0.45,0.828939,0.75,FALSE,FALSE,FALSE,TRUE,TRUE,TRUE,1,0.6,FALSE,hit_r2_drag (Rý=0.4500); hit_r2_cv (Rý=0.8289); hit_r2_slope (Rý=0.7500)
2,7,,-65.76,0.8,3.01,0,0,0.709139,0.2,0.125,0,0,0,781.25,0.2,0.709139,0.5,FALSE,FALSE,FALSE,TRUE,TRUE,TRUE,1,0.6,FALSE,hit_r2_drag (Rý=0.2000); hit_r2_cv (Rý=0.7091); hit_r2_slope (Rý=0.5000)
2,7,,-65.78,0.8,3.01,0,0,0.072315,0.571429,0.25,31.25,31.25,757.397037,312.5,0.571429,0.072315,0.876214,FALSE,FALSE,FALSE,TRUE,TRUE,TRUE,1,0.6,FALSE,hit_r2_drag (Rý=0.5714); hit_r2_cv (Rý=0.0723); hit_r2_slope (Rý=0.8762)
2,7,,-65.8,0.8,3,0,0,0.761791,0.78125,0.3125,0,0,237.40043,156.25,0.78125,0.761791,0.888889,FALSE,FALSE,FALSE,TRUE,TRUE,TRUE,1,0.6,FALSE,hit_r2_drag (Rý=0.7813); hit_r2_cv (Rý=0.7618); hit_r2_slope (Rý=0.8889)
2,7,,-65.82,0.8,3,0.01,0.0125,0.837844,0,0,31.25,31.25,-1266.268621,-781.25,0,0.837844,0.284884,FALSE,FALSE,FALSE,TRUE,TRUE,TRUE,1,0.6,FALSE,hit_r2_drag (Rý=0.0000); hit_r2_cv (Rý=0.8378); hit_r2_slope (Rý=0.2849)
2,7,,-65.84,0.8,3.01,0,0,0.873375,0.125,-0.0625,-62.5,-62.5,2209.608976,-156.25,0.125,0.873375,0.83046,FALSE,FALSE,FALSE,TRUE,TRUE,TRUE,1,0.6,FALSE,hit_r2_drag (Rý=0.1250); hit_r2_cv (Rý=0.8734); hit_r2_slope (Rý=0.8305)
2,7,,-65.86,0.8,3.01,0.01,0.0125,0.247804,0.333333,-0.125,62.5,62.5,-3876.275643,-156.25,0.333333,0.247804,0.892857,FALSE,FALSE,FALSE,TRUE,TRUE,TRUE,1,0.6,FALSE,hit_r2_drag (Rý=0.3333); hit_r2_cv (Rý=0.2478); hit_r2_slope (Rý=0.8929)
2,7,,-65.88,0.8,3.01,0,0,0.01033,0,0,-62.5,-62.5,1938.137822,312.5,0,0.01033,0.035714,FALSE,FALSE,FALSE,TRUE,TRUE,TRUE,1,0.6,FALSE,hit_r2_drag (Rý=0.0000); hit_r2_cv (Rý=0.0103); hit_r2_slope (Rý=0.0357)
2,7,,-65.9,0.8,3.01,0.01,0.0125,0.342042,0,0,62.5,62.5,-1020.620726,0,0,0.342042,0.75,FALSE,FALSE,FALSE,TRUE,TRUE,TRUE,1,0.6,FALSE,hit_r2_drag (Rý=0.0000); hit_r2_cv (Rý=0.3420); hit_r2_slope (Rý=0.7500)
2,7,,-65.92,0.8,3.01,0.02,0.025,0.757299,0.571429,-0.25,0,0,1317.915141,-625,0.571429,0.757299,0.5,FALSE,FALSE,FALSE,TRUE,TRUE,TRUE,1,0.6,FALSE,hit_r2_drag (Rý=0.5714); hit_r2_cv (Rý=0.7573); hit_r2_slope (Rý=0.5000)
2,7,,-65.94,0.8,3.01,0.01,0.0125,0.809291,0.2,-0.125,-62.5,-62.5,-1054.691451,312.5,0.2,0.809291,0.4,FALSE,FALSE,FALSE,TRUE,TRUE,TRUE,1,0.6,FALSE,hit_r2_drag (Rý=0.2000); hit_r2_cv (Rý=0.8093); hit_r2_slope (Rý=0.4000)
2,7,,-65.96,0.8,3.01,0,0,0.312541,0,0,0,0,1514.794073,312.5,0,0.312541,0.892857,FALSE,FALSE,FALSE,TRUE,TRUE,TRUE,1,0.6,FALSE,hit_r2_drag (Rý=0.0000); hit_r2_cv (Rý=0.3125); hit_r2_slope (Rý=0.8929)
2,7,,-65.98,0.8,3.01,0,0,0.08043,0.571429,0.25,31.25,31.25,-757.397037,625,0.571429,0.08043,0.816667,FALSE,FALSE,FALSE,TRUE,TRUE,TRUE,1,0.6,FALSE,hit_r2_drag (Rý=0.5714); hit_r2_cv (Rý=0.0804); hit_r2_slope (Rý=0.8167)
2,7,,-66,0.8,3.01,0,0,0.486209,0.78125,0.3125,0,0,994.797467,156.25,0.78125,0.486209,0.844828,FALSE,FALSE,FALSE,TRUE,TRUE,TRUE,1,0.6,FALSE,hit_r2_drag (Rý=0.7812); hit_r2_cv (Rý=0.4862); hit_r2_slope (Rý=0.8448)
2,7,,-66.02,0.8,3.01,0,0,0.880685,0.5,0.125,0,0,671.8692,-468.75,0.5,0.880685,0.15,FALSE,FALSE,FALSE,TRUE,TRUE,TRUE,1,0.6,FALSE,hit_r2_drag (Rý=0.5000); hit_r2_cv (Rý=0.8807); hit_r2_slope (Rý=0.1500)
2,7,,-66.04,0.8,3.01,0,0,0.030791,0,0,0,0,-6666.666667,-312.5,0,0.030791,0.898936,FALSE,FALSE,FALSE,TRUE,TRUE,TRUE,1,0.6,FALSE,hit_r2_drag (Rý=0.0000); hit_r2_cv (Rý=0.0308); hit_r2_slope (Rý=0.8989)
2,7,,-66.06,0.8,3.01,0.01,0.0125,0.022674,0.5,-0.125,31.25,31.25,10000,-312.5,0.5,0.022674,0.892857,FALSE,FALSE,FALSE,TRUE,TRUE,TRUE,1,0.6,FALSE,hit_r2_drag (Rý=0.5000); hit_r2_cv (Rý=0.0227); hit_r2_slope (Rý=0.8929)
2,7,,-66.08,0.8,3.01,0.02,0.025,0,0.78125,-0.3125,0,0,-6666.666667,-468.75,0.78125,0,0.857143,FALSE,FALSE,FALSE,TRUE,TRUE,TRUE,1,0.6,FALSE,hit_r2_drag (Rý=0.7812); hit_r2_cv (Rý=0.0000); hit_r2_slope (Rý=0.8571)
2,7,,-66.1,0.8,3.01,0.02,0.025,0.027317,0.9,-0.375,-31.25,-31.25,569.401311,-156.25,0.9,0.027317,0.864286,FALSE,FALSE,FALSE,TRUE,TRUE,TRUE,1,0.6,FALSE,hit_r2_drag (Rý=0.9000); hit_r2_cv (Rý=0.0273); hit_r2_slope (Rý=0.8643)
2,7,,-66.12,0.8,3.01,2.94,3.675,0.286361,0.505975,-36.8125,9125,9125,3756.780505,-91093.75,0.505975,0.286361,0.501713,TRUE,FALSE,TRUE,TRUE,TRUE,TRUE,1,1,TRUE,hit_2nd_deriv_drag (9125.0000); hit_2nd_deriv_slope (-91093.7500); hit_r2_drag (Rý=0.5060); hit_r2_cv (Rý=0.2864); hit_r2_slope (Rý=0.5017)
2,7,,-66.14,0.8,3.01,6.32,7.9,0.05412,0.772732,-97.125,1437.5,1437.5,-4198.402252,-150781.25,0.772732,0.05412,0.844398,TRUE,FALSE,TRUE,TRUE,TRUE,TRUE,1,1,TRUE,hit_2nd_deriv_drag (1437.5000); hit_2nd_deriv_slope (-150781.2500); hit_r2_drag (Rý=0.7727); hit_r2_cv (Rý=0.0541); hit_r2_slope (Rý=0.8444)
2,7,,-66.16,0.8,3.01,5.91,7.3875,0.023596,0.87764,-113,-11843.75,-11843.75,425.226245,-39687.5,0.87764,0.023596,0.848275,TRUE,FALSE,TRUE,TRUE,TRUE,TRUE,1,1,TRUE,hit_2nd_deriv_drag (-11843.7500); hit_2nd_deriv_slope (-39687.5000); hit_r2_drag (Rý=0.8776); hit_r2_cv (Rý=0.0236); hit_r2_slope (Rý=0.8483)
2,8,,-65.5,0.8,3.01,0.06,0.075,0,0,0,0,0,0,0,0,0,0,FALSE,FALSE,FALSE,FALSE,FALSE,FALSE,1,0,FALSE,insufficient_data
2,8,,-65.52,0.8,3.01,0.01,0.0125,0,0,0,0,0,0,0,0,0,0,FALSE,FALSE,FALSE,FALSE,FALSE,FALSE,1,0,FALSE,insufficient_data
2,8,,-65.54,0.8,3,0.01,0.0125,0,0,0,0,0,0,0,0,0,0,FALSE,FALSE,FALSE,FALSE,FALSE,FALSE,1,0,FALSE,insufficient_data
2,8,,-65.56,0.8,3.01,0,0,0,0,0,0,0,0,0,0,0,0,FALSE,FALSE,FALSE,FALSE,FALSE,FALSE,1,0,FALSE,insufficient_data
2,8,,-65.58,0.8,3.01,0.01,0.0125,0,0,0,0,0,0,0,0,0,0,FALSE,FALSE,FALSE,FALSE,FALSE,FALSE,1,0,FALSE,insufficient_data
2,8,,-65.6,0.8,3.01,0.01,0.0125,0,0,0,0,0,0,0,0,0,0,FALSE,FALSE,FALSE,FALSE,FALSE,FALSE,1,0,FALSE,insufficient_data
2,8,,-65.62,0.8,3.01,0.03,0.0375,0,0,0,0,0,0,0,0,0,0,FALSE,FALSE,FALSE,FALSE,FALSE,FALSE,1,0,FALSE,insufficient_data
2,8,,-65.64,0.8,3.01,0.02,0.025,0,0.692308,-0.375,-93.75,-93.75,-1011.404507,0,0.692308,0,0,FALSE,FALSE,FALSE,TRUE,FALSE,FALSE,1,0.2,FALSE,hit_r2_drag (Rý=0.6923)
2,8,,-65.66,0.8,3.01,0.04,0.05,0.383914,0.720588,-0.4375,93.75,93.75,-275.699003,-156.25,0.720588,0.383914,0,FALSE,FALSE,FALSE,TRUE,TRUE,FALSE,1,0.4,FALSE,hit_r2_drag (Rý=0.7206); hit_r2_cv (Rý=0.3839)
2,8,,-65.68,0.8,3.01,0.04,0.05,0.183703,0.720588,-0.4375,-62.5,-62.5,211.887128,0,0.720588,0.183703,0.75,FALSE,FALSE,FALSE,TRUE,TRUE,TRUE,1,0.6,FALSE,hit_r2_drag (Rý=0.7206); hit_r2_cv (Rý=0.1837); hit_r2_slope (Rý=0.7500)
2,8,,-65.7,0.8,3.01,0.02,0.025,0.987449,0,0,-62.5,-62.5,-11.910487,1093.75,0,0.987449,0.5,FALSE,FALSE,FALSE,TRUE,FALSE,TRUE,1,0.4,FALSE,hit_r2_drag (Rý=0.0000); hit_r2_slope (Rý=0.5000)
2,8,,-65.72,0.8,3.01,0.02,0.025,0.835439,0.083333,0.125,62.5,62.5,425.34719,312.5,0.083333,0.835439,0.853825,FALSE,FALSE,FALSE,TRUE,TRUE,TRUE,1,0.6,FALSE,hit_r2_drag (Rý=0.0833); hit_r2_cv (Rý=0.8354); hit_r2_slope (Rý=0.8538)
2,8,,-65.74,0.8,3.01,0.01,0.0125,0.124817,0.888889,0.5,-31.25,-31.25,149.566616,937.5,0.888889,0.124817,0.75,FALSE,FALSE,FALSE,TRUE,TRUE,TRUE,1,0.6,FALSE,hit_r2_drag (Rý=0.8889); hit_r2_cv (Rý=0.1248); hit_r2_slope (Rý=0.7500)
2,8,,-65.76,0.8,3.01,0.01,0.0125,0.481367,0.816667,0.4375,31.25,31.25,-63.568149,-156.25,0.816667,0.481367,0.653061,FALSE,FALSE,FALSE,TRUE,TRUE,TRUE,1,0.6,FALSE,hit_r2_drag (Rý=0.8167); hit_r2_cv (Rý=0.4814); hit_r2_slope (Rý=0.6531)
2,8,,-65.78,0.8,3.01,0,0,0.990747,0.892857,0.3125,-31.25,-31.25,-25.742723,-312.5,0.892857,0.990747,0.816667,FALSE,FALSE,FALSE,TRUE,FALSE,TRUE,1,0.4,FALSE,hit_r2_drag (Rý=0.8929); hit_r2_slope (Rý=0.8167)
2,8,,-65.8,0.8,3.01,0,0,0.905883,0.892857,0.3125,31.25,31.25,589.794438,0,0.892857,0.905883,0.75,FALSE,FALSE,FALSE,TRUE,TRUE,TRUE,1,0.6,FALSE,hit_r2_drag (Rý=0.8929); hit_r2_cv (Rý=0.9059); hit_r2_slope (Rý=0.7500)
2,8,,-65.82,0.8,3.01,0.01,0.0125,0.791427,0.083333,0.0625,31.25,31.25,-1076.80637,-625,0.083333,0.791427,0.5,FALSE,FALSE,FALSE,TRUE,TRUE,TRUE,1,0.6,FALSE,hit_r2_drag (Rý=0.0833); hit_r2_cv (Rý=0.7914); hit_r2_slope (Rý=0.5000)
2,8,,-65.84,0.8,3.01,0.02,0.025,0.734133,0.321429,-0.1875,0,0,594.588829,-625,0.321429,0.734133,0.892857,FALSE,FALSE,FALSE,TRUE,TRUE,TRUE,1,0.6,FALSE,hit_r2_drag (Rý=0.3214); hit_r2_cv (Rý=0.7341); hit_r2_slope (Rý=0.8929)
2,8,,-65.86,0.8,3.01,0.03,0.0375,0.594434,0.941176,-0.5,0,0,-206.266992,-781.25,0.941176,0.594434,0.876812,FALSE,FALSE,FALSE,TRUE,TRUE,TRUE,1,0.6,FALSE,hit_r2_drag (Rý=0.9412); hit_r2_cv (Rý=0.5944); hit_r2_slope (Rý=0.8768)
2,8,,-65.88,0.8,3,0.03,0.0375,0.248992,0.941176,-0.5,-31.25,-31.25,-900.881853,0,0.941176,0.248992,0.75,FALSE,FALSE,FALSE,TRUE,TRUE,TRUE,1,0.6,FALSE,hit_r2_drag (Rý=0.9412); hit_r2_cv (Rý=0.2490); hit_r2_slope (Rý=0.7500)
2,8,,-65.9,0.8,3.01,0.03,0.0375,0.578766,0.78125,-0.3125,0,0,23.478903,468.75,0.78125,0.578766,0.5,FALSE,FALSE,FALSE,TRUE,TRUE,TRUE,1,0.6,FALSE,hit_r2_drag (Rý=0.7813); hit_r2_cv (Rý=0.5788); hit_r2_slope (Rý=0.5000)
2,8,,-65.92,0.8,3.01,0.03,0.0375,0.927757,0.5,-0.125,0,0,310.18505,468.75,0.5,0.927757,0.892857,FALSE,FALSE,FALSE,TRUE,TRUE,TRUE,1,0.6,FALSE,hit_r2_drag (Rý=0.5000); hit_r2_cv (Rý=0.9278); hit_r2_slope (Rý=0.8929)
2,8,,-65.94,0.8,3.01,4.24,5.3,0.10085,0.5,-52.625,13156.25,13156.25,4947.02927,-131250,0.5,0.10085,0.496421,TRUE,TRUE,TRUE,TRUE,TRUE,TRUE,1,1,TRUE,hit_2nd_deriv_drag (13156.2500); hit_2nd_deriv_cv (4947.0293); hit_2nd_deriv_slope (-131250.0000); hit_r2_drag (Rý=0.5000); hit_r2_cv (Rý=0.1008); hit_r2_slope (Rý=0.4964)
2,8,,-65.96,0.8,3.01,6.27,7.8375,0.36552,0.799961,-104.3125,-6812.5,-6812.5,-6186.810241,-129218.75,0.799961,0.36552,0.89363,TRUE,TRUE,TRUE,TRUE,TRUE,TRUE,1,1,TRUE,hit_2nd_deriv_drag (-6812.5000); hit_2nd_deriv_cv (-6186.8102); hit_2nd_deriv_slope (-129218.7500); hit_r2_drag (Rý=0.8000); hit_r2_cv (Rý=0.3655); hit_r2_slope (Rý=0.8936)
2,8,,-65.98,0.8,3.01,7.96,9.95,0.227788,0.93958,-138.125,-1062.5,-1062.5,779.039636,-84531.25,0.93958,0.227788,0.898577,TRUE,FALSE,TRUE,TRUE,TRUE,TRUE,1,1,TRUE,hit_2nd_deriv_drag (-1062.5000); hit_2nd_deriv_slope (-84531.2500); hit_r2_drag (Rý=0.9396); hit_r2_cv (Rý=0.2278); hit_r2_slope (Rý=0.8986)
2,9,,-65.5,0.8,3.01,0.08,0.1,0,0,0,0,0,0,0,0,0,0,FALSE,FALSE,FALSE,FALSE,FALSE,FALSE,1,0,FALSE,insufficient_data
2,9,,-65.52,0.8,3.01,0.03,0.0375,0,0,0,0,0,0,0,0,0,0,FALSE,FALSE,FALSE,FALSE,FALSE,FALSE,1,0,FALSE,insufficient_data
2,9,,-65.54,0.8,3.01,0.04,0.05,0,0,0,0,0,0,0,0,0,0,FALSE,FALSE,FALSE,FALSE,FALSE,FALSE,1,0,FALSE,insufficient_data
2,9,,-65.56,0.8,3.01,0.04,0.05,0,0,0,0,0,0,0,0,0,0,FALSE,FALSE,FALSE,FALSE,FALSE,FALSE,1,0,FALSE,insufficient_data
2,9,,-65.58,0.8,3.01,0.03,0.0375,0,0,0,0,0,0,0,0,0,0,FALSE,FALSE,FALSE,FALSE,FALSE,FALSE,1,0,FALSE,insufficient_data
2,9,,-65.6,0.8,3.01,0.04,0.05,0,0,0,0,0,0,0,0,0,0,FALSE,FALSE,FALSE,FALSE,FALSE,FALSE,1,0,FALSE,insufficient_data
2,9,,-65.62,0.8,3.01,0.04,0.05,0,0,0,0,0,0,0,0,0,0,FALSE,FALSE,FALSE,FALSE,FALSE,FALSE,1,0,FALSE,insufficient_data
2,9,,-65.64,0.8,3,0.05,0.0625,0,0.45,-0.1875,31.25,31.25,209.175827,0,0.45,0,0,FALSE,FALSE,FALSE,TRUE,FALSE,FALSE,1,0.2,FALSE,hit_r2_drag (Rý=0.4500)
2,9,,-65.66,0.8,3.01,0.03,0.0375,0.285849,0.035714,-0.0625,-93.75,-93.75,-35.08818,312.5,0.035714,0.285849,0,FALSE,FALSE,FALSE,TRUE,TRUE,FALSE,1,0.4,FALSE,hit_r2_drag (Rý=0.0357); hit_r2_cv (Rý=0.2858)
2,9,,-65.68,0.8,3.01,0.05,0.0625,0.602036,0.035714,-0.0625,125,125,-143.92657,0,0.035714,0.602036,0.75,FALSE,FALSE,FALSE,TRUE,TRUE,TRUE,1,0.6,FALSE,hit_r2_drag (Rý=0.0357); hit_r2_cv (Rý=0.6020); hit_r2_slope (Rý=0.7500)
2,9,,-65.7,0.8,3.01,0.03,0.0375,0.827237,0.1,0.125,-125,-125,160.469528,468.75,0.1,0.827237,0.5,FALSE,FALSE,FALSE,TRUE,TRUE,TRUE,1,0.6,FALSE,hit_r2_drag (Rý=0.1000); hit_r2_cv (Rý=0.8272); hit_r2_slope (Rý=0.5000)
2,9,,-65.72,0.8,3.01,0.04,0.05,0.75827,0.1,0.125,93.75,93.75,-113.581591,0,0.1,0.75827,0.75,FALSE,FALSE,FALSE,TRUE,TRUE,TRUE,1,0.6,FALSE,hit_r2_drag (Rý=0.1000); hit_r2_cv (Rý=0.7583); hit_r2_slope (Rý=0.7500)
2,9,,-65.74,0.8,3.01,0.03,0.0375,0.543145,0.03125,0.0625,-62.5,-62.5,-3.461439,-156.25,0.03125,0.543145,0.5,FALSE,FALSE,FALSE,TRUE,TRUE,TRUE,1,0.6,FALSE,hit_r2_drag (Rý=0.0312); hit_r2_cv (Rý=0.5431); hit_r2_slope (Rý=0.5000)
2,9,,-65.76,0.8,3.01,0.03,0.0375,0.468971,0.5,0.25,31.25,31.25,3.461439,468.75,0.5,0.468971,0.15,FALSE,FALSE,FALSE,TRUE,TRUE,TRUE,1,0.6,FALSE,hit_r2_drag (Rý=0.5000); hit_r2_cv (Rý=0.4690); hit_r2_slope (Rý=0.1500)
2,9,,-65.78,0.8,3.01,0.03,0.0375,0.514112,0.125,0.0625,0,0,-243.055556,-468.75,0.125,0.514112,0.083333,FALSE,FALSE,FALSE,TRUE,TRUE,TRUE,1,0.6,FALSE,hit_r2_drag (Rý=0.1250); hit_r2_cv (Rý=0.5141); hit_r2_slope (Rý=0.0833)
2,9,,-65.8,0.8,3.01,0.06,0.075,0.028974,0.235294,-0.25,93.75,93.75,697.786068,-781.25,0.235294,0.028974,0.843458,FALSE,FALSE,FALSE,TRUE,TRUE,TRUE,1,0.6,FALSE,hit_r2_drag (Rý=0.2353); hit_r2_cv (Rý=0.0290); hit_r2_slope (Rý=0.8435)
2,9,,-65.82,0.8,3,0.05,0.0625,0.308127,0.6125,-0.4375,-125,-125,-431.39161,-468.75,0.6125,0.308127,0.896341,FALSE,FALSE,FALSE,TRUE,TRUE,TRUE,1,0.6,FALSE,hit_r2_drag (Rý=0.6125); hit_r2_cv (Rý=0.3081); hit_r2_slope (Rý=0.8963)
2,9,,-65.84,0.8,3.01,0.05,0.0625,0.348209,0.5,-0.375,31.25,31.25,-132.090136,156.25,0.5,0.348209,0.532609,FALSE,FALSE,FALSE,TRUE,TRUE,TRUE,1,0.6,FALSE,hit_r2_drag (Rý=0.5000); hit_r2_cv (Rý=0.3482); hit_r2_slope (Rý=0.5326)
2,9,,-65.86,0.8,3.01,1.33,1.6625,0.573819,0.50961,-16.1875,4000,4000,3646.444435,-39531.25,0.50961,0.573819,0.496038,TRUE,TRUE,TRUE,TRUE,TRUE,TRUE,1,1,TRUE,hit_2nd_deriv_drag (4000.0000); hit_2nd_deriv_cv (3646.4444); hit_2nd_deriv_slope (-39531.2500); hit_r2_drag (Rý=0.5096); hit_r2_cv (Rý=0.5738); hit_r2_slope (Rý=0.4960)
2,9,,-65.88,0.8,3.01,7.52,9.4,0.72187,0.623493,-101.25,15343.75,15343.75,-3731.894127,-212656.25,0.623493,0.72187,0.660658,TRUE,TRUE,TRUE,TRUE,TRUE,TRUE,1,1,TRUE,hit_2nd_deriv_drag (15343.7500); hit_2nd_deriv_cv (-3731.8941); hit_2nd_deriv_slope (-212656.2500); hit_r2_drag (Rý=0.6235); hit_r2_cv (Rý=0.7219); hit_r2_slope (Rý=0.6607)
2,9,,-65.9,0.8,3,9.8,12.25,0.451869,0.865396,-168.5625,-12218.75,-12218.75,-1097.746932,-168281.25,0.865396,0.451869,0.899766,TRUE,FALSE,TRUE,TRUE,TRUE,TRUE,1,1,TRUE,hit_2nd_deriv_drag (-12218.7500); hit_2nd_deriv_slope (-168281.2500); hit_r2_drag (Rý=0.8654); hit_r2_cv (Rý=0.4519); hit_r2_slope (Rý=0.8998)
2,10,,-65.12,0.8,0,0.09,0.1125,0,0,0,0,0,0,0,0,0,0,FALSE,FALSE,FALSE,FALSE,FALSE,FALSE,1,0,FALSE,insufficient_data
2,10,,-65.14,0.8,0,0.05,0.0625,0,0,0,0,0,0,0,0,0,0,FALSE,FALSE,FALSE,FALSE,FALSE,FALSE,1,0,FALSE,insufficient_data
2,10,,-65.16,0.8,0,0.07,0.0875,0,0,0,0,0,0,0,0,0,0,FALSE,FALSE,FALSE,FALSE,FALSE,FALSE,1,0,FALSE,insufficient_data
2,10,,-65.18,0.8,0,0.05,0.0625,0,0,0,0,0,0,0,0,0,0,FALSE,FALSE,FALSE,FALSE,FALSE,FALSE,1,0,FALSE,insufficient_data
2,10,,-65.2,0.8,0,0.08,0.1,0,0,0,0,0,0,0,0,0,0,FALSE,FALSE,FALSE,FALSE,FALSE,FALSE,1,0,FALSE,insufficient_data
2,10,,-65.22,0.8,0,0.07,0.0875,0,0,0,0,0,0,0,0,0,0,FALSE,FALSE,FALSE,FALSE,FALSE,FALSE,1,0,FALSE,insufficient_data
2,10,,-65.24,0.8,0,0.07,0.0875,0,0,0,0,0,0,0,0,0,0,FALSE,FALSE,FALSE,FALSE,FALSE,FALSE,1,0,FALSE,insufficient_data
2,10,,-65.26,0.8,0,0.06,0.075,0,0.019231,-0.0625,-31.25,-31.25,134.601197,0,0.019231,0,0,FALSE,FALSE,FALSE,TRUE,FALSE,FALSE,1,0.2,FALSE,hit_r2_drag (Rý=0.0192)
2,10,,-65.28,0.8,0,0.05,0.0625,0.677489,0.942308,0.4375,0,0,-26.070277,1250,0.942308,0.677489,0,FALSE,FALSE,FALSE,TRUE,TRUE,FALSE,1,0.4,FALSE,hit_r2_drag (Rý=0.9423); hit_r2_cv (Rý=0.6775)
2,10,,-65.3,0.8,0,0.05,0.0625,0.377883,0.9,0.375,31.25,31.25,-13.611361,-156.25,0.9,0.377883,0.679775,FALSE,FALSE,FALSE,TRUE,TRUE,TRUE,1,0.6,FALSE,hit_r2_drag (Rý=0.9000); hit_r2_cv (Rý=0.3779); hit_r2_slope (Rý=0.6798)
2,10,,-65.32,0.8,0,0.05,0.0625,0.050928,0.78125,0.3125,0,0,-1.923778,-156.25,0.78125,0.050928,0.892857,FALSE,FALSE,FALSE,TRUE,TRUE,TRUE,1,0.6,FALSE,hit_r2_drag (Rý=0.7813); hit_r2_cv (Rý=0.0509); hit_r2_slope (Rý=0.8929)
2,10,,-65.34,0.8,0,0.05,0.0625,0.633704,0.5,0.125,0,0,-149.300026,-468.75,0.5,0.633704,0.75,FALSE,FALSE,FALSE,TRUE,TRUE,TRUE,1,0.6,FALSE,hit_r2_drag (Rý=0.5000); hit_r2_cv (Rý=0.6337); hit_r2_slope (Rý=0.7500)
2,10,,-65.36,0.8,0,0.05,0.0625,0.823683,0,0,0,0,-27.472527,-312.5,0,0.823683,0.898936,FALSE,FALSE,FALSE,TRUE,TRUE,TRUE,1,0.6,FALSE,hit_r2_drag (Rý=0.0000); hit_r2_cv (Rý=0.8237); hit_r2_slope (Rý=0.8989)
2,10,,-65.38,0.8,0,0.05,0.0625,0.91146,0,0,0,0,192.307692,0,0,0.91146,0.75,FALSE,FALSE,FALSE,TRUE,TRUE,TRUE,1,0.6,FALSE,hit_r2_drag (Rý=0.0000); hit_r2_cv (Rý=0.9115); hit_r2_slope (Rý=0.7500)
2,10,,-65.4,0.8,0,0.06,0.075,0.297855,0.5,-0.125,31.25,31.25,192.307692,-312.5,0.5,0.297855,0.5,FALSE,FALSE,FALSE,TRUE,TRUE,TRUE,1,0.6,FALSE,hit_r2_drag (Rý=0.5000); hit_r2_cv (Rý=0.2979); hit_r2_slope (Rý=0.5000)
2,10,,-65.42,0.8,0,0.07,0.0875,0.297855,0.78125,-0.3125,0,0,-27.472527,-468.75,0.78125,0.297855,0.857143,FALSE,FALSE,FALSE,TRUE,TRUE,TRUE,1,0.6,FALSE,hit_r2_drag (Rý=0.7813); hit_r2_cv (Rý=0.2979); hit_r2_slope (Rý=0.8571)
2,10,,-65.44,0.8,0,0.08,0.1,0.947538,0.941176,-0.5,0,0,-51.739966,-468.75,0.941176,0.947538,0.892857,FALSE,FALSE,FALSE,TRUE,TRUE,TRUE,1,0.6,FALSE,hit_r2_drag (Rý=0.9412); hit_r2_cv (Rý=0.9475); hit_r2_slope (Rý=0.8929)
2,10,,-65.46,0.8,0,0.07,0.0875,0.790966,0.692308,-0.375,-62.5,-62.5,-197.043898,312.5,0.692308,0.790966,0.271739,FALSE,FALSE,FALSE,TRUE,TRUE,TRUE,1,0.6,FALSE,hit_r2_drag (Rý=0.6923); hit_r2_cv (Rý=0.7910); hit_r2_slope (Rý=0.2717)
2,10,,-65.48,0.8,0,0.07,0.0875,0.017391,0.2,-0.125,31.25,31.25,-76.463682,625,0.2,0.017391,0.816667,FALSE,FALSE,FALSE,TRUE,TRUE,TRUE,1,0.6,FALSE,hit_r2_drag (Rý=0.2000); hit_r2_cv (Rý=0.0174); hit_r2_slope (Rý=0.8167)
2,10,,-65.5,0.8,0,0.05,0.0625,0.183988,0.520833,0.3125,-62.5,-62.5,294.754485,1093.75,0.520833,0.183988,0.836634,FALSE,FALSE,FALSE,TRUE,TRUE,TRUE,1,0.6,FALSE,hit_r2_drag (Rý=0.5208); hit_r2_cv (Rý=0.1840); hit_r2_slope (Rý=0.8366)
2,10,,-65.52,0.8,0,0.05,0.0625,0.0021,0.888889,0.5,62.5,62.5,-25.811184,468.75,0.888889,0.0021,0.880435,FALSE,FALSE,FALSE,TRUE,TRUE,TRUE,1,0.6,FALSE,hit_r2_drag (Rý=0.8889); hit_r2_cv (Rý=0.0021); hit_r2_slope (Rý=0.8804)
2,10,,-65.54,0.8,0,0.05,0.0625,0.295336,0.75,0.375,0,0,-154.955102,-312.5,0.75,0.295336,0.271739,FALSE,FALSE,FALSE,TRUE,TRUE,TRUE,1,0.6,FALSE,hit_r2_drag (Rý=0.7500); hit_r2_cv (Rý=0.2953); hit_r2_slope (Rý=0.2717)
2,10,,-65.56,0.8,0,0.05,0.0625,0.369553,0.5,0.25,0,0,-5.531265,-312.5,0.5,0.369553,0.892857,FALSE,FALSE,FALSE,TRUE,TRUE,TRUE,1,0.6,FALSE,hit_r2_drag (Rý=0.5000); hit_r2_cv (Rý=0.3696); hit_r2_slope (Rý=0.8929)
2,10,,-65.58,0.8,0,0.05,0.0625,0.482146,0,0,0,0,-318.414923,-625,0,0.482146,0.816667,FALSE,FALSE,FALSE,TRUE,TRUE,TRUE,1,0.6,FALSE,hit_r2_drag (Rý=0.0000); hit_r2_cv (Rý=0.4821); hit_r2_slope (Rý=0.8167)
2,10,,-65.6,0.8,0,0.05,0.0625,0.85209,0,0,0,0,370.37037,0,0,0.85209,0.75,FALSE,FALSE,FALSE,TRUE,TRUE,TRUE,1,0.6,FALSE,hit_r2_drag (Rý=0.0000); hit_r2_cv (Rý=0.8521); hit_r2_slope (Rý=0.7500)
2,10,,-65.62,0.8,0,0.07,0.0875,0.123484,0.5,-0.25,62.5,62.5,370.37037,-625,0.5,0.123484,0.5,FALSE,FALSE,FALSE,TRUE,TRUE,TRUE,1,0.6,FALSE,hit_r2_drag (Rý=0.5000); hit_r2_cv (Rý=0.1235); hit_r2_slope (Rý=0.5000)
2,10,,-65.64,0.8,0,2.11,2.6375,0.495243,0.507281,-25.875,6312.5,6312.5,3669.326295,-64062.5,0.507281,0.495243,0.509696,TRUE,TRUE,TRUE,TRUE,TRUE,TRUE,1,1,TRUE,hit_2nd_deriv_drag (6312.5000); hit_2nd_deriv_cv (3669.3263); hit_2nd_deriv_slope (-64062.5000); hit_r2_drag (Rý=0.5073); hit_r2_cv (Rý=0.4952); hit_r2_slope (Rý=0.5097)
2,10,,-65.66,0.8,0,3.39,4.2375,0.66344,0.802027,-54.625,-2375,-2375,-5407.065056,-71875,0.802027,0.66344,0.88574,TRUE,TRUE,TRUE,TRUE,TRUE,TRUE,1,1,TRUE,hit_2nd_deriv_drag (-2375.0000); hit_2nd_deriv_cv (-5407.0651); hit_2nd_deriv_slope (-71875.0000); hit_r2_drag (Rý=0.8020); hit_r2_cv (Rý=0.6634); hit_r2_slope (Rý=0.8857)
2,10,,-65.68,0.8,0,3.58,4.475,0.346482,0.910003,-64.875,-3406.25,-3406.25,415.47236,-25625,0.910003,0.346482,0.868779,TRUE,FALSE,TRUE,TRUE,TRUE,TRUE,1,1,TRUE,hit_2nd_deriv_drag (-3406.2500); hit_2nd_deriv_slope (-25625.0000); hit_r2_drag (Rý=0.9100); hit_r2_cv (Rý=0.3465); hit_r2_slope (Rý=0.8688)
2,11,,-65.4,0.8,0,0.09,0.1125,0,0,0,0,0,0,0,0,0,0,FALSE,FALSE,FALSE,FALSE,FALSE,FALSE,1,0,FALSE,insufficient_data
2,11,,-65.42,0.8,0,0.06,0.075,0,0,0,0,0,0,0,0,0,0,FALSE,FALSE,FALSE,FALSE,FALSE,FALSE,1,0,FALSE,insufficient_data
2,11,,-65.44,0.8,0,0.05,0.0625,0,0,0,0,0,0,0,0,0,0,FALSE,FALSE,FALSE,FALSE,FALSE,FALSE,1,0,FALSE,insufficient_data
2,11,,-65.46,0.8,0,0.05,0.0625,0,0,0,0,0,0,0,0,0,0,FALSE,FALSE,FALSE,FALSE,FALSE,FALSE,1,0,FALSE,insufficient_data
2,11,,-65.48,0.8,0,0.04,0.05,0,0,0,0,0,0,0,0,0,0,FALSE,FALSE,FALSE,FALSE,FALSE,FALSE,1,0,FALSE,insufficient_data
2,11,,-65.5,0.8,0,0.04,0.05,0,0,0,0,0,0,0,0,0,0,FALSE,FALSE,FALSE,FALSE,FALSE,FALSE,1,0,FALSE,insufficient_data
2,11,,-65.52,0.8,0,0.06,0.075,0,0,0,0,0,0,0,0,0,0,FALSE,FALSE,FALSE,FALSE,FALSE,FALSE,1,0,FALSE,insufficient_data
2,11,,-65.54,0.8,0,0.06,0.075,0,0.4,-0.25,-62.5,-62.5,57.457618,0,0.4,0,0,FALSE,FALSE,FALSE,TRUE,FALSE,FALSE,1,0.2,FALSE,hit_r2_drag (Rý=0.4000)
2,11,,-65.56,0.8,0,0.05,0.0625,0.325125,0.4,-0.25,-31.25,-31.25,-57.457618,0,0.4,0.325125,0,FALSE,FALSE,FALSE,TRUE,TRUE,FALSE,1,0.4,FALSE,hit_r2_drag (Rý=0.4000); hit_r2_cv (Rý=0.3251)
2,11,,-65.58,0.8,0,0.06,0.075,0.006776,0.28125,-0.1875,62.5,62.5,-76.843225,156.25,0.28125,0.006776,0.5,FALSE,FALSE,FALSE,TRUE,TRUE,TRUE,1,0.6,FALSE,hit_r2_drag (Rý=0.2812); hit_r2_cv (Rý=0.0068); hit_r2_slope (Rý=0.5000)
2,11,,-65.6,0.8,0,0.07,0.0875,0.477208,0.2,-0.125,0,0,-30.004007,156.25,0.2,0.477208,0.892857,FALSE,FALSE,FALSE,TRUE,TRUE,TRUE,1,0.6,FALSE,hit_r2_drag (Rý=0.2000); hit_r2_cv (Rý=0.4772); hit_r2_slope (Rý=0.8929)
2,11,,-65.62,0.8,0,0.06,0.075,0.895223,0.2,-0.125,-62.5,-62.5,106.847232,0,0.2,0.895223,0.75,FALSE,FALSE,FALSE,TRUE,TRUE,TRUE,1,0.6,FALSE,hit_r2_drag (Rý=0.2000); hit_r2_cv (Rý=0.8952); hit_r2_slope (Rý=0.7500)
2,11,,-65.64,0.8,0,0.06,0.075,0.795345,0.2,-0.125,31.25,31.25,0,0,0.2,0.795345,0.503106,FALSE,FALSE,FALSE,TRUE,TRUE,TRUE,1,0.6,FALSE,hit_r2_drag (Rý=0.2000); hit_r2_cv (Rý=0.7953); hit_r2_slope (Rý=0.5031)
2,11,,-65.66,0.8,0,0.05,0.0625,0.5,0.45,0.1875,-31.25,-31.25,0,781.25,0.45,0.5,0.5,FALSE,FALSE,FALSE,TRUE,TRUE,TRUE,1,0.6,FALSE,hit_r2_drag (Rý=0.4500); hit_r2_cv (Rý=0.5000); hit_r2_slope (Rý=0.5000)
2,11,,-65.68,0.8,0,0.03,0.0375,0.5,0.880435,0.5625,-31.25,-31.25,364.470379,937.5,0.880435,0.5,0.880435,FALSE,FALSE,FALSE,TRUE,TRUE,TRUE,1,0.6,FALSE,hit_r2_drag (Rý=0.8804); hit_r2_cv (Rý=0.5000); hit_r2_slope (Rý=0.8804)
2,11,,-65.7,0.8,0,1.1,1.375,0.571685,0.47615,-12.8125,3406.25,3406.25,3047.371036,-33437.5,0.47615,0.571685,0.471492,TRUE,TRUE,TRUE,TRUE,TRUE,TRUE,1,1,TRUE,hit_2nd_deriv_drag (3406.2500); hit_2nd_deriv_cv (3047.3710); hit_2nd_deriv_slope (-33437.5000); hit_r2_drag (Rý=0.4762); hit_r2_cv (Rý=0.5717); hit_r2_slope (Rý=0.4715)
2,11,,-65.72,0.8,0,5.97,7.4625,0.792885,0.625964,-80.4375,11875,11875,-3463.323903,-169062.5,0.625964,0.792885,0.669087,TRUE,TRUE,TRUE,TRUE,TRUE,TRUE,1,1,TRUE,hit_2nd_deriv_drag (11875.0000); hit_2nd_deriv_cv (-3463.3239); hit_2nd_deriv_slope (-169062.5000); hit_r2_drag (Rý=0.6260); hit_r2_cv (Rý=0.7929); hit_r2_slope (Rý=0.6691)
2,11,,-65.74,0.8,0,9.92,12.4,0.560595,0.856626,-160.5,-2875,-2875,-1063.504034,-200156.25,0.856626,0.560595,0.881566,TRUE,TRUE,TRUE,TRUE,TRUE,TRUE,1,1,TRUE,hit_2nd_deriv_drag (-2875.0000); hit_2nd_deriv_cv (-1063.5040); hit_2nd_deriv_slope (-200156.2500); hit_r2_drag (Rý=0.8566); hit_r2_cv (Rý=0.5606); hit_r2_slope (Rý=0.8816)
2,12,,-65.5,0.8,3.01,0.06,0.075,0,0,0,0,0,0,0,0,0,0,FALSE,FALSE,FALSE,FALSE,FALSE,FALSE,1,0,FALSE,insufficient_data
2,12,,-65.52,0.8,3.01,0.01,0.0125,0,0,0,0,0,0,0,0,0,0,FALSE,FALSE,FALSE,FALSE,FALSE,FALSE,1,0,FALSE,insufficient_data
2,12,,-65.54,0.8,3.01,0.02,0.025,0,0,0,0,0,0,0,0,0,0,FALSE,FALSE,FALSE,FALSE,FALSE,FALSE,1,0,FALSE,insufficient_data
2,12,,-65.56,0.8,3.01,0.04,0.05,0,0,0,0,0,0,0,0,0,0,FALSE,FALSE,FALSE,FALSE,FALSE,FALSE,1,0,FALSE,insufficient_data
2,12,,-65.58,0.8,3.01,0.02,0.025,0,0,0,0,0,0,0,0,0,0,FALSE,FALSE,FALSE,FALSE,FALSE,FALSE,1,0,FALSE,insufficient_data
2,12,,-65.6,0.8,3.01,0.03,0.0375,0,0,0,0,0,0,0,0,0,0,FALSE,FALSE,FALSE,FALSE,FALSE,FALSE,1,0,FALSE,insufficient_data
2,12,,-65.62,0.8,3.01,0,0,0,0,0,0,0,0,0,0,0,0,FALSE,FALSE,FALSE,FALSE,FALSE,FALSE,1,0,FALSE,insufficient_data
2,12,,-65.64,0.8,3.01,0.02,0.025,0,0.409091,0.375,156.25,156.25,-445.260991,0,0.409091,0,0,FALSE,FALSE,FALSE,TRUE,FALSE,FALSE,1,0.2,FALSE,hit_r2_drag (Rý=0.4091)
2,12,,-65.66,0.8,3.01,0.01,0.0125,0.238412,0.173077,0.1875,-93.75,-93.75,85.886875,-468.75,0.173077,0.238412,0,FALSE,FALSE,FALSE,TRUE,TRUE,FALSE,1,0.4,FALSE,hit_r2_drag (Rý=0.1731); hit_r2_cv (Rý=0.2384)
2,12,,-65.68,0.8,3.01,0.01,0.0125,0.847111,0.173077,0.1875,31.25,31.25,141.747925,0,0.173077,0.847111,0.75,FALSE,FALSE,FALSE,TRUE,TRUE,TRUE,1,0.6,FALSE,hit_r2_drag (Rý=0.1731); hit_r2_cv (Rý=0.8471); hit_r2_slope (Rý=0.7500)
2,12,,-65.7,0.8,3.01,0.01,0.0125,0.319902,0.05,-0.0625,0,0,-467.574367,-625,0.05,0.319902,0.5,FALSE,FALSE,FALSE,TRUE,TRUE,TRUE,1,0.6,FALSE,hit_r2_drag (Rý=0.0500); hit_r2_cv (Rý=0.3199); hit_r2_slope (Rý=0.5000)
2,12,,-65.72,0.8,3.01,0.01,0.0125,0.332095,0.5,0.125,0,0,-507.865929,468.75,0.5,0.332095,0.214286,FALSE,FALSE,FALSE,TRUE,TRUE,TRUE,1,0.6,FALSE,hit_r2_drag (Rý=0.5000); hit_r2_cv (Rý=0.3321); hit_r2_slope (Rý=0.2143)
2,12,,-65.74,0.8,3.01,0.02,0.025,0.725514,0.5,-0.125,31.25,31.25,747.805497,-625,0.5,0.725514,0.007143,FALSE,FALSE,FALSE,TRUE,TRUE,TRUE,1,0.6,FALSE,hit_r2_drag (Rý=0.5000); hit_r2_cv (Rý=0.7255); hit_r2_slope (Rý=0.0071)
2,12,,-65.76,0.8,3.01,0.02,0.025,0.770309,0.75,-0.1875,-31.25,-31.25,41.484432,-156.25,0.75,0.770309,0.844828,FALSE,FALSE,FALSE,TRUE,TRUE,TRUE,1,0.6,FALSE,hit_r2_drag (Rý=0.7500); hit_r2_cv (Rý=0.7703); hit_r2_slope (Rý=0.8448)
2,12,,-65.78,0.8,3.01,0.02,0.025,0.547765,0.75,-0.1875,0,0,-150.836653,0,0.75,0.547765,0.75,FALSE,FALSE,FALSE,TRUE,TRUE,TRUE,1,0.6,FALSE,hit_r2_drag (Rý=0.7500); hit_r2_cv (Rý=0.5478); hit_r2_slope (Rý=0.7500)
2,12,,-65.8,0.8,3.01,0.03,0.0375,0.326832,0.8,-0.25,31.25,31.25,134.456091,-156.25,0.8,0.326832,0.5,FALSE,FALSE,FALSE,TRUE,TRUE,TRUE,1,0.6,FALSE,hit_r2_drag (Rý=0.8000); hit_r2_cv (Rý=0.3268); hit_r2_slope (Rý=0.5000)
2,12,,-65.82,0.8,3.01,4.72,5.9,0.485243,0.501596,-58.8125,14625,14625,4067.39322,-146406.25,0.501596,0.485243,0.501067,TRUE,TRUE,TRUE,TRUE,TRUE,TRUE,1,1,TRUE,hit_2nd_deriv_drag (14625.0000); hit_2nd_deriv_cv (4067.3932); hit_2nd_deriv_slope (-146406.2500); hit_r2_drag (Rý=0.5016); hit_r2_cv (Rý=0.4852); hit_r2_slope (Rý=0.5011)
2,12,,-65.84,0.8,3.01,7.33,9.1625,0.542635,0.800475,-120.75,-6500,-6500,-5825.961742,-154843.75,0.800475,0.542635,0.889703,TRUE,TRUE,TRUE,TRUE,TRUE,TRUE,1,1,TRUE,hit_2nd_deriv_drag (-6500.0000); hit_2nd_deriv_cv (-5825.9617); hit_2nd_deriv_slope (-154843.7500); hit_r2_drag (Rý=0.8005); hit_r2_cv (Rý=0.5426); hit_r2_slope (Rý=0.8897)
2,12,,-65.86,0.8,3.01,6.62,8.275,0.210714,0.844803,-128.125,-10375,-10375,690.041809,-18437.5,0.844803,0.210714,0.802508,TRUE,FALSE,TRUE,TRUE,TRUE,TRUE,1,1,TRUE,hit_2nd_deriv_drag (-10375.0000); hit_2nd_deriv_slope (-18437.5000); hit_r2_drag (Rý=0.8448); hit_r2_cv (Rý=0.2107); hit_r2_slope (Rý=0.8025)
3,13,,-64.5,0.8,3.01,0.08,0.1,0,0,0,0,0,0,0,0,0,0,FALSE,FALSE,FALSE,FALSE,FALSE,FALSE,1,0,FALSE,insufficient_data
3,13,,-64.52,0.8,3.01,0.03,0.0375,0,0,0,0,0,0,0,0,0,0,FALSE,FALSE,FALSE,FALSE,FALSE,FALSE,1,0,FALSE,insufficient_data
3,13,,-64.54,0.8,3.01,0.02,0.025,0,0,0,0,0,0,0,0,0,0,FALSE,FALSE,FALSE,FALSE,FALSE,FALSE,1,0,FALSE,insufficient_data
3,13,,-64.56,0.8,3.01,0.04,0.05,0,0,0,0,0,0,0,0,0,0,FALSE,FALSE,FALSE,FALSE,FALSE,FALSE,1,0,FALSE,insufficient_data
3,13,,-64.58,0.8,3.01,0.02,0.025,0,0,0,0,0,0,0,0,0,0,FALSE,FALSE,FALSE,FALSE,FALSE,FALSE,1,0,FALSE,insufficient_data
3,13,,-64.6,0.8,3.01,0.04,0.05,0,0,0,0,0,0,0,0,0,0,FALSE,FALSE,FALSE,FALSE,FALSE,FALSE,1,0,FALSE,insufficient_data
3,13,,-64.62,0.8,3,0.02,0.025,0,0,0,0,0,0,0,0,0,0,FALSE,FALSE,FALSE,FALSE,FALSE,FALSE,1,0,FALSE,insufficient_data
3,13,,-64.64,0.8,3.01,0.01,0.0125,0,0.5,0.375,31.25,31.25,149.566616,0,0.5,0,0,FALSE,FALSE,FALSE,TRUE,FALSE,FALSE,1,0.2,FALSE,hit_r2_drag (Rý=0.5000)
3,13,,-64.66,0.8,3.01,0.04,0.05,0.014644,0.013889,-0.0625,125,125,-279.028389,-1093.75,0.013889,0.014644,0,FALSE,FALSE,FALSE,TRUE,TRUE,FALSE,1,0.4,FALSE,hit_r2_drag (Rý=0.0139); hit_r2_cv (Rý=0.0146)
3,13,,-64.68,0.8,3.01,0.05,0.0625,0.791488,0.148148,-0.25,-62.5,-62.5,-5.647837,-468.75,0.148148,0.791488,0.880435,FALSE,FALSE,FALSE,TRUE,TRUE,TRUE,1,0.6,FALSE,hit_r2_drag (Rý=0.1481); hit_r2_cv (Rý=0.7915); hit_r2_slope (Rý=0.8804)
3,13,,-64.7,0.8,3.01,0.03,0.0375,0.557268,0.36,-0.375,-93.75,-93.75,35.960822,-312.5,0.36,0.557268,0.898936,FALSE,FALSE,FALSE,TRUE,TRUE,TRUE,1,0.6,FALSE,hit_r2_drag (Rý=0.3600); hit_r2_cv (Rý=0.5573); hit_r2_slope (Rý=0.8989)
3,13,,-64.72,0.8,3.01,0.02,0.025,0.631521,0.01,-0.0625,31.25,31.25,-30.312985,781.25,0.01,0.631521,0.095238,FALSE,FALSE,FALSE,TRUE,TRUE,TRUE,1,0.6,FALSE,hit_r2_drag (Rý=0.0100); hit_r2_cv (Rý=0.6315); hit_r2_slope (Rý=0.0952)
3,13,,-64.74,0.8,3.01,0.02,0.025,0.396545,0.720588,0.4375,31.25,31.25,-267.425068,1250,0.720588,0.396545,0.84894,FALSE,FALSE,FALSE,TRUE,TRUE,TRUE,1,0.6,FALSE,hit_r2_drag (Rý=0.7206); hit_r2_cv (Rý=0.3965); hit_r2_slope (Rý=0.8489)
3,13,,-64.76,0.8,3.01,0.01,0.0125,0.002434,0.880435,0.5625,-31.25,-31.25,660.633062,312.5,0.880435,0.002434,0.844828,FALSE,FALSE,FALSE,TRUE,TRUE,TRUE,1,0.6,FALSE,hit_r2_drag (Rý=0.8804); hit_r2_cv (Rý=0.0024); hit_r2_slope (Rý=0.8448)
3,13,,-64.78,0.8,3.01,0.03,0.0375,0.186526,0.035714,0.0625,93.75,93.75,-847.125543,-1250,0.035714,0.186526,0.231481,FALSE,FALSE,FALSE,TRUE,TRUE,TRUE,1,0.6,FALSE,hit_r2_drag (Rý=0.0357); hit_r2_cv (Rý=0.1865); hit_r2_slope (Rý=0.2315)
3,13,,-64.8,0.8,3.01,0.01,0.0125,0.081977,0.035714,0.0625,-125,-125,642.890144,0,0.035714,0.081977,0.75,FALSE,FALSE,FALSE,TRUE,TRUE,TRUE,1,0.6,FALSE,hit_r2_drag (Rý=0.0357); hit_r2_cv (Rý=0.0820); hit_r2_slope (Rý=0.7500)
3,13,,-64.82,0.8,3.01,0.03,0.0375,0.017278,0.1,-0.125,125,125,-110.287881,-468.75,0.1,0.017278,0.5,FALSE,FALSE,FALSE,TRUE,TRUE,TRUE,1,0.6,FALSE,hit_r2_drag (Rý=0.1000); hit_r2_cv (Rý=0.0173); hit_r2_slope (Rý=0.5000)
3,13,,-64.84,0.8,3.01,0.01,0.0125,0.085213,0,0,-125,-125,164.108931,312.5,0,0.085213,0.271739,FALSE,FALSE,FALSE,TRUE,TRUE,TRUE,1,0.6,FALSE,hit_r2_drag (Rý=0.0000); hit_r2_cv (Rý=0.0852); hit_r2_slope (Rý=0.2717)
3,13,,-64.86,0.8,3.01,0.03,0.0375,0.534215,0,0,125,125,-490.216852,0,0,0.534215,0.75,FALSE,FALSE,FALSE,TRUE,TRUE,TRUE,1,0.6,FALSE,hit_r2_drag (Rý=0.0000); hit_r2_cv (Rý=0.5342); hit_r2_slope (Rý=0.7500)
3,13,,-64.88,0.8,3,0.03,0.0375,0.034091,0.333333,-0.25,-62.5,-62.5,247.423206,-625,0.333333,0.034091,0.5,FALSE,FALSE,FALSE,TRUE,TRUE,TRUE,1,0.6,FALSE,hit_r2_drag (Rý=0.3333); hit_r2_cv (Rý=0.0341); hit_r2_slope (Rý=0.5000)
3,13,,-64.9,0.8,3.01,0.04,0.05,0.455903,0.333333,-0.25,31.25,31.25,-238.586663,0,0.333333,0.455903,0.75,FALSE,FALSE,FALSE,TRUE,TRUE,TRUE,1,0.6,FALSE,hit_r2_drag (Rý=0.3333); hit_r2_cv (Rý=0.4559); hit_r2_slope (Rý=0.7500)
3,13,,-64.92,0.8,3.01,0.03,0.0375,0.890877,0.520833,-0.3125,-62.5,-62.5,238.586663,-156.25,0.520833,0.890877,0.5,FALSE,FALSE,FALSE,TRUE,TRUE,TRUE,1,0.6,FALSE,hit_r2_drag (Rý=0.5208); hit_r2_cv (Rý=0.8909); hit_r2_slope (Rý=0.5000)
3,13,,-64.94,0.8,3.01,0.02,0.025,0.860589,0.2,0.125,0,0,-347.771489,1093.75,0.2,0.860589,0.347701,FALSE,FALSE,FALSE,TRUE,TRUE,TRUE,1,0.6,FALSE,hit_r2_drag (Rý=0.2000); hit_r2_cv (Rý=0.8606); hit_r2_slope (Rý=0.3477)
3,13,,-64.96,0.8,3.01,0.02,0.025,0.764267,0.571429,0.25,31.25,31.25,488.878317,312.5,0.571429,0.764267,0.853825,FALSE,FALSE,FALSE,TRUE,TRUE,TRUE,1,0.6,FALSE,hit_r2_drag (Rý=0.5714); hit_r2_cv (Rý=0.7643); hit_r2_slope (Rý=0.8538)
3,13,,-64.98,0.8,3.01,0.01,0.0125,0.016479,0.942308,0.4375,-31.25,-31.25,253.035799,468.75,0.942308,0.016479,0.857143,FALSE,FALSE,FALSE,TRUE,TRUE,TRUE,1,0.6,FALSE,hit_r2_drag (Rý=0.9423); hit_r2_cv (Rý=0.0165); hit_r2_slope (Rý=0.8571)
3,13,,-65,0.8,3.01,0.03,0.0375,0.14017,0.035714,0.0625,93.75,93.75,-606.06168,-937.5,0.035714,0.14017,0.035714,FALSE,FALSE,FALSE,TRUE,TRUE,TRUE,1,0.6,FALSE,hit_r2_drag (Rý=0.0357); hit_r2_cv (Rý=0.1402); hit_r2_slope (Rý=0.0357)
3,13,,-65.02,0.8,3.01,0.05,0.0625,0.786367,0.532609,-0.4375,0,0,665.836602,-1250,0.532609,0.786367,0.870482,FALSE,FALSE,FALSE,TRUE,TRUE,TRUE,1,0.6,FALSE,hit_r2_drag (Rý=0.5326); hit_r2_cv (Rý=0.7864); hit_r2_slope (Rý=0.8705)
3,13,,-65.04,0.8,3.01,0.02,0.025,0.72933,0.173913,-0.25,-156.25,-156.25,-453.917549,468.75,0.173913,0.72933,0.5,FALSE,FALSE,FALSE,TRUE,TRUE,TRUE,1,0.6,FALSE,hit_r2_drag (Rý=0.1739); hit_r2_cv (Rý=0.7293); hit_r2_slope (Rý=0.5000)
3,13,,-65.06,0.8,3.01,0.03,0.0375,0.334307,0.102273,-0.1875,125,125,-119.785374,156.25,0.102273,0.334307,0.864286,FALSE,FALSE,FALSE,TRUE,TRUE,TRUE,1,0.6,FALSE,hit_r2_drag (Rý=0.1023); hit_r2_cv (Rý=0.3343); hit_r2_slope (Rý=0.8643)
3,13,,-65.08,0.8,3.01,0.04,0.05,0.037669,0,0,0,0,-314.867669,468.75,0,0.037669,0.75,FALSE,FALSE,FALSE,TRUE,TRUE,TRUE,1,0.6,FALSE,hit_r2_drag (Rý=0.0000); hit_r2_cv (Rý=0.0377); hit_r2_slope (Rý=0.7500)
3,13,,-65.1,0.8,3.01,0.05,0.0625,0.83734,0.058824,-0.125,0,0,452.027745,-312.5,0.058824,0.83734,0.271739,FALSE,FALSE,FALSE,TRUE,TRUE,TRUE,1,0.6,FALSE,hit_r2_drag (Rý=0.0588); hit_r2_cv (Rý=0.8373); hit_r2_slope (Rý=0.2717)
3,13,,-65.12,0.8,3.01,0.03,0.0375,0.792141,0.307692,-0.25,-93.75,-93.75,-34.749403,-312.5,0.307692,0.792141,0.892857,FALSE,FALSE,FALSE,TRUE,TRUE,TRUE,1,0.6,FALSE,hit_r2_drag (Rý=0.3077); hit_r2_cv (Rý=0.7921); hit_r2_slope (Rý=0.8929)
3,13,,-65.14,0.8,3.01,0.03,0.0375,0.740468,0.03125,0.0625,62.5,62.5,-176.925554,781.25,0.03125,0.740468,0.095238,FALSE,FALSE,FALSE,TRUE,TRUE,TRUE,1,0.6,FALSE,hit_r2_drag (Rý=0.0313); hit_r2_cv (Rý=0.7405); hit_r2_slope (Rý=0.0952)
3,13,,-65.16,0.8,3,0.04,0.05,0.792702,0.142857,0.125,31.25,31.25,131.06804,156.25,0.142857,0.792702,0.83046,FALSE,FALSE,FALSE,TRUE,TRUE,TRUE,1,0.6,FALSE,hit_r2_drag (Rý=0.1429); hit_r2_cv (Rý=0.7927); hit_r2_slope (Rý=0.8305)
3,13,,-65.18,0.8,3.01,0.09,0.1125,0.102294,0.326613,-0.5625,125,125,730.859784,-1718.75,0.326613,0.102294,0.404709,FALSE,FALSE,FALSE,TRUE,TRUE,TRUE,1,0.6,FALSE,hit_r2_drag (Rý=0.3266); hit_r2_cv (Rý=0.1023); hit_r2_slope (Rý=0.4047)
3,13,,-65.2,0.8,3.01,2.13,2.6625,0.567123,0.522696,-26.625,6218.75,6218.75,2662.168645,-65156.25,0.522696,0.567123,0.525929,TRUE,TRUE,TRUE,TRUE,TRUE,TRUE,1,1,TRUE,hit_2nd_deriv_drag (6218.7500); hit_2nd_deriv_cv (2662.1686); hit_2nd_deriv_slope (-65156.2500); hit_r2_drag (Rý=0.5227); hit_r2_cv (Rý=0.5671); hit_r2_slope (Rý=0.5259)
3,13,,-65.22,0.8,3.01,1.72,2.15,0.624232,0.697476,-34.1875,-7656.25,-7656.25,-4932.168214,-18906.25,0.697476,0.624232,0.854876,TRUE,TRUE,TRUE,TRUE,TRUE,TRUE,1,1,TRUE,hit_2nd_deriv_drag (-7656.2500); hit_2nd_deriv_cv (-4932.1682); hit_2nd_deriv_slope (-18906.2500); hit_r2_drag (Rý=0.6975); hit_r2_cv (Rý=0.6242); hit_r2_slope (Rý=0.8549)
3,13,,-65.24,0.8,3.01,2.02,2.525,0.22072,0.712548,-34.9375,2218.75,2218.75,666.091657,-1875,0.712548,0.22072,0.794699,TRUE,FALSE,FALSE,TRUE,TRUE,TRUE,1,0.8,TRUE,hit_2nd_deriv_drag (2218.7500); hit_r2_drag (Rý=0.7125); hit_r2_cv (Rý=0.2207); hit_r2_slope (Rý=0.7947)
3,14,,-64.5,0.8,3.01,0.05,0.0625,0,0,0,0,0,0,0,0,0,0,FALSE,FALSE,FALSE,FALSE,FALSE,FALSE,1,0,FALSE,insufficient_data
3,14,,-64.52,0.8,3.01,0,0,0,0,0,0,0,0,0,0,0,0,FALSE,FALSE,FALSE,FALSE,FALSE,FALSE,1,0,FALSE,insufficient_data
3,14,,-64.54,0.8,3,0,0,0,0,0,0,0,0,0,0,0,0,FALSE,FALSE,FALSE,FALSE,FALSE,FALSE,1,0,FALSE,insufficient_data
3,14,,-64.56,0.8,3.01,0,0,0,0,0,0,0,0,0,0,0,0,FALSE,FALSE,FALSE,FALSE,FALSE,FALSE,1,0,FALSE,insufficient_data
3,14,,-64.58,0.8,3.01,0.02,0.025,0,0,0,0,0,0,0,0,0,0,FALSE,FALSE,FALSE,FALSE,FALSE,FALSE,1,0,FALSE,insufficient_data
3,14,,-64.6,0.8,3.01,0.01,0.0125,0,0,0,0,0,0,0,0,0,0,FALSE,FALSE,FALSE,FALSE,FALSE,FALSE,1,0,FALSE,insufficient_data
3,14,,-64.62,0.8,3.01,0.04,0.05,0,0,0,0,0,0,0,0,0,0,FALSE,FALSE,FALSE,FALSE,FALSE,FALSE,1,0,FALSE,insufficient_data
3,14,,-64.64,0.8,3.01,0.02,0.025,0,0.409091,-0.375,-156.25,-156.25,-169.322177,0,0.409091,0,0,FALSE,FALSE,FALSE,TRUE,FALSE,FALSE,1,0.2,FALSE,hit_r2_drag (Rý=0.4091)
3,14,,-64.66,0.8,3.01,0.01,0.0125,0.965832,0.016667,0.0625,31.25,31.25,356.780157,1093.75,0.016667,0.965832,0,FALSE,FALSE,FALSE,TRUE,TRUE,FALSE,1,0.4,FALSE,hit_r2_drag (Rý=0.0167); hit_r2_cv (Rý=0.9658)
3,14,,-64.68,0.8,3.01,0.03,0.0375,0.928061,0.014706,-0.0625,93.75,93.75,429.17288,-312.5,0.014706,0.928061,0.568898,FALSE,FALSE,FALSE,TRUE,TRUE,TRUE,1,0.6,FALSE,hit_r2_drag (Rý=0.0147); hit_r2_cv (Rý=0.9281); hit_r2_slope (Rý=0.5689)
3,14,,-64.7,0.8,3.01,0.01,0.0125,0.760714,0.367647,0.3125,-125,-125,44.090054,937.5,0.367647,0.760714,0.15,FALSE,FALSE,FALSE,TRUE,TRUE,TRUE,1,0.6,FALSE,hit_r2_drag (Rý=0.3676); hit_r2_cv (Rý=0.7607); hit_r2_slope (Rý=0.1500)
3,14,,-64.72,0.8,3.01,0.01,0.0125,0.662801,0.125,0.125,62.5,62.5,-75.21634,-468.75,0.125,0.662801,0.4,FALSE,FALSE,FALSE,TRUE,TRUE,TRUE,1,0.6,FALSE,hit_r2_drag (Rý=0.1250); hit_r2_cv (Rý=0.6628); hit_r2_slope (Rý=0.4000)
3,14,,-64.74,0.8,3.01,0.02,0.025,0.895582,0,0,31.25,31.25,75.21634,-312.5,0,0.895582,0.898936,FALSE,FALSE,FALSE,TRUE,TRUE,TRUE,1,0.6,FALSE,hit_r2_drag (Rý=0.0000); hit_r2_cv (Rý=0.8956); hit_r2_slope (Rý=0.8989)
3,14,,-64.76,0.8,3.01,0,0,0.36,0.480769,0.3125,-93.75,-93.75,571.078398,781.25,0.480769,0.36,0.095238,FALSE,FALSE,FALSE,TRUE,TRUE,TRUE,1,0.6,FALSE,hit_r2_drag (Rý=0.4808); hit_r2_cv (Rý=0.3600); hit_r2_slope (Rý=0.0952)
3,14,,-64.78,0.8,3.01,0,0,0.737686,0.321429,0.1875,62.5,62.5,-53.620929,-312.5,0.321429,0.737686,0.480159,FALSE,FALSE,FALSE,TRUE,TRUE,TRUE,1,0.6,FALSE,hit_r2_drag (Rý=0.3214); hit_r2_cv (Rý=0.7377); hit_r2_slope (Rý=0.4802)
3,14,,-64.8,0.8,3.01,0,0,0.905662,0.5,0.25,0,0,477.339998,156.25,0.5,0.905662,0.4,FALSE,FALSE,FALSE,TRUE,TRUE,TRUE,1,0.6,FALSE,hit_r2_drag (Rý=0.5000); hit_r2_cv (Rý=0.9057); hit_r2_slope (Rý=0.4000)
3,14,,-64.82,0.8,3.01,0.02,0.025,0.890262,0,0,62.5,62.5,-1266.268621,-625,0,0.890262,0.231481,FALSE,FALSE,FALSE,TRUE,TRUE,TRUE,1,0.6,FALSE,hit_r2_drag (Rý=0.0000); hit_r2_cv (Rý=0.8903); hit_r2_slope (Rý=0.2315)
3,14,,-64.84,0.8,3.01,0.02,0.025,0.656972,0.75,-0.375,-62.5,-62.5,271.471155,-937.5,0.75,0.656972,0.857143,FALSE,FALSE,FALSE,TRUE,TRUE,TRUE,1,0.6,FALSE,hit_r2_drag (Rý=0.7500); hit_r2_cv (Rý=0.6570); hit_r2_slope (Rý=0.8571)
3,14,,-64.86,0.8,3.01,0.03,0.0375,0.041229,0.888889,-0.5,31.25,31.25,-919.005036,-312.5,0.888889,0.041229,0.864286,FALSE,FALSE,FALSE,TRUE,TRUE,TRUE,1,0.6,FALSE,hit_r2_drag (Rý=0.8889); hit_r2_cv (Rý=0.0412); hit_r2_slope (Rý=0.8643)
3,14,,-64.88,0.8,3.01,0.01,0.0125,0.887962,0.173077,-0.1875,-93.75,-93.75,369.591491,781.25,0.173077,0.887962,0.095238,FALSE,FALSE,FALSE,TRUE,TRUE,TRUE,1,0.6,FALSE,hit_r2_drag (Rý=0.1731); hit_r2_cv (Rý=0.8880); hit_r2_slope (Rý=0.0952)
3,14,,-64.9,0.8,3.01,0.01,0.0125,0.949384,0.321429,0.1875,62.5,62.5,-4.680779,937.5,0.321429,0.949384,0.880435,FALSE,FALSE,FALSE,TRUE,TRUE,TRUE,1,0.6,FALSE,hit_r2_drag (Rý=0.3214); hit_r2_cv (Rý=0.9494); hit_r2_slope (Rý=0.8804)
3,14,,-64.92,0.8,3,0.01,0.0125,0.849017,0.5,0.25,0,0,764.74505,156.25,0.5,0.849017,0.819672,FALSE,FALSE,FALSE,TRUE,TRUE,TRUE,1,0.6,FALSE,hit_r2_drag (Rý=0.5000); hit_r2_cv (Rý=0.8490); hit_r2_slope (Rý=0.8197)
3,14,,-64.94,0.8,3.01,0.02,0.025,0.605144,0.125,0.125,31.25,31.25,-210.650726,-312.5,0.125,0.605144,0.035714,FALSE,FALSE,FALSE,TRUE,TRUE,TRUE,1,0.6,FALSE,hit_r2_drag (Rý=0.1250); hit_r2_cv (Rý=0.6051); hit_r2_slope (Rý=0.0357)
3,14,,-64.96,0.8,3.01,0.01,0.0125,0.536228,0.125,-0.0625,-62.5,-62.5,-416.666667,-468.75,0.125,0.536228,0.857143,FALSE,FALSE,FALSE,TRUE,TRUE,TRUE,1,0.6,FALSE,hit_r2_drag (Rý=0.1250); hit_r2_cv (Rý=0.5362); hit_r2_slope (Rý=0.8571)
3,14,,-64.98,0.8,3.01,0.01,0.0125,0.395553,0,0,31.25,31.25,416.666667,156.25,0,0.395553,0.532609,FALSE,FALSE,FALSE,TRUE,TRUE,TRUE,1,0.6,FALSE,hit_r2_drag (Rý=0.0000); hit_r2_cv (Rý=0.3956); hit_r2_slope (Rý=0.5326)
3,14,,-65,0.8,3.01,0.02,0.025,0.695297,0.083333,-0.0625,31.25,31.25,41.484432,-156.25,0.083333,0.695297,0.083333,FALSE,FALSE,FALSE,TRUE,TRUE,TRUE,1,0.6,FALSE,hit_r2_drag (Rý=0.0833); hit_r2_cv (Rý=0.6953); hit_r2_slope (Rý=0.0833)
3,14,,-65.02,0.8,3,2.44,3.05,0.426192,0.499989,-30.3125,7531.25,7531.25,3933.749349,-75625,0.499989,0.426192,0.502063,TRUE,TRUE,TRUE,TRUE,TRUE,TRUE,1,1,TRUE,hit_2nd_deriv_drag (7531.2500); hit_2nd_deriv_cv (3933.7493); hit_2nd_deriv_slope (-75625.0000); hit_r2_drag (Rý=0.5000); hit_r2_cv (Rý=0.4262); hit_r2_slope (Rý=0.5021)
3,14,,-65.04,0.8,3.01,2.99,3.7375,0.542078,0.790024,-52.4375,-5843.75,-5843.75,-5774.726102,-55312.5,0.790024,0.542078,0.89995,TRUE,TRUE,TRUE,TRUE,TRUE,TRUE,1,1,TRUE,hit_2nd_deriv_drag (-5843.7500); hit_2nd_deriv_cv (-5774.7261); hit_2nd_deriv_slope (-55312.5000); hit_r2_drag (Rý=0.7900); hit_r2_cv (Rý=0.5421); hit_r2_slope (Rý=0.9000)
3,14,,-65.06,0.8,3.01,3.97,4.9625,0.201299,0.921453,-68.0625,1343.75,1343.75,875.625188,-39062.5,0.921453,0.201299,0.899716,TRUE,FALSE,TRUE,TRUE,TRUE,TRUE,1,1,TRUE,hit_2nd_deriv_drag (1343.7500); hit_2nd_deriv_slope (-39062.5000); hit_r2_drag (Rý=0.9215); hit_r2_cv (Rý=0.2013); hit_r2_slope (Rý=0.8997)
3,15,,-64.5,0.8,3.01,0.07,0.0875,0,0,0,0,0,0,0,0,0,0,FALSE,FALSE,FALSE,FALSE,FALSE,FALSE,1,0,FALSE,insufficient_data
3,15,,-64.52,0.8,3.01,0.04,0.05,0,0,0,0,0,0,0,0,0,0,FALSE,FALSE,FALSE,FALSE,FALSE,FALSE,1,0,FALSE,insufficient_data
3,15,,-64.54,0.8,3,0.04,0.05,0,0,0,0,0,0,0,0,0,0,FALSE,FALSE,FALSE,FALSE,FALSE,FALSE,1,0,FALSE,insufficient_data
3,15,,-64.56,0.8,3.01,0.02,0.025,0,0,0,0,0,0,0,0,0,0,FALSE,FALSE,FALSE,FALSE,FALSE,FALSE,1,0,FALSE,insufficient_data
3,15,,-64.58,0.8,3.01,0.04,0.05,0,0,0,0,0,0,0,0,0,0,FALSE,FALSE,FALSE,FALSE,FALSE,FALSE,1,0,FALSE,insufficient_data
3,15,,-64.6,0.8,3.01,0.05,0.0625,0,0,0,0,0,0,0,0,0,0,FALSE,FALSE,FALSE,FALSE,FALSE,FALSE,1,0,FALSE,insufficient_data
3,15,,-64.62,0.8,3.01,0,0,0,0,0,0,0,0,0,0,0,0,FALSE,FALSE,FALSE,FALSE,FALSE,FALSE,1,0,FALSE,insufficient_data
3,15,,-64.64,0.8,3.01,0.01,0.0125,0,0.209302,0.375,187.5,187.5,-404.817553,0,0.209302,0,0,FALSE,FALSE,FALSE,TRUE,FALSE,FALSE,1,0.2,FALSE,hit_r2_drag (Rý=0.2093)
3,15,,-64.66,0.8,3.01,0.05,0.0625,0.706717,0.018182,0.125,93.75,93.75,-625.280975,-625,0.018182,0.706717,0,FALSE,FALSE,FALSE,TRUE,TRUE,FALSE,1,0.4,FALSE,hit_r2_drag (Rý=0.0182); hit_r2_cv (Rý=0.7067)
3,15,,-64.68,0.8,3.01,0.05,0.0625,0.57793,0.100806,-0.3125,-125,-125,175.900723,-1093.75,0.100806,0.57793,0.836634,FALSE,FALSE,FALSE,TRUE,TRUE,TRUE,1,0.6,FALSE,hit_r2_drag (Rý=0.1008); hit_r2_cv (Rý=0.5779); hit_r2_slope (Rý=0.8366)
3,15,,-64.7,0.8,3.01,0.05,0.0625,0.095197,0.790323,-0.875,0,0,8.088384,-1406.25,0.790323,0.095197,0.874138,FALSE,FALSE,FALSE,TRUE,TRUE,TRUE,1,0.6,FALSE,hit_r2_drag (Rý=0.7903); hit_r2_cv (Rý=0.0952); hit_r2_slope (Rý=0.8741)
3,15,,-64.72,0.8,3.01,0.05,0.0625,0.658026,0.5,-0.5,0,0,-787.545411,937.5,0.5,0.658026,0.271739,FALSE,FALSE,FALSE,TRUE,TRUE,TRUE,1,0.6,FALSE,hit_r2_drag (Rý=0.5000); hit_r2_cv (Rý=0.6580); hit_r2_slope (Rý=0.2717)
3,15,,-64.74,0.8,3.01,0.05,0.0625,0.771558,0,0,0,0,-164.835541,1250,0,0.771558,0.870482,FALSE,FALSE,FALSE,TRUE,TRUE,TRUE,1,0.6,FALSE,hit_r2_drag (Rý=0.0000); hit_r2_cv (Rý=0.7716); hit_r2_slope (Rý=0.8705)
3,15,,-64.76,0.8,3.01,0.04,0.05,0.855027,0.5,0.125,-31.25,-31.25,1160.714286,312.5,0.5,0.855027,0.844828,FALSE,FALSE,FALSE,TRUE,TRUE,TRUE,1,0.6,FALSE,hit_r2_drag (Rý=0.5000); hit_r2_cv (Rý=0.8550); hit_r2_slope (Rý=0.8448)
3,15,,-64.78,0.8,3.01,0.04,0.05,0.667039,0.75,0.1875,31.25,31.25,-150.417782,156.25,0.75,0.667039,0.888889,FALSE,FALSE,FALSE,TRUE,TRUE,TRUE,1,0.6,FALSE,hit_r2_drag (Rý=0.7500); hit_r2_cv (Rý=0.6670); hit_r2_slope (Rý=0.8889)
3,15,,-64.8,0.8,3.01,0.04,0.05,0.226287,0.75,0.1875,0,0,-45.81333,0,0.75,0.226287,0.75,FALSE,FALSE,FALSE,TRUE,TRUE,TRUE,1,0.6,FALSE,hit_r2_drag (Rý=0.7500); hit_r2_cv (Rý=0.2263); hit_r2_slope (Rý=0.7500)
3,15,,-64.82,0.8,3.01,0.05,0.0625,0.694685,0,0,31.25,31.25,-12.102222,-468.75,0,0.694685,0.5,FALSE,FALSE,FALSE,TRUE,TRUE,TRUE,1,0.6,FALSE,hit_r2_drag (Rý=0.0000); hit_r2_cv (Rý=0.6947); hit_r2_slope (Rý=0.5000)
3,15,,-64.84,0.8,3.01,0.05,0.0625,0.625529,0.75,-0.1875,-31.25,-31.25,0,-468.75,0.75,0.625529,0.892857,FALSE,FALSE,FALSE,TRUE,TRUE,TRUE,1,0.6,FALSE,hit_r2_drag (Rý=0.7500); hit_r2_cv (Rý=0.6255); hit_r2_slope (Rý=0.8929)
3,15,,-64.86,0.8,3.01,0.04,0.05,0.5,0.083333,-0.0625,-31.25,-31.25,0,312.5,0.083333,0.5,0.271739,FALSE,FALSE,FALSE,TRUE,TRUE,TRUE,1,0.6,FALSE,hit_r2_drag (Rý=0.0833); hit_r2_cv (Rý=0.5000); hit_r2_slope (Rý=0.2717)
3,15,,-64.88,0.8,3.01,0.06,0.075,0.5,0.321429,-0.1875,93.75,93.75,111.404871,-312.5,0.321429,0.5,0.083333,FALSE,FALSE,FALSE,TRUE,TRUE,TRUE,1,0.6,FALSE,hit_r2_drag (Rý=0.3214); hit_r2_cv (Rý=0.5000); hit_r2_slope (Rý=0.0833)
3,15,,-64.9,0.8,3.01,0.07,0.0875,0.794551,0.480769,-0.3125,-31.25,-31.25,-29.029412,-312.5,0.480769,0.794551,0.892857,FALSE,FALSE,FALSE,TRUE,TRUE,TRUE,1,0.6,FALSE,hit_r2_drag (Rý=0.4808); hit_r2_cv (Rý=0.7946); hit_r2_slope (Rý=0.8929)
3,15,,-64.92,0.8,3.01,0.07,0.0875,0.933587,0.720588,-0.4375,-31.25,-31.25,-51.838628,-312.5,0.720588,0.933587,0.892857,FALSE,FALSE,FALSE,TRUE,TRUE,TRUE,1,0.6,FALSE,hit_r2_drag (Rý=0.7206); hit_r2_cv (Rý=0.9336); hit_r2_slope (Rý=0.8929)
3,15,,-64.94,0.8,3.01,0.08,0.1,0.913257,0.880435,-0.5625,31.25,31.25,-3.335567,-312.5,0.880435,0.913257,0.892857,FALSE,FALSE,FALSE,TRUE,TRUE,TRUE,1,0.6,FALSE,hit_r2_drag (Rý=0.8804); hit_r2_cv (Rý=0.9133); hit_r2_slope (Rý=0.8929)
3,15,,-64.96,0.8,3.01,2.95,3.6875,0.528229,0.505207,-36.1875,8937.5,8937.5,3901.200728,-89062.5,0.505207,0.528229,0.503501,TRUE,TRUE,TRUE,TRUE,TRUE,TRUE,1,1,TRUE,hit_2nd_deriv_drag (8937.5000); hit_2nd_deriv_cv (3901.2007); hit_2nd_deriv_slope (-89062.5000); hit_r2_drag (Rý=0.5052); hit_r2_cv (Rý=0.5282); hit_r2_slope (Rý=0.5035)
3,15,,-64.98,0.8,3,4.34,5.425,0.599057,0.801365,-71.375,-4625,-4625,-5383.807421,-87968.75,0.801365,0.599057,0.893473,TRUE,TRUE,TRUE,TRUE,TRUE,TRUE,1,1,TRUE,hit_2nd_deriv_drag (-4625.0000); hit_2nd_deriv_cv (-5383.8074); hit_2nd_deriv_slope (-87968.7500); hit_r2_drag (Rý=0.8014); hit_r2_cv (Rý=0.5991); hit_r2_slope (Rý=0.8935)
3,15,,-65,0.8,3.01,4.58,5.725,0.274115,0.898425,-83,-3593.75,-3593.75,513.062952,-29062.5,0.898425,0.274115,0.863684,TRUE,FALSE,TRUE,TRUE,TRUE,TRUE,1,1,TRUE,hit_2nd_deriv_drag (-3593.7500); hit_2nd_deriv_slope (-29062.5000); hit_r2_drag (Rý=0.8984); hit_r2_cv (Rý=0.2741); hit_r2_slope (Rý=0.8637)
3,16,,-64.5,0.8,3.01,0.07,0.0875,0,0,0,0,0,0,0,0,0,0,FALSE,FALSE,FALSE,FALSE,FALSE,FALSE,1,0,FALSE,insufficient_data
3,16,,-64.52,0.8,3.01,0.01,0.0125,0,0,0,0,0,0,0,0,0,0,FALSE,FALSE,FALSE,FALSE,FALSE,FALSE,1,0,FALSE,insufficient_data
3,16,,-64.54,0.8,3.01,0.01,0.0125,0,0,0,0,0,0,0,0,0,0,FALSE,FALSE,FALSE,FALSE,FALSE,FALSE,1,0,FALSE,insufficient_data
3,16,,-64.56,0.8,3.01,0.01,0.0125,0,0,0,0,0,0,0,0,0,0,FALSE,FALSE,FALSE,FALSE,FALSE,FALSE,1,0,FALSE,insufficient_data
3,16,,-64.58,0.8,3,0.02,0.025,0,0,0,0,0,0,0,0,0,0,FALSE,FALSE,FALSE,FALSE,FALSE,FALSE,1,0,FALSE,insufficient_data
3,16,,-64.6,0.8,3.01,0.02,0.025,0,0,0,0,0,0,0,0,0,0,FALSE,FALSE,FALSE,FALSE,FALSE,FALSE,1,0,FALSE,insufficient_data
3,16,,-64.62,0.8,3.01,0.02,0.025,0,0,0,0,0,0,0,0,0,0,FALSE,FALSE,FALSE,FALSE,FALSE,FALSE,1,0,FALSE,insufficient_data
3,16,,-64.64,0.8,3,0.03,0.0375,0,0.8,-0.25,31.25,31.25,134.456091,0,0.8,0,0,FALSE,FALSE,FALSE,TRUE,FALSE,FALSE,1,0.2,FALSE,hit_r2_drag (Rý=0.8000)
3,16,,-64.66,0.8,3,0.03,0.0375,0.649146,0.75,-0.1875,-31.25,-31.25,-305.362922,156.25,0.75,0.649146,0,FALSE,FALSE,FALSE,TRUE,TRUE,FALSE,1,0.4,FALSE,hit_r2_drag (Rý=0.7500); hit_r2_cv (Rý=0.6491)
3,16,,-64.68,0.8,3.01,0.03,0.0375,0.869309,0.75,-0.1875,0,0,241.004409,0,0.75,0.869309,0.75,FALSE,FALSE,FALSE,TRUE,TRUE,TRUE,1,0.6,FALSE,hit_r2_drag (Rý=0.7500); hit_r2_cv (Rý=0.8693); hit_r2_slope (Rý=0.7500)
3,16,,-64.7,0.8,3,0.03,0.0375,0.889499,0.5,-0.125,0,0,-74.658219,156.25,0.5,0.889499,0.5,FALSE,FALSE,FALSE,TRUE,TRUE,TRUE,1,0.6,FALSE,hit_r2_drag (Rý=0.5000); hit_r2_cv (Rý=0.8895); hit_r2_slope (Rý=0.5000)
3,16,,-64.72,0.8,3.01,0.02,0.025,0.824746,0.5,0.125,-31.25,-31.25,113.912863,625,0.5,0.824746,0.703488,FALSE,FALSE,FALSE,TRUE,TRUE,TRUE,1,0.6,FALSE,hit_r2_drag (Rý=0.5000); hit_r2_cv (Rý=0.8247); hit_r2_slope (Rý=0.7035)
3,16,,-64.74,0.8,3.01,0.01,0.0125,0.185435,0.78125,0.3125,0,0,476.190476,468.75,0.78125,0.185435,0.9,FALSE,FALSE,FALSE,TRUE,TRUE,TRUE,1,0.6,FALSE,hit_r2_drag (Rý=0.7812); hit_r2_cv (Rý=0.1854); hit_r2_slope (Rý=0.9000)
3,16,,-64.76,0.8,3.01,0.01,0.0125,0.690711,0.9,0.375,31.25,31.25,-191.489821,156.25,0.9,0.690711,0.864286,FALSE,FALSE,FALSE,TRUE,TRUE,TRUE,1,0.6,FALSE,hit_r2_drag (Rý=0.9000); hit_r2_cv (Rý=0.6907); hit_r2_slope (Rý=0.8643)
3,16,,-64.78,0.8,3.01,0.01,0.0125,0.932346,0.78125,0.3125,0,0,-152.734644,-156.25,0.78125,0.932346,0.083333,FALSE,FALSE,FALSE,TRUE,TRUE,TRUE,1,0.6,FALSE,hit_r2_drag (Rý=0.7812); hit_r2_cv (Rý=0.9323); hit_r2_slope (Rý=0.0833)
3,16,,-64.8,0.8,3.01,0.01,0.0125,0.397701,0.5,0.125,0,0,-548.632678,-468.75,0.5,0.397701,0.75,FALSE,FALSE,FALSE,TRUE,TRUE,TRUE,1,0.6,FALSE,hit_r2_drag (Rý=0.5000); hit_r2_cv (Rý=0.3977); hit_r2_slope (Rý=0.7500)
3,16,,-64.82,0.8,3.01,0.01,0.0125,0.402678,0,0,0,0,-416.666667,-312.5,0,0.402678,0.898936,FALSE,FALSE,FALSE,TRUE,TRUE,TRUE,1,0.6,FALSE,hit_r2_drag (Rý=0.0000); hit_r2_cv (Rý=0.4027); hit_r2_slope (Rý=0.8989)
3,16,,-64.84,0.8,3,0.02,0.025,0.350056,0.5,-0.125,31.25,31.25,1666.666667,-312.5,0.5,0.350056,0.892857,FALSE,FALSE,FALSE,TRUE,TRUE,TRUE,1,0.6,FALSE,hit_r2_drag (Rý=0.5000); hit_r2_cv (Rý=0.3501); hit_r2_slope (Rý=0.8929)
3,16,,-64.86,0.8,3.01,0.02,0.025,0.0669,0.75,-0.1875,-31.25,-31.25,-791.848901,-156.25,0.75,0.0669,0.888889,FALSE,FALSE,FALSE,TRUE,TRUE,TRUE,1,0.6,FALSE,hit_r2_drag (Rý=0.7500); hit_r2_cv (Rý=0.0669); hit_r2_slope (Rý=0.8889)
3,16,,-64.88,0.8,3.01,0.02,0.025,0.098787,0.75,-0.1875,0,0,-150.836653,0,0.75,0.098787,0.75,FALSE,FALSE,FALSE,TRUE,TRUE,TRUE,1,0.6,FALSE,hit_r2_drag (Rý=0.7500); hit_r2_cv (Rý=0.0988); hit_r2_slope (Rý=0.7500)
3,16,,-64.9,0.8,3.01,0.04,0.05,0.654626,0.75,-0.375,62.5,62.5,457.291105,-468.75,0.75,0.654626,0.5,FALSE,FALSE,FALSE,TRUE,TRUE,TRUE,1,0.6,FALSE,hit_r2_drag (Rý=0.7500); hit_r2_cv (Rý=0.6546); hit_r2_slope (Rý=0.5000)
3,16,,-64.92,0.8,3.01,0.02,0.025,0.079176,0.125,-0.125,-125,-125,-628.009979,625,0.125,0.079176,0.007143,FALSE,FALSE,FALSE,TRUE,TRUE,TRUE,1,0.6,FALSE,hit_r2_drag (Rý=0.1250); hit_r2_cv (Rý=0.0792); hit_r2_slope (Rý=0.0071)
3,16,,-64.94,0.8,3.01,0.01,0.0125,0.279656,0.083333,0.125,31.25,31.25,560.14219,625,0.083333,0.279656,0.892857,FALSE,FALSE,FALSE,TRUE,TRUE,TRUE,1,0.6,FALSE,hit_r2_drag (Rý=0.0833); hit_r2_cv (Rý=0.2797); hit_r2_slope (Rý=0.8929)
3,16,,-64.96,0.8,3.01,0.01,0.0125,0.614636,0.416667,0.3125,31.25,31.25,-24.16913,468.75,0.416667,0.614636,0.9,FALSE,FALSE,FALSE,TRUE,TRUE,TRUE,1,0.6,FALSE,hit_r2_drag (Rý=0.4167); hit_r2_cv (Rý=0.6146); hit_r2_slope (Rý=0.9000)
3,16,,-64.98,0.8,3.01,0.02,0.025,0.552589,0.416667,0.3125,31.25,31.25,-255.901965,0,0.416667,0.552589,0.75,FALSE,FALSE,FALSE,TRUE,TRUE,TRUE,1,0.6,FALSE,hit_r2_drag (Rý=0.4167); hit_r2_cv (Rý=0.5526); hit_r2_slope (Rý=0.7500)
3,16,,-65,0.8,3.01,0.01,0.0125,0.043118,0.083333,0.0625,-62.5,-62.5,-494.488628,-625,0.083333,0.043118,0.5,FALSE,FALSE,FALSE,TRUE,TRUE,TRUE,1,0.6,FALSE,hit_r2_drag (Rý=0.0833); hit_r2_cv (Rý=0.0431); hit_r2_slope (Rý=0.5000)
3,16,,-65.02,0.8,3.01,0.01,0.0125,0.417626,0,0,31.25,31.25,453.004197,-156.25,0,0.417626,0.844828,FALSE,FALSE,FALSE,TRUE,TRUE,TRUE,1,0.6,FALSE,hit_r2_drag (Rý=0.0000); hit_r2_cv (Rý=0.4176); hit_r2_slope (Rý=0.8448)
3,16,,-65.04,0.8,3.01,0,0,0.00285,0.45,0.1875,-31.25,-31.25,789.289929,468.75,0.45,0.00285,0.15,FALSE,FALSE,FALSE,TRUE,TRUE,TRUE,1,0.6,FALSE,hit_r2_drag (Rý=0.4500); hit_r2_cv (Rý=0.0028); hit_r2_slope (Rý=0.1500)
3,16,,-65.06,0.8,3.01,0.96,1.2,0.521529,0.484201,-11.6875,3031.25,3031.25,2421.713522,-29687.5,0.484201,0.521529,0.484058,TRUE,TRUE,TRUE,TRUE,TRUE,TRUE,1,1,TRUE,hit_2nd_deriv_drag (3031.2500); hit_2nd_deriv_cv (2421.7135); hit_2nd_deriv_slope (-29687.5000); hit_r2_drag (Rý=0.4842); hit_r2_cv (Rý=0.5215); hit_r2_slope (Rý=0.4841)
3,16,,-65.08,0.8,3.01,2.23,2.7875,0.676724,0.757773,-33.6875,968.75,968.75,-4510.295765,-55000,0.757773,0.676724,0.828323,TRUE,TRUE,TRUE,TRUE,TRUE,TRUE,1,1,TRUE,hit_2nd_deriv_drag (968.7500); hit_2nd_deriv_cv (-4510.2958); hit_2nd_deriv_slope (-55000.0000); hit_r2_drag (Rý=0.7578); hit_r2_cv (Rý=0.6767); hit_r2_slope (Rý=0.8283)
3,16,,-65.1,0.8,3.01,2.42,3.025,0.242043,0.914638,-44.0625,-3375,-3375,249.642336,-25937.5,0.914638,0.242043,0.885868,TRUE,FALSE,TRUE,TRUE,TRUE,TRUE,1,1,TRUE,hit_2nd_deriv_drag (-3375.0000); hit_2nd_deriv_slope (-25937.5000); hit_r2_drag (Rý=0.9146); hit_r2_cv (Rý=0.2420); hit_r2_slope (Rý=0.8859)
3,17,,-64.5,0.8,3.01,0.04,0.05,0,0,0,0,0,0,0,0,0,0,FALSE,FALSE,FALSE,FALSE,FALSE,FALSE,1,0,FALSE,insufficient_data
3,17,,-64.52,0.8,3.01,0.01,0.0125,0,0,0,0,0,0,0,0,0,0,FALSE,FALSE,FALSE,FALSE,FALSE,FALSE,1,0,FALSE,insufficient_data
3,17,,-64.54,0.8,3.01,0.02,0.025,0,0,0,0,0,0,0,0,0,0,FALSE,FALSE,FALSE,FALSE,FALSE,FALSE,1,0,FALSE,insufficient_data
3,17,,-64.56,0.8,3.01,0.01,0.0125,0,0,0,0,0,0,0,0,0,0,FALSE,FALSE,FALSE,FALSE,FALSE,FALSE,1,0,FALSE,insufficient_data
3,17,,-64.58,0.8,3.01,0.02,0.025,0,0,0,0,0,0,0,0,0,0,FALSE,FALSE,FALSE,FALSE,FALSE,FALSE,1,0,FALSE,insufficient_data
3,17,,-64.6,0.8,3.01,0,0,0,0,0,0,0,0,0,0,0,0,FALSE,FALSE,FALSE,FALSE,FALSE,FALSE,1,0,FALSE,insufficient_data
3,17,,-64.62,0.8,3.01,0,0,0,0,0,0,0,0,0,0,0,0,FALSE,FALSE,FALSE,FALSE,FALSE,FALSE,1,0,FALSE,insufficient_data
3,17,,-64.64,0.8,3.01,0.02,0.025,0,0,0,62.5,62.5,-677.044066,0,0,0,0,FALSE,FALSE,FALSE,TRUE,FALSE,FALSE,1,0.2,FALSE,hit_r2_drag (Rý=0.0000)
3,17,,-64.66,0.8,3.01,0.02,0.025,0.63511,0.083333,-0.125,-62.5,-62.5,-194.826525,-312.5,0.083333,0.63511,0,FALSE,FALSE,FALSE,TRUE,TRUE,FALSE,1,0.4,FALSE,hit_r2_drag (Rý=0.0833); hit_r2_cv (Rý=0.6351)
3,17,,-64.68,0.8,3,0.03,0.0375,0.296908,0.888889,-0.5,31.25,31.25,296.442216,-937.5,0.888889,0.296908,0.75,FALSE,FALSE,FALSE,TRUE,TRUE,TRUE,1,0.6,FALSE,hit_r2_drag (Rý=0.8889); hit_r2_cv (Rý=0.2969); hit_r2_slope (Rý=0.7500)
3,17,,-64.7,0.8,3.01,0.04,0.05,0.648293,0.920455,-0.5625,0,0,-736.916111,-156.25,0.920455,0.648293,0.819672,FALSE,FALSE,FALSE,TRUE,TRUE,TRUE,1,0.6,FALSE,hit_r2_drag (Rý=0.9205); hit_r2_cv (Rý=0.6483); hit_r2_slope (Rý=0.8197)
3,17,,-64.72,0.8,3.01,0.02,0.025,0.803893,0.125,-0.125,-93.75,-93.75,-103.025534,1093.75,0.125,0.803893,0.347701,FALSE,FALSE,FALSE,TRUE,TRUE,TRUE,1,0.6,FALSE,hit_r2_drag (Rý=0.1250); hit_r2_cv (Rý=0.8039); hit_r2_slope (Rý=0.3477)
3,17,,-64.74,0.8,3.01,0.02,0.025,0.87217,0.03125,0.0625,62.5,62.5,738.325954,468.75,0.03125,0.87217,0.880435,FALSE,FALSE,FALSE,TRUE,TRUE,TRUE,1,0.6,FALSE,hit_r2_drag (Rý=0.0313); hit_r2_cv (Rý=0.8722); hit_r2_slope (Rý=0.8804)
3,17,,-64.76,0.8,3.01,0.02,0.025,0.788961,0.5,0.25,0,0,0,468.75,0.5,0.788961,0.892857,FALSE,FALSE,FALSE,TRUE,TRUE,TRUE,1,0.6,FALSE,hit_r2_drag (Rý=0.5000); hit_r2_cv (Rý=0.7890); hit_r2_slope (Rý=0.8929)
3,17,,-64.78,0.8,3.01,0.01,0.0125,0.14478,0.75,0.375,-31.25,-31.25,344.173659,312.5,0.75,0.14478,0.898936,FALSE,FALSE,FALSE,TRUE,TRUE,TRUE,1,0.6,FALSE,hit_r2_drag (Rý=0.7500); hit_r2_cv (Rý=0.1448); hit_r2_slope (Rý=0.8989)
3,17,,-64.8,0.8,3.01,0.01,0.0125,0.118925,0.75,0.1875,31.25,31.25,-692.112543,-468.75,0.75,0.118925,0,FALSE,FALSE,FALSE,TRUE,TRUE,TRUE,1,0.6,FALSE,hit_r2_drag (Rý=0.7500); hit_r2_cv (Rý=0.1189); hit_r2_slope (Rý=0.0000)
3,17,,-64.82,0.8,3.01,0.01,0.0125,0.047886,0.75,0.1875,0,0,457.291105,0,0.75,0.047886,0.75,FALSE,FALSE,FALSE,TRUE,TRUE,TRUE,1,0.6,FALSE,hit_r2_drag (Rý=0.7500); hit_r2_cv (Rý=0.0479); hit_r2_slope (Rý=0.7500)
3,17,,-64.84,0.8,3.01,0,0,0.406238,0.8,0.25,-31.25,-31.25,596.968844,156.25,0.8,0.406238,0.5,FALSE,FALSE,FALSE,TRUE,TRUE,TRUE,1,0.6,FALSE,hit_r2_drag (Rý=0.8000); hit_r2_cv (Rý=0.4062); hit_r2_slope (Rý=0.5000)
3,17,,-64.86,0.8,3.01,0.02,0.025,0.518705,0.05,-0.0625,93.75,93.75,-706.321065,-781.25,0.05,0.518705,0.284884,FALSE,FALSE,FALSE,TRUE,TRUE,TRUE,1,0.6,FALSE,hit_r2_drag (Rý=0.0500); hit_r2_cv (Rý=0.5187); hit_r2_slope (Rý=0.2849)
3,17,,-64.88,0.8,3.01,0.02,0.025,0.764684,0.321429,-0.1875,-62.5,-62.5,-22.114919,-312.5,0.321429,0.764684,0.876214,FALSE,FALSE,FALSE,TRUE,TRUE,TRUE,1,0.6,FALSE,hit_r2_drag (Rý=0.3214); hit_r2_cv (Rý=0.7647); hit_r2_slope (Rý=0.8762)
3,17,,-64.9,0.8,3.01,0.02,0.025,0.320633,0.5,-0.25,0,0,-108.337564,-156.25,0.5,0.320633,0.888889,FALSE,FALSE,FALSE,TRUE,TRUE,TRUE,1,0.6,FALSE,hit_r2_drag (Rý=0.5000); hit_r2_cv (Rý=0.3206); hit_r2_slope (Rý=0.8889)
3,17,,-64.92,0.8,3.01,0.03,0.0375,0.856164,0.75,-0.375,31.25,31.25,62.708689,-312.5,0.75,0.856164,0.816667,FALSE,FALSE,FALSE,TRUE,TRUE,TRUE,1,0.6,FALSE,hit_r2_drag (Rý=0.7500); hit_r2_cv (Rý=0.8562); hit_r2_slope (Rý=0.8167)
3,17,,-64.94,0.8,3.01,0.02,0.025,0.684062,0.125,-0.0625,-62.5,-62.5,-838.538387,781.25,0.125,0.684062,0.095238,FALSE,FALSE,FALSE,TRUE,TRUE,TRUE,1,0.6,FALSE,hit_r2_drag (Rý=0.1250); hit_r2_cv (Rý=0.6841); hit_r2_slope (Rý=0.0952)
3,17,,-64.96,0.8,3.01,0.03,0.0375,0.824588,0.333333,-0.125,62.5,62.5,962.047089,-156.25,0.333333,0.824588,0.630597,FALSE,FALSE,FALSE,TRUE,TRUE,TRUE,1,0.6,FALSE,hit_r2_drag (Rý=0.3333); hit_r2_cv (Rý=0.8246); hit_r2_slope (Rý=0.6306)
3,17,,-64.98,0.8,3.01,0.02,0.025,0.734647,0,0,-62.5,-62.5,-55.764909,312.5,0,0.734647,0.035714,FALSE,FALSE,FALSE,TRUE,TRUE,TRUE,1,0.6,FALSE,hit_r2_drag (Rý=0.0000); hit_r2_cv (Rý=0.7346); hit_r2_slope (Rý=0.0357)
3,17,,-65,0.8,3.01,0.03,0.0375,0.484042,0,0,62.5,62.5,-39.254643,0,0,0.484042,0.75,FALSE,FALSE,FALSE,TRUE,TRUE,TRUE,1,0.6,FALSE,hit_r2_drag (Rý=-0.0000); hit_r2_cv (Rý=0.4840); hit_r2_slope (Rý=0.7500)
3,17,,-65.02,0.8,3.01,2.57,3.2125,0.502816,0.501957,-31.875,7906.25,7906.25,4334.162515,-79687.5,0.501957,0.502816,0.5,TRUE,TRUE,TRUE,TRUE,TRUE,TRUE,1,1,TRUE,hit_2nd_deriv_drag (7906.2500); hit_2nd_deriv_cv (4334.1625); hit_2nd_deriv_slope (-79687.5000); hit_r2_drag (Rý=0.5020); hit_r2_cv (Rý=0.5028); hit_r2_slope (Rý=0.5000)
3,17,,-65.04,0.8,3.01,4.59,5.7375,0.587479,0.792179,-72.9375,-1625,-1625,-5859.429715,-102656.25,0.792179,0.587479,0.873947,TRUE,TRUE,TRUE,TRUE,TRUE,TRUE,1,1,TRUE,hit_2nd_deriv_drag (-1625.0000); hit_2nd_deriv_cv (-5859.4297); hit_2nd_deriv_slope (-102656.2500); hit_r2_drag (Rý=0.7922); hit_r2_cv (Rý=0.5875); hit_r2_slope (Rý=0.8739)
3,17,,-65.06,0.8,3.01,4.29,5.3625,0.26955,0.874294,-81.875,-7250,-7250,516.702796,-22343.75,0.874294,0.26955,0.835777,TRUE,FALSE,TRUE,TRUE,TRUE,TRUE,1,1,TRUE,hit_2nd_deriv_drag (-7250.0000); hit_2nd_deriv_slope (-22343.7500); hit_r2_drag (Rý=0.8743); hit_r2_cv (Rý=0.2696); hit_r2_slope (Rý=0.8358)
3,18,,-64.12,0.8,0,0.15,0.1875,0,0,0,0,0,0,0,0,0,0,FALSE,FALSE,FALSE,FALSE,FALSE,FALSE,1,0,FALSE,insufficient_data
3,18,,-64.14,0.8,0,0.1,0.125,0,0,0,0,0,0,0,0,0,0,FALSE,FALSE,FALSE,FALSE,FALSE,FALSE,1,0,FALSE,insufficient_data
3,18,,-64.16,0.8,0,0.11,0.1375,0,0,0,0,0,0,0,0,0,0,FALSE,FALSE,FALSE,FALSE,FALSE,FALSE,1,0,FALSE,insufficient_data
3,18,,-64.18,0.8,0,0.12,0.15,0,0,0,0,0,0,0,0,0,0,FALSE,FALSE,FALSE,FALSE,FALSE,FALSE,1,0,FALSE,insufficient_data
3,18,,-64.2,0.8,0,0.11,0.1375,0,0,0,0,0,0,0,0,0,0,FALSE,FALSE,FALSE,FALSE,FALSE,FALSE,1,0,FALSE,insufficient_data
3,18,,-64.22,0.8,0,0.12,0.15,0,0,0,0,0,0,0,0,0,0,FALSE,FALSE,FALSE,FALSE,FALSE,FALSE,1,0,FALSE,insufficient_data
3,18,,-64.24,0.8,0,0.11,0.1375,0,0,0,0,0,0,0,0,0,0,FALSE,FALSE,FALSE,FALSE,FALSE,FALSE,1,0,FALSE,insufficient_data
3,18,,-64.26,0.8,0,0.11,0.1375,0,0.333333,0.125,31.25,31.25,59.604516,0,0.333333,0,0,FALSE,FALSE,FALSE,TRUE,FALSE,FALSE,1,0.2,FALSE,hit_r2_drag (Rý=0.3333)
3,18,,-64.28,0.8,0,0.11,0.1375,0.713703,0.125,0.0625,0,0,-18.148046,-156.25,0.125,0.713703,0,FALSE,FALSE,FALSE,TRUE,TRUE,FALSE,1,0.4,FALSE,hit_r2_drag (Rý=0.1250); hit_r2_cv (Rý=0.7137)
3,18,,-64.3,0.8,0,0.11,0.1375,0.735006,0.5,0.125,0,0,18.148046,156.25,0.5,0.735006,0.083333,FALSE,FALSE,FALSE,TRUE,TRUE,TRUE,1,0.6,FALSE,hit_r2_drag (Rý=0.5000); hit_r2_cv (Rý=0.7350); hit_r2_slope (Rý=0.0833)
3,18,,-64.32,0.8,0,0.11,0.1375,0.672894,0,0,0,0,-89.285714,-312.5,0,0.672894,0.035714,FALSE,FALSE,FALSE,TRUE,TRUE,TRUE,1,0.6,FALSE,hit_r2_drag (Rý=0.0000); hit_r2_cv (Rý=0.6729); hit_r2_slope (Rý=0.0357)
3,18,,-64.34,0.8,0,0.11,0.1375,0.831461,0,0,0,0,89.285714,0,0,0.831461,0.75,FALSE,FALSE,FALSE,TRUE,TRUE,TRUE,1,0.6,FALSE,hit_r2_drag (Rý=0.0000); hit_r2_cv (Rý=0.8315); hit_r2_slope (Rý=0.7500)
3,18,,-64.36,0.8,0,0.11,0.1375,0.75,0,0,0,0,0,0,0,0.75,0,FALSE,FALSE,FALSE,TRUE,TRUE,TRUE,1,0.6,FALSE,hit_r2_drag (Rý=0.0000); hit_r2_cv (Rý=0.7500); hit_r2_slope (Rý=0.0000)
3,18,,-64.38,0.8,0,0.12,0.15,0,0.5,-0.125,31.25,31.25,89.285714,-312.5,0.5,0,0.5,FALSE,FALSE,FALSE,TRUE,TRUE,TRUE,1,0.6,FALSE,hit_r2_drag (Rý=0.5000); hit_r2_cv (Rý=0.0000); hit_r2_slope (Rý=0.5000)
3,18,,-64.4,0.8,0,0.12,0.15,0.785691,0.75,-0.1875,-31.25,-31.25,-71.137668,-156.25,0.75,0.785691,0.888889,FALSE,FALSE,FALSE,TRUE,TRUE,TRUE,1,0.6,FALSE,hit_r2_drag (Rý=0.7500); hit_r2_cv (Rý=0.7857); hit_r2_slope (Rý=0.8889)
3,18,,-64.42,0.8,0,0.12,0.15,0.819622,0.75,-0.1875,0,0,-20.000353,0,0.75,0.819622,0.75,FALSE,FALSE,FALSE,TRUE,TRUE,TRUE,1,0.6,FALSE,hit_r2_drag (Rý=0.7500); hit_r2_cv (Rý=0.8196); hit_r2_slope (Rý=0.7500)
3,18,,-64.44,0.8,0,0.12,0.15,0.437909,0.5,-0.125,0,0,-18.983386,156.25,0.5,0.437909,0.5,FALSE,FALSE,FALSE,TRUE,TRUE,TRUE,1,0.6,FALSE,hit_r2_drag (Rý=0.5000); hit_r2_cv (Rý=0.4379); hit_r2_slope (Rý=0.5000)
3,18,,-64.46,0.8,0,0.12,0.15,0.513883,0,0,0,0,-63.910071,312.5,0,0.513883,0.816667,FALSE,FALSE,FALSE,TRUE,TRUE,TRUE,1,0.6,FALSE,hit_r2_drag (Rý=0.0000); hit_r2_cv (Rý=0.5139); hit_r2_slope (Rý=0.8167)
3,18,,-64.48,0.8,0,0.11,0.1375,0.292498,0.5,0.125,-31.25,-31.25,169.491525,312.5,0.5,0.292498,0.892857,FALSE,FALSE,FALSE,TRUE,TRUE,TRUE,1,0.6,FALSE,hit_r2_drag (Rý=0.5000); hit_r2_cv (Rý=0.2925); hit_r2_slope (Rý=0.8929)
3,18,,-64.5,0.8,0,0.1,0.125,0.12435,0.78125,0.3125,0,0,5.947071,468.75,0.78125,0.12435,0.857143,FALSE,FALSE,FALSE,TRUE,TRUE,TRUE,1,0.6,FALSE,hit_r2_drag (Rý=0.7813); hit_r2_cv (Rý=0.1243); hit_r2_slope (Rý=0.8571)
3,18,,-64.52,0.8,0,0.11,0.1375,0.560648,0.571429,0.25,62.5,62.5,-99.093154,-156.25,0.571429,0.560648,0.532609,FALSE,FALSE,FALSE,TRUE,TRUE,TRUE,1,0.6,FALSE,hit_r2_drag (Rý=0.5714); hit_r2_cv (Rý=0.5606); hit_r2_slope (Rý=0.5326)
3,18,,-64.54,0.8,0,0.11,0.1375,0.641214,0.2,0.125,-31.25,-31.25,-14.898062,-312.5,0.2,0.641214,0.816667,FALSE,FALSE,FALSE,TRUE,TRUE,TRUE,1,0.6,FALSE,hit_r2_drag (Rý=0.2000); hit_r2_cv (Rý=0.6412); hit_r2_slope (Rý=0.8167)
3,18,,-64.56,0.8,0,0.09,0.1125,0.481365,0.28125,0.1875,-62.5,-62.5,71.866181,156.25,0.28125,0.481365,0.4,FALSE,FALSE,FALSE,TRUE,TRUE,TRUE,1,0.6,FALSE,hit_r2_drag (Rý=0.2813); hit_r2_cv (Rý=0.4814); hit_r2_slope (Rý=0.4000)
3,18,,-64.58,0.8,0,0.11,0.1375,0.212776,0,0,125,125,-48.567799,-468.75,0,0.212776,0.15,FALSE,FALSE,FALSE,TRUE,TRUE,TRUE,1,0.6,FALSE,hit_r2_drag (Rý=0.0000); hit_r2_cv (Rý=0.2128); hit_r2_slope (Rý=0.1500)
3,18,,-64.6,0.8,0,0.1,0.125,0.51506,0.125,0.125,-93.75,-93.75,0,312.5,0.125,0.51506,0.271739,FALSE,FALSE,FALSE,TRUE,TRUE,TRUE,1,0.6,FALSE,hit_r2_drag (Rý=0.1250); hit_r2_cv (Rý=0.5151); hit_r2_slope (Rý=0.2717)
3,18,,-64.62,0.8,0,0.12,0.15,0.799994,0.173077,-0.1875,93.75,93.75,48.212096,-781.25,0.173077,0.799994,0.095238,FALSE,FALSE,FALSE,TRUE,TRUE,TRUE,1,0.6,FALSE,hit_r2_drag (Rý=0.1731); hit_r2_cv (Rý=0.8000); hit_r2_slope (Rý=0.0952)
3,18,,-64.64,0.8,0,0.12,0.15,0.798687,0.720588,-0.4375,-62.5,-62.5,-18.780408,-625,0.720588,0.798687,0.89966,FALSE,FALSE,FALSE,TRUE,TRUE,TRUE,1,0.6,FALSE,hit_r2_drag (Rý=0.7206); hit_r2_cv (Rý=0.7987); hit_r2_slope (Rý=0.8997)
3,18,,-64.66,0.8,0,0.12,0.15,0.030785,0.5,-0.25,0,0,-123.944568,468.75,0.5,0.030785,0.214286,FALSE,FALSE,FALSE,TRUE,TRUE,TRUE,1,0.6,FALSE,hit_r2_drag (Rý=0.5000); hit_r2_cv (Rý=0.0308); hit_r2_slope (Rý=0.2143)
3,18,,-64.68,0.8,0,3.79,4.7375,0.498501,0.504076,-46.125,11468.75,11468.75,4242.663719,-114687.5,0.504076,0.498501,0.495902,TRUE,TRUE,TRUE,TRUE,TRUE,TRUE,1,1,TRUE,hit_2nd_deriv_drag (11468.7500); hit_2nd_deriv_cv (4242.6637); hit_2nd_deriv_slope (-114687.5000); hit_r2_drag (Rý=0.5041); hit_r2_cv (Rý=0.4985); hit_r2_slope (Rý=0.4959)
3,18,,-64.7,0.8,0,6.49,8.1125,0.618042,0.794701,-102.5625,-3031.25,-3031.25,-5413.369014,-141093.75,0.794701,0.618042,0.878261,TRUE,TRUE,TRUE,TRUE,TRUE,TRUE,1,1,TRUE,hit_2nd_deriv_drag (-3031.2500); hit_2nd_deriv_cv (-5413.3690); hit_2nd_deriv_slope (-141093.7500); hit_r2_drag (Rý=0.7947); hit_r2_cv (Rý=0.6180); hit_r2_slope (Rý=0.8783)
3,18,,-64.72,0.8,0,12.32,15.4,0.411675,0.910708,-192.3125,9781.25,9781.25,702.39998,-224375,0.910708,0.411675,0.849741,TRUE,TRUE,TRUE,TRUE,TRUE,TRUE,1,1,TRUE,hit_2nd_deriv_drag (9781.2500); hit_2nd_deriv_cv (702.4000); hit_2nd_deriv_slope (-224375.0000); hit_r2_drag (Rý=0.9107); hit_r2_cv (Rý=0.4117); hit_r2_slope (Rý=0.8497)
