row,cell,Cell_Label,Z_Height_mm,RPM,Elapsed_Time_s,Torque_%,Rotational_Drag,Cell_Termination_Method,CV,R_2,Trend_Slope,Second_derivative,Second_derivative_drag,Second_derivative_cv,Second_derivative_slope,R_2_drag,R_2_cv,R_2_slope,Hit_2nd_Deriv_Drag,Hit_2nd_Deriv_CV,Hit_2nd_Deriv_Slope,Hit_R_2_Drag,Hit_R_2_CV,Hit_R_2_Slope,Samples_Collected_At_Z,Hit_Point_Confidence,Hit_Detected,Hit_Reasons
2,10,980carb0.3%,-65.22,0.4,35.03,56.77,141.925,hit_detected,0,0,0,0,0,0,0,0,0,0,FALSE,FALSE,FALSE,FALSE,FALSE,FALSE,7,0,FALSE,insufficient_data
2,10,980carb0.3%,-65.22,0.6,20.07,62.13,103.55,hit_detected,0,0,0,0,0,0,0,0,0,0,FALSE,FALSE,FALSE,FALSE,FALSE,FALSE,4,0,FALSE,insufficient_data
2,10,980carb0.3%,-65.22,0.8,15.01,65.88,82.35,hit_detected,0,0,0,0,0,0,0,0,0,0,FALSE,FALSE,FALSE,FALSE,FALSE,FALSE,3,0,FALSE,insufficient_data
2,10,980carb0.3%,-65.22,1,15.02,69.3,69.3,hit_detected,0,0,0,0,0,0,0,0,0,0,FALSE,FALSE,FALSE,FALSE,FALSE,FALSE,3,0,FALSE,insufficient_data
2,10,980carb0.3%,-65.24,0.4,20.07,58.34,145.85,hit_detected,0,0,0,0,0,0,0,0,0,0,FALSE,FALSE,FALSE,FALSE,FALSE,FALSE,4,0,FALSE,insufficient_data
2,10,980carb0.3%,-65.24,0.6,20.06,63.8,106.333333,hit_detected,0,0,0,0,0,0,0,0,0,0,FALSE,FALSE,FALSE,FALSE,FALSE,FALSE,4,0,FALSE,insufficient_data
2,10,980carb0.3%,-65.24,0.8,15.02,67.26,84.075,hit_detected,0,0,0,0,0,0,0,0,0,0,FALSE,FALSE,FALSE,FALSE,FALSE,FALSE,3,0,FALSE,insufficient_data
2,10,980carb0.3%,-65.24,1,15.02,69.6,69.6,hit_detected,0,0,0,0,0,0,0,0,0,0,FALSE,FALSE,FALSE,FALSE,FALSE,FALSE,3,0,FALSE,insufficient_data
2,10,980carb0.3%,-65.26,0.4,20.07,57.63,144.075,hit_detected,0,0,0,0,0,0,0,0,0,0,FALSE,FALSE,FALSE,FALSE,FALSE,FALSE,4,0,FALSE,insufficient_data
2,10,980carb0.3%,-65.26,0.6,20.07,63.57,105.95,hit_detected,0,0,0,0,0,0,0,0,0,0,FALSE,FALSE,FALSE,FALSE,FALSE,FALSE,4,0,FALSE,insufficient_data
2,10,980carb0.3%,-65.26,0.8,15.02,67.76,84.7,hit_detected,0,0,0,0,0,0,0,0,0,0,FALSE,FALSE,FALSE,FALSE,FALSE,FALSE,3,0,FALSE,insufficient_data
2,10,980carb0.3%,-65.26,1,15.03,70.27,70.27,hit_detected,0,0,0,0,0,0,0,0,0,0,FALSE,FALSE,FALSE,FALSE,FALSE,FALSE,3,0,FALSE,insufficient_data
2,10,980carb0.3%,-65.28,0.4,20.07,57.77,144.425,hit_detected,0,0,0,0,0,0,0,0,0,0,FALSE,FALSE,FALSE,FALSE,FALSE,FALSE,4,0,FALSE,insufficient_data
2,10,980carb0.3%,-65.28,0.6,15.02,62.15,103.583333,hit_detected,0,0,0,0,0,0,0,0,0,0,FALSE,FALSE,FALSE,FALSE,FALSE,FALSE,3,0,FALSE,insufficient_data
2,10,980carb0.3%,-65.28,0.8,20.08,66.62,83.275,hit_detected,0,0,0,0,0,0,0,0,0,0,FALSE,FALSE,FALSE,FALSE,FALSE,FALSE,4,0,FALSE,insufficient_data
2,10,980carb0.3%,-65.28,1,15.02,70.01,70.01,hit_detected,0,0,0,0,0,0,0,0,0,0,FALSE,FALSE,FALSE,FALSE,FALSE,FALSE,3,0,FALSE,insufficient_data
2,10,980carb0.3%,-65.3,0.4,20.07,57.56,143.9,hit_detected,0,0,0,0,0,0,0,0,0,0,FALSE,FALSE,FALSE,FALSE,FALSE,FALSE,4,0,FALSE,insufficient_data
2,10,980carb0.3%,-65.3,0.6,15.02,62.01,103.35,hit_detected,0,0,0,0,0,0,0,0,0,0,FALSE,FALSE,FALSE,FALSE,FALSE,FALSE,3,0,FALSE,insufficient_data
2,10,980carb0.3%,-65.3,0.8,15.02,64.92,81.15,hit_detected,0,0,0,0,0,0,0,0,0,0,FALSE,FALSE,FALSE,FALSE,FALSE,FALSE,3,0,FALSE,insufficient_data
2,10,980carb0.3%,-65.3,1,15.02,68.61,68.61,hit_detected,0,0,0,0,0,0,0,0,0,0,FALSE,FALSE,FALSE,FALSE,FALSE,FALSE,3,0,FALSE,insufficient_data
2,10,980carb0.3%,-65.32,0.4,20.07,56.99,142.475,hit_detected,0,0,0,0,0,0,0,0,0,0,FALSE,FALSE,FALSE,FALSE,FALSE,FALSE,4,0,FALSE,insufficient_data
2,10,980carb0.3%,-65.32,0.6,20.07,61.87,103.116667,hit_detected,0,0,0,0,0,0,0,0,0,0,FALSE,FALSE,FALSE,FALSE,FALSE,FALSE,4,0,FALSE,insufficient_data
2,10,980carb0.3%,-65.32,0.8,15.01,64.68,80.85,hit_detected,0,0,0,0,0,0,0,0,0,0,FALSE,FALSE,FALSE,FALSE,FALSE,FALSE,3,0,FALSE,insufficient_data
2,10,980carb0.3%,-65.32,1,15.01,67.73,67.73,hit_detected,0,0,0,0,0,0,0,0,0,0,FALSE,FALSE,FALSE,FALSE,FALSE,FALSE,3,0,FALSE,insufficient_data
2,10,980carb0.3%,-65.34,0.4,20.06,56.72,141.8,hit_detected,0,0,0,0,0,0,0,0,0,0,FALSE,FALSE,FALSE,FALSE,FALSE,FALSE,4,0,FALSE,insufficient_data
2,10,980carb0.3%,-65.34,0.6,20.06,62.03,103.383333,hit_detected,0,0,0,0,0,0,0,0,0,0,FALSE,FALSE,FALSE,FALSE,FALSE,FALSE,4,0,FALSE,insufficient_data
2,10,980carb0.3%,-65.34,0.8,15.01,65.69,82.1125,hit_detected,0,0,0,0,0,0,0,0,0,0,FALSE,FALSE,FALSE,FALSE,FALSE,FALSE,3,0,FALSE,insufficient_data
2,10,980carb0.3%,-65.34,1,15.01,67.37,67.37,hit_detected,0,0,0,0,0,0,0,0,0,0,FALSE,FALSE,FALSE,FALSE,FALSE,FALSE,3,0,FALSE,insufficient_data
2,10,980carb0.3%,-65.36,0.4,20.07,56.24,140.6,hit_detected,0,0.983244,48.75,-1312.5,-1312.5,7.709302,0,0.983244,0,0,FALSE,FALSE,FALSE,FALSE,FALSE,FALSE,4,0,FALSE,
2,10,980carb0.3%,-65.36,0.6,20.06,62,103.333333,hit_detected,0,0.197581,2.333333,-791.666667,-791.666667,-13.767928,0,0.197581,0,0,FALSE,FALSE,FALSE,TRUE,FALSE,FALSE,4,0.2,FALSE,hit_r2_drag (R^2=0.1976)
2,10,980carb0.3%,-65.36,0.8,15.02,65.99,82.4875,hit_detected,0,0.009576,3.0625,-2218.75,-2218.75,-12.493604,0,0.009576,0,0,FALSE,FALSE,FALSE,TRUE,FALSE,FALSE,3,0.2,FALSE,hit_r2_drag (R^2=0.0096)
2,10,980carb0.3%,-65.36,1,15.02,68.1,68.1,hit_detected,0,0.605355,25.3,2725,2725,-17.337467,0,0.605355,0,0,FALSE,FALSE,FALSE,TRUE,FALSE,FALSE,3,0.2,FALSE,hit_r2_drag (R^2=0.6054)
2,10,980carb0.3%,-65.38,0.4,20.07,55.72,139.3,hit_detected,0.450031,0.990396,55.375,-250,-250,-3.257588,16562.5,0.990396,0.450031,0,FALSE,FALSE,FALSE,FALSE,TRUE,FALSE,4,0.2,FALSE,hit_r2_cv (R^2=0.4500)
2,10,980carb0.3%,-65.38,0.6,20.08,61.41,102.35,hit_detected,0.758187,0.41858,8.916667,-2333.333333,-2333.333333,27.471814,16458.33333,0.41858,0.758187,0,FALSE,FALSE,FALSE,TRUE,TRUE,FALSE,4,0.4,FALSE,hit_r2_drag (R^2=0.4186); hit_r2_cv (R^2=0.7582)
2,10,980carb0.3%,-65.38,0.8,20.08,66.18,82.725,hit_detected,0.588403,0.839624,-23.9375,-343.75,-343.75,11.688411,-67500,0.839624,0.588403,0,FALSE,FALSE,FALSE,TRUE,TRUE,FALSE,4,0.4,FALSE,hit_r2_drag (R^2=0.8396); hit_r2_cv (R^2=0.5884)
2,10,980carb0.3%,-65.38,1,15.02,68.96,68.96,hit_detected,0.000003,0.069182,-5.35,325,325,-3.62819,-76625,0.069182,0.000003,0,FALSE,FALSE,FALSE,TRUE,TRUE,FALSE,3,0.4,FALSE,hit_r2_drag (R^2=0.0692); hit_r2_cv (R^2=0.0000)
2,10,980carb0.3%,-65.4,0.4,20.07,56.01,140.025,hit_detected,0.265757,0.818749,37,5062.5,5062.5,-10.665123,-45937.5,0.818749,0.265757,0.126341,FALSE,FALSE,FALSE,TRUE,TRUE,TRUE,4,0.6,FALSE,hit_r2_drag (R^2=0.8187); hit_r2_cv (R^2=0.2658); hit_r2_slope (R^2=0.1263)
2,10,980carb0.3%,-65.4,0.6,20.07,61.31,102.183333,hit_detected,0.561842,0.656575,14.5,2041.666667,2041.666667,-3.01198,13958.33333,0.656575,0.561842,0.898745,FALSE,FALSE,FALSE,TRUE,TRUE,TRUE,4,0.6,FALSE,hit_r2_drag (R^2=0.6566); hit_r2_cv (R^2=0.5618); hit_r2_slope (R^2=0.8987)
2,10,980carb0.3%,-65.4,0.8,20.08,66.24,82.8,hit_detected,0.889451,0.799064,-22.5625,-406.25,-406.25,3.580823,3437.5,0.799064,0.889451,0.723243,FALSE,FALSE,FALSE,TRUE,TRUE,TRUE,4,0.6,FALSE,hit_r2_drag (R^2=0.7991); hit_r2_cv (R^2=0.8895); hit_r2_slope (R^2=0.7232)
2,10,980carb0.3%,-65.4,1,15.02,69.51,69.51,hit_detected,0.410526,0.849068,-25.75,-775,-775,20.34387,-51000,0.849068,0.410526,0.898907,FALSE,FALSE,FALSE,TRUE,TRUE,TRUE,3,0.6,FALSE,hit_r2_drag (R^2=0.8491); hit_r2_cv (R^2=0.4105); hit_r2_slope (R^2=0.8989)
2,10,980carb0.3%,-65.42,0.4,20.07,56.82,142.05,hit_detected,0.006673,0.000103,0.375,3250,3250,5.255215,-91562.5,0.000103,0.006673,0.817196,FALSE,FALSE,FALSE,TRUE,TRUE,TRUE,4,0.6,FALSE,hit_r2_drag (R^2=0.0001); hit_r2_cv (R^2=0.0067); hit_r2_slope (R^2=0.8172)
2,10,980carb0.3%,-65.42,0.6,15.02,61.27,102.116667,hit_detected,0.080333,0.851007,18.416667,250,250,-1.399403,9791.666667,0.851007,0.080333,0.899651,FALSE,FALSE,FALSE,TRUE,TRUE,TRUE,3,0.6,FALSE,hit_r2_drag (R^2=0.8510); hit_r2_cv (R^2=0.0803); hit_r2_slope (R^2=0.8997)
2,10,980carb0.3%,-65.42,0.8,20.08,66.16,82.7,hit_detected,0.896217,0.714192,-7.4375,-437.5,-437.5,-13.326072,37812.5,0.714192,0.896217,0.585206,FALSE,FALSE,FALSE,TRUE,TRUE,TRUE,4,0.6,FALSE,hit_r2_drag (R^2=0.7142); hit_r2_cv (R^2=0.8962); hit_r2_slope (R^2=0.5852)
2,10,980carb0.3%,-65.42,1,15.02,70.09,70.09,hit_detected,0.144747,0.99233,-34.25,75,75,-1.396865,-21250,0.99233,0.144747,0.878738,FALSE,FALSE,FALSE,FALSE,TRUE,TRUE,3,0.4,FALSE,hit_r2_cv (R^2=0.1447); hit_r2_slope (R^2=0.8787)
2,10,980carb0.3%,-65.44,0.4,20.07,57.73,144.325,hit_detected,0.022241,0.657617,-51,625,625,14.947904,-128437.5,0.657617,0.022241,0.865008,FALSE,FALSE,FALSE,TRUE,TRUE,TRUE,4,0.6,FALSE,hit_r2_drag (R^2=0.6576); hit_r2_cv (R^2=0.0222); hit_r2_slope (R^2=0.8650)
2,10,980carb0.3%,-65.44,0.6,15.02,61.87,103.116667,hit_detected,0.71767,0.034928,3.333333,2666.666667,2666.666667,-2.90823,-37708.33333,0.034928,0.71767,0.221461,FALSE,FALSE,FALSE,TRUE,TRUE,TRUE,3,0.6,FALSE,hit_r2_drag (R^2=0.0349); hit_r2_cv (R^2=0.7177); hit_r2_slope (R^2=0.2215)
2,10,980carb0.3%,-65.44,0.8,15.01,65.55,81.9375,hit_detected,0.843047,0.256882,5.625,-1656.25,-1656.25,16.14833,32656.25,0.256882,0.843047,0.898339,FALSE,FALSE,FALSE,TRUE,TRUE,TRUE,3,0.6,FALSE,hit_r2_drag (R^2=0.2569); hit_r2_cv (R^2=0.8430); hit_r2_slope (R^2=0.8983)
2,10,980carb0.3%,-65.44,1,20.07,70.39,70.39,hit_detected,0.028969,0.97285,-28.55,-700,-700,-12.262639,14250,0.97285,0.028969,0.268909,FALSE,FALSE,FALSE,TRUE,TRUE,TRUE,4,0.6,FALSE,hit_r2_drag (R^2=0.9729); hit_r2_cv (R^2=0.0290); hit_r2_slope (R^2=0.2689)
2,10,980carb0.3%,-65.46,0.4,20.07,58.28,145.7,hit_detected,0.447728,0.978066,-85.5,-2250,-2250,-1.464805,-86250,0.978066,0.447728,0.899061,FALSE,FALSE,FALSE,FALSE,TRUE,TRUE,4,0.4,FALSE,hit_r2_cv (R^2=0.4477); hit_r2_slope (R^2=0.8991)
2,10,980carb0.3%,-65.46,0.6,15.02,62.72,104.533333,hit_detected,0.69361,0.679086,-26.5,1041.666667,1041.666667,11.276164,-74583.33333,0.679086,0.69361,0.81839,FALSE,FALSE,FALSE,TRUE,TRUE,TRUE,3,0.6,FALSE,hit_r2_drag (R^2=0.6791); hit_r2_cv (R^2=0.6936); hit_r2_slope (R^2=0.8184)
2,10,980carb0.3%,-65.46,0.8,15.01,65.77,82.2125,hit_detected,0.649186,0.617913,9.4375,2593.75,2593.75,-1.187238,9531.25,0.617913,0.649186,0.855273,FALSE,FALSE,FALSE,TRUE,TRUE,TRUE,3,0.6,FALSE,hit_r2_drag (R^2=0.6179); hit_r2_cv (R^2=0.6492); hit_r2_slope (R^2=0.8553)
2,10,980carb0.3%,-65.46,1,20.08,70.23,70.23,hit_detected,0.007854,0.835266,-17.1,-1150,-1150,-4.697459,28625,0.835266,0.007854,0.815985,FALSE,FALSE,FALSE,TRUE,TRUE,TRUE,4,0.6,FALSE,hit_r2_drag (R^2=0.8353); hit_r2_cv (R^2=0.0079); hit_r2_slope (R^2=0.8160)
2,10,980carb0.3%,-65.48,0.4,20.07,58.4,146,hit_detected,0.812793,0.940458,-78,-2687.5,-2687.5,-14.850609,18750,0.940458,0.812793,0.618515,FALSE,FALSE,FALSE,TRUE,TRUE,TRUE,4,0.6,FALSE,hit_r2_drag (R^2=0.9405); hit_r2_cv (R^2=0.8128); hit_r2_slope (R^2=0.6185)
2,10,980carb0.3%,-65.48,0.6,15.02,63.29,105.483333,hit_detected,0.773336,0.924427,-45.083333,-1166.666667,-1166.666667,0.115618,-46458.33333,0.924427,0.773336,0.897427,FALSE,FALSE,FALSE,TRUE,TRUE,TRUE,3,0.6,FALSE,hit_r2_drag (R^2=0.9244); hit_r2_cv (R^2=0.7733); hit_r2_slope (R^2=0.8974)
2,10,980carb0.3%,-65.48,0.8,15.02,66.14,82.675,hit_detected,0.331062,0.098256,3.6875,468.75,468.75,-0.990634,-14375,0.098256,0.331062,0.000015,FALSE,FALSE,FALSE,TRUE,TRUE,TRUE,3,0.6,FALSE,hit_r2_drag (R^2=0.0983); hit_r2_cv (R^2=0.3311); hit_r2_slope (R^2=0.0000)
2,10,980carb0.3%,-65.48,1,25.01,70.37,70.37,hit_detected,0.726693,0.664694,-9.3,750,750,3.10195,19500,0.664694,0.726693,0.899285,FALSE,FALSE,FALSE,TRUE,TRUE,TRUE,5,0.6,FALSE,hit_r2_drag (R^2=0.6647); hit_r2_cv (R^2=0.7267); hit_r2_slope (R^2=0.8993)
2,10,980carb0.3%,-65.5,0.4,20.06,58.54,146.35,hit_detected,0.16865,0.851107,-51.375,125,125,-9.055901,66562.5,0.851107,0.16865,0.722348,FALSE,FALSE,FALSE,TRUE,TRUE,TRUE,4,0.6,FALSE,hit_r2_drag (R^2=0.8511); hit_r2_cv (R^2=0.1687); hit_r2_slope (R^2=0.7223)
2,10,980carb0.3%,-65.5,0.6,15.02,63.45,105.75,hit_detected,0.892541,0.95924,-48.166667,-1708.333333,-1708.333333,-8.598204,-7708.333333,0.95924,0.892541,0.819419,FALSE,FALSE,FALSE,TRUE,TRUE,TRUE,3,0.6,FALSE,hit_r2_drag (R^2=0.9592); hit_r2_cv (R^2=0.8925); hit_r2_slope (R^2=0.8194)
2,10,980carb0.3%,-65.5,0.8,15.02,66.3,82.875,hit_detected,0.745799,0.194416,-5.4375,-656.25,-656.25,0.691327,-22812.5,0.194416,0.745799,0.850013,FALSE,FALSE,FALSE,TRUE,TRUE,TRUE,3,0.6,FALSE,hit_r2_drag (R^2=0.1944); hit_r2_cv (R^2=0.7458); hit_r2_slope (R^2=0.8500)
2,10,980carb0.3%,-65.5,1,25.03,70.61,70.61,hit_detected,0.988184,0.689555,-5.1,250,250,2.112102,10500,0.689555,0.988184,0.892313,FALSE,FALSE,FALSE,TRUE,FALSE,TRUE,5,0.4,FALSE,hit_r2_drag (R^2=0.6896); hit_r2_slope (R^2=0.8923)
2,10,980carb0.3%,-65.52,0.4,20.07,58.86,147.15,hit_detected,0.480301,0.92399,-31.5,1125,1125,1.125019,49687.5,0.92399,0.480301,0.899998,FALSE,FALSE,FALSE,TRUE,TRUE,TRUE,4,0.6,FALSE,hit_r2_drag (R^2=0.9240); hit_r2_cv (R^2=0.4803); hit_r2_slope (R^2=0.9000)
2,10,980carb0.3%,-65.52,0.6,20.07,63.56,105.933333,hit_detected,0.455197,0.864895,-34.25,-208.333333,-208.333333,-9.897712,34791.66667,0.864895,0.455197,0.261583,FALSE,FALSE,FALSE,TRUE,TRUE,TRUE,4,0.6,FALSE,hit_r2_drag (R^2=0.8649); hit_r2_cv (R^2=0.4552); hit_r2_slope (R^2=0.2616)
2,10,980carb0.3%,-65.52,0.8,15.02,66.43,83.0375,hit_detected,0.762196,0.966334,-14.3125,-93.75,-93.75,1.414454,-22187.5,0.966334,0.762196,0.894202,FALSE,FALSE,FALSE,TRUE,TRUE,TRUE,3,0.6,FALSE,hit_r2_drag (R^2=0.9663); hit_r2_cv (R^2=0.7622); hit_r2_slope (R^2=0.8942)
2,10,980carb0.3%,-65.52,1,25.03,71.03,71.03,hit_detected,0.789726,0.703821,-8.3,450,450,9.074369,-8000,0.703821,0.789726,0.206578,FALSE,FALSE,FALSE,TRUE,TRUE,TRUE,5,0.6,FALSE,hit_r2_drag (R^2=0.7038); hit_r2_cv (R^2=0.7897); hit_r2_slope (R^2=0.2066)
2,10,980carb0.3%,-65.54,0.4,20.07,58.93,147.325,hit_detected,0.969748,0.960556,-22,-1562.5,-1562.5,6.249348,23750,0.960556,0.969748,0.886587,FALSE,FALSE,FALSE,TRUE,TRUE,TRUE,4,0.6,FALSE,hit_r2_drag (R^2=0.9606); hit_r2_cv (R^2=0.9697); hit_r2_slope (R^2=0.8866)
2,10,980carb0.3%,-65.54,0.6,15.02,63.7,106.166667,hit_detected,0.231205,0.861974,-18.583333,125,125,-2.840292,39166.66667,0.861974,0.231205,0.885493,FALSE,FALSE,FALSE,TRUE,TRUE,TRUE,3,0.6,FALSE,hit_r2_drag (R^2=0.8620); hit_r2_cv (R^2=0.2312); hit_r2_slope (R^2=0.8855)
2,10,980carb0.3%,-65.54,0.8,15.03,66.64,83.3,hit_detected,0.421252,0.959867,-12.6875,250,250,-3.314948,4062.5,0.959867,0.421252,0.642104,FALSE,FALSE,FALSE,TRUE,TRUE,TRUE,3,0.6,FALSE,hit_r2_drag (R^2=0.9599); hit_r2_cv (R^2=0.4213); hit_r2_slope (R^2=0.6421)
2,10,980carb0.3%,-65.54,1,30.09,71.62,71.62,hit_detected,0.013098,0.933779,-17.2,425,425,4.11954,-22250,0.933779,0.013098,0.762657,FALSE,FALSE,FALSE,TRUE,TRUE,TRUE,6,0.6,FALSE,hit_r2_drag (R^2=0.9338); hit_r2_cv (R^2=0.0131); hit_r2_slope (R^2=0.7627)
2,10,980carb0.3%,-65.56,0.4,20.08,59.22,148.05,hit_detected,0.852286,0.97191,-25.375,1375,1375,6.596496,-8437.5,0.97191,0.852286,0.515529,FALSE,FALSE,FALSE,TRUE,TRUE,TRUE,4,0.6,FALSE,hit_r2_drag (R^2=0.9719); hit_r2_cv (R^2=0.8523); hit_r2_slope (R^2=0.5155)
2,10,980carb0.3%,-65.56,0.6,15.03,63.62,106.033333,hit_detected,0.913771,0.814098,-7.583333,-916.666667,-916.666667,3.610792,27500,0.814098,0.913771,0.89966,FALSE,FALSE,FALSE,TRUE,TRUE,TRUE,3,0.6,FALSE,hit_r2_drag (R^2=0.8141); hit_r2_cv (R^2=0.9138); hit_r2_slope (R^2=0.8997)
2,10,980carb0.3%,-65.56,0.8,15.02,67.09,83.8625,hit_detected,0.554021,0.928841,-14,750,750,2.711991,-3281.25,0.928841,0.554021,0.178218,FALSE,FALSE,FALSE,TRUE,TRUE,TRUE,3,0.6,FALSE,hit_r2_drag (R^2=0.9288); hit_r2_cv (R^2=0.5540); hit_r2_slope (R^2=0.1782)
2,10,980carb0.3%,-65.56,1,25.04,71.96,71.96,hit_detected,0.646834,0.98283,-20.95,-625,-625,-4.637522,-9375,0.98283,0.646834,0.879415,FALSE,FALSE,FALSE,FALSE,TRUE,TRUE,5,0.4,FALSE,hit_r2_cv (R^2=0.6468); hit_r2_slope (R^2=0.8794)
2,10,980carb0.3%,-65.58,0.4,20.07,59.38,148.45,hit_detected,0.616149,0.972518,-25.5,-812.5,-812.5,-1.533343,-312.5,0.972518,0.616149,0.767833,FALSE,FALSE,FALSE,TRUE,TRUE,TRUE,4,0.6,FALSE,hit_r2_drag (R^2=0.9725); hit_r2_cv (R^2=0.6161); hit_r2_slope (R^2=0.7678)
2,10,980carb0.3%,-65.58,0.6,15.02,63.83,106.383333,hit_detected,0.938599,0.81721,-6.833333,1208.333333,1208.333333,7.21955,1875,0.81721,0.938599,0.781773,FALSE,FALSE,FALSE,TRUE,TRUE,TRUE,3,0.6,FALSE,hit_r2_drag (R^2=0.8172); hit_r2_cv (R^2=0.9386); hit_r2_slope (R^2=0.7818)
2,10,980carb0.3%,-65.58,0.8,15.02,67.27,84.0875,hit_detected,0.629047,0.961703,-16.25,-843.75,-843.75,0.393873,-5625,0.961703,0.629047,0.839552,FALSE,FALSE,FALSE,TRUE,TRUE,TRUE,3,0.6,FALSE,hit_r2_drag (R^2=0.9617); hit_r2_cv (R^2=0.6290); hit_r2_slope (R^2=0.8396)
2,10,980carb0.3%,-65.58,1,20.08,71.89,71.89,hit_detected,0.789355,0.895148,-17.45,-1025,-1025,-5.978315,8750,0.895148,0.789355,0.111669,FALSE,FALSE,FALSE,TRUE,TRUE,TRUE,4,0.6,FALSE,hit_r2_drag (R^2=0.8951); hit_r2_cv (R^2=0.7894); hit_r2_slope (R^2=0.1117)
2,10,980carb0.3%,-65.6,0.4,20.08,59.66,149.15,hit_detected,0.20796,0.971901,-25.625,750,750,0.001809,-312.5,0.971901,0.20796,0.892857,FALSE,FALSE,FALSE,TRUE,TRUE,TRUE,4,0.6,FALSE,hit_r2_drag (R^2=0.9719); hit_r2_cv (R^2=0.2080); hit_r2_slope (R^2=0.8929)
2,10,980carb0.3%,-65.6,0.6,15.02,64.44,107.4,hit_detected,0.42852,0.705949,-15.75,1666.666667,1666.666667,7.993057,-22291.66667,0.705949,0.42852,0.412079,FALSE,FALSE,FALSE,TRUE,TRUE,TRUE,3,0.6,FALSE,hit_r2_drag (R^2=0.7059); hit_r2_cv (R^2=0.4285); hit_r2_slope (R^2=0.4121)
2,10,980carb0.3%,-65.6,0.8,15.02,67.46,84.325,hit_detected,0.630607,0.971706,-16.8125,31.25,31.25,-1.329444,-1406.25,0.971706,0.630607,0.844828,FALSE,FALSE,FALSE,TRUE,TRUE,TRUE,3,0.6,FALSE,hit_r2_drag (R^2=0.9717); hit_r2_cv (R^2=0.6306); hit_r2_slope (R^2=0.8448)
2,10,980carb0.3%,-65.6,1,15.02,71.15,71.15,hit_detected,0.064754,0.036276,-2.55,-1675,-1675,-2.273775,37250,0.036276,0.064754,0.693973,FALSE,FALSE,FALSE,TRUE,TRUE,TRUE,3,0.6,FALSE,hit_r2_drag (R^2=0.0363); hit_r2_cv (R^2=0.0648); hit_r2_slope (R^2=0.6940)
2,10,980carb0.3%,-65.62,0.4,20.07,59.49,148.725,hit_detected,0.012761,0.787777,-19.5,-2812.5,-2812.5,-1.96146,15312.5,0.787777,0.012761,0.479339,FALSE,FALSE,FALSE,TRUE,TRUE,TRUE,4,0.6,FALSE,hit_r2_drag (R^2=0.7878); hit_r2_cv (R^2=0.0128); hit_r2_slope (R^2=0.4793)
2,10,980carb0.3%,-65.62,0.6,20.08,64.99,108.316667,hit_detected,0.271316,0.843968,-28.333333,-250,-250,0.528868,-31458.33333,0.843968,0.271316,0.86433,FALSE,FALSE,FALSE,TRUE,TRUE,TRUE,4,0.6,FALSE,hit_r2_drag (R^2=0.8440); hit_r2_cv (R^2=0.2713); hit_r2_slope (R^2=0.8643)
2,10,980carb0.3%,-65.62,0.8,15.02,68.14,85.175,hit_detected,0.912207,0.938742,-21.0625,1531.25,1531.25,3.501128,-10625,0.938742,0.912207,0.619902,FALSE,FALSE,FALSE,TRUE,TRUE,TRUE,3,0.6,FALSE,hit_r2_drag (R^2=0.9387); hit_r2_cv (R^2=0.9122); hit_r2_slope (R^2=0.6199)
2,10,980carb0.3%,-65.62,1,15.02,70.94,70.94,hit_detected,0.562019,0.578859,10.85,1325,1325,5.89085,33500,0.578859,0.562019,0.89722,FALSE,FALSE,FALSE,TRUE,TRUE,TRUE,3,0.6,FALSE,hit_r2_drag (R^2=0.5789); hit_r2_cv (R^2=0.5620); hit_r2_slope (R^2=0.8972)
2,10,980carb0.3%,-65.64,0.4,20.07,59.15,147.875,hit_detected,0.750655,0.000533,0.375,-1062.5,-1062.5,-0.788543,49687.5,0.000533,0.750655,0.736993,FALSE,FALSE,FALSE,TRUE,TRUE,TRUE,4,0.6,FALSE,hit_r2_drag (R^2=0.0005); hit_r2_cv (R^2=0.7507); hit_r2_slope (R^2=0.7370)
2,10,980carb0.3%,-65.64,0.6,20.07,65.43,109.05,hit_detected,0.932154,0.982862,-39.833333,-458.333333,-458.333333,-1.912396,-28750,0.982862,0.932154,0.896693,FALSE,FALSE,FALSE,FALSE,TRUE,TRUE,4,0.4,FALSE,hit_r2_cv (R^2=0.9322); hit_r2_slope (R^2=0.8967)
2,10,980carb0.3%,-65.64,0.8,15.02,69.38,86.725,hit_detected,0.753828,0.851201,-34.0625,1750,1750,8.64381,-32500,0.851201,0.753828,0.746767,FALSE,FALSE,FALSE,TRUE,TRUE,TRUE,3,0.6,FALSE,hit_r2_drag (R^2=0.8512); hit_r2_cv (R^2=0.7538); hit_r2_slope (R^2=0.7468)
2,10,980carb0.3%,-65.64,1,15.02,71.7,71.7,hit_detected,0.700329,0.258518,7.35,2425,2425,-0.676287,-8750,0.258518,0.700329,0.587072,FALSE,FALSE,FALSE,TRUE,TRUE,TRUE,3,0.6,FALSE,hit_r2_drag (R^2=0.2585); hit_r2_cv (R^2=0.7003); hit_r2_slope (R^2=0.5871)
2,10,980carb0.3%,-65.66,0.4,20.08,59.22,148.05,hit_detected,0.893648,0.407633,10.375,2562.5,2562.5,2.73242,25000,0.407633,0.893648,0.889197,FALSE,FALSE,FALSE,TRUE,TRUE,TRUE,4,0.6,FALSE,hit_r2_drag (R^2=0.4076); hit_r2_cv (R^2=0.8936); hit_r2_slope (R^2=0.8892)
2,10,980carb0.3%,-65.66,0.6,20.08,65.48,109.133333,hit_detected,0.870119,0.938927,-35.75,-1625,-1625,-8.337374,10208.33333,0.938927,0.870119,0.515679,FALSE,FALSE,FALSE,TRUE,TRUE,TRUE,4,0.6,FALSE,hit_r2_drag (R^2=0.9389); hit_r2_cv (R^2=0.8701); hit_r2_slope (R^2=0.5157)
2,10,980carb0.3%,-65.66,0.8,15.02,70.26,87.825,hit_detected,0.880126,0.946168,-49.375,-1125,-1125,-1.361612,-38281.25,0.946168,0.880126,0.881986,FALSE,FALSE,FALSE,TRUE,TRUE,TRUE,3,0.6,FALSE,hit_r2_drag (R^2=0.9462); hit_r2_cv (R^2=0.8801); hit_r2_slope (R^2=0.8820)
2,10,980carb0.3%,-65.66,1,15.02,72.8,72.8,hit_detected,0.158336,0.264185,-11.85,850,850,8.257848,-48000,0.264185,0.158336,0.658061,FALSE,FALSE,FALSE,TRUE,TRUE,TRUE,3,0.6,FALSE,hit_r2_drag (R^2=0.2642); hit_r2_cv (R^2=0.1583); hit_r2_slope (R^2=0.6581)
2,10,980carb0.3%,-65.68,0.4,20.08,59.86,149.65,hit_detected,0.15461,0.004783,-1.625,3562.5,3562.5,3.433403,-30000,0.004783,0.15461,0.025862,FALSE,FALSE,FALSE,TRUE,TRUE,TRUE,4,0.6,FALSE,hit_r2_drag (R^2=0.0048); hit_r2_cv (R^2=0.1546); hit_r2_slope (R^2=0.0259)
2,10,980carb0.3%,-65.68,0.6,20.07,65.23,108.716667,hit_detected,0.043035,0.597682,-17.25,-1250,-1250,-7.30353,46250,0.597682,0.043035,0.68472,FALSE,FALSE,FALSE,TRUE,TRUE,TRUE,4,0.6,FALSE,hit_r2_drag (R^2=0.5977); hit_r2_cv (R^2=0.0430); hit_r2_slope (R^2=0.6847)
2,10,980carb0.3%,-65.68,0.8,20.07,70.75,88.4375,hit_detected,0.960713,0.981753,-54.375,-1218.75,-1218.75,-8.199735,-12500,0.981753,0.960713,0.862895,FALSE,FALSE,FALSE,FALSE,TRUE,TRUE,4,0.4,FALSE,hit_r2_cv (R^2=0.9607); hit_r2_slope (R^2=0.8629)
2,10,980carb0.3%,-65.68,1,15.02,73.58,73.58,hit_detected,0.788037,0.891275,-33.6,-800,-800,3.751059,-54375,0.891275,0.788037,0.885031,FALSE,FALSE,FALSE,TRUE,TRUE,TRUE,3,0.6,FALSE,hit_r2_drag (R^2=0.8913); hit_r2_cv (R^2=0.7880); hit_r2_slope (R^2=0.8850)
2,10,980carb0.3%,-65.7,0.4,20.08,60.28,150.7,hit_detected,0.481452,0.589888,-28.625,-1375,-1375,3.08011,-67500,0.589888,0.481452,0.797872,FALSE,FALSE,FALSE,TRUE,TRUE,TRUE,4,0.6,FALSE,hit_r2_drag (R^2=0.5899); hit_r2_cv (R^2=0.4815); hit_r2_slope (R^2=0.7979)
2,10,980carb0.3%,-65.7,0.6,15.02,65.56,109.266667,hit_detected,0.602296,0.419404,-7.833333,2416.666667,2416.666667,2.920549,23541.66667,0.419404,0.602296,0.889758,FALSE,FALSE,FALSE,TRUE,TRUE,TRUE,3,0.6,FALSE,hit_r2_drag (R^2=0.4194); hit_r2_cv (R^2=0.6023); hit_r2_slope (R^2=0.8898)
2,10,980carb0.3%,-65.7,0.8,20.08,70.84,88.55,hit_detected,0.561179,0.898628,-42.3125,-1250,-1250,-11.670936,30156.25,0.898628,0.561179,0.084832,FALSE,FALSE,FALSE,TRUE,TRUE,TRUE,4,0.6,FALSE,hit_r2_drag (R^2=0.8986); hit_r2_cv (R^2=0.5612); hit_r2_slope (R^2=0.0848)
2,10,980carb0.3%,-65.7,1,15.03,74.09,74.09,hit_detected,0.933889,0.986373,-40.9,-675,-675,-7.037456,-18250,0.986373,0.933889,0.864748,FALSE,FALSE,FALSE,FALSE,TRUE,TRUE,3,0.4,FALSE,hit_r2_cv (R^2=0.9339); hit_r2_slope (R^2=0.8647)
2,10,980carb0.3%,-65.72,0.4,20.07,60.9,152.25,hit_detected,0.869182,0.958548,-57,1250,1250,3.298241,-70937.5,0.958548,0.869182,0.890091,FALSE,FALSE,FALSE,TRUE,TRUE,TRUE,4,0.6,FALSE,hit_r2_drag (R^2=0.9585); hit_r2_cv (R^2=0.8692); hit_r2_slope (R^2=0.8901)
2,10,980carb0.3%,-65.72,0.6,20.07,66.1,110.166667,hit_detected,0.834091,0.47579,-11.833333,875,875,9.9319,-10000,0.47579,0.834091,0.460356,FALSE,FALSE,FALSE,TRUE,TRUE,TRUE,4,0.6,FALSE,hit_r2_drag (R^2=0.4758); hit_r2_cv (R^2=0.8341); hit_r2_slope (R^2=0.4604)
2,10,980carb0.3%,-65.72,0.8,20.08,70.72,88.4,hit_detected,0.201183,0.719053,-20.375,-656.25,-656.25,-8.099614,54843.75,0.719053,0.201183,0.83106,FALSE,FALSE,FALSE,TRUE,TRUE,TRUE,4,0.6,FALSE,hit_r2_drag (R^2=0.7191); hit_r2_cv (R^2=0.2012); hit_r2_slope (R^2=0.8311)
2,10,980carb0.3%,-65.72,1,15.02,73.93,73.93,hit_detected,0.578635,0.852698,-28.75,-1675,-1675,-15.1914,30375,0.852698,0.578635,0.005185,FALSE,FALSE,FALSE,TRUE,TRUE,TRUE,3,0.6,FALSE,hit_r2_drag (R^2=0.8527); hit_r2_cv (R^2=0.5786); hit_r2_slope (R^2=0.0052)
2,10,980carb0.3%,-65.74,0.4,20.07,61.06,152.65,hit_detected,0.94787,0.972211,-59,-2875,-2875,-9.226735,-5000,0.972211,0.94787,0.782766,FALSE,FALSE,FALSE,TRUE,TRUE,TRUE,4,0.6,FALSE,hit_r2_drag (R^2=0.9722); hit_r2_cv (R^2=0.9479); hit_r2_slope (R^2=0.7828)
2,10,980carb0.3%,-65.74,0.6,15.02,66.13,110.216667,hit_detected,0.406324,0.742963,-18.083333,-2125,-2125,-0.801875,-15625,0.742963,0.406324,0.852023,FALSE,FALSE,FALSE,TRUE,TRUE,TRUE,3,0.6,FALSE,hit_r2_drag (R^2=0.7430); hit_r2_cv (R^2=0.4063); hit_r2_slope (R^2=0.8520)
2,10,980carb0.3%,-65.74,0.8,15.02,70.37,87.9625,hit_detected,0.873266,0.013764,-1.1875,-718.75,-718.75,5.62753,47968.75,0.013764,0.873266,0.898021,FALSE,FALSE,FALSE,TRUE,TRUE,TRUE,3,0.6,FALSE,hit_r2_drag (R^2=0.0138); hit_r2_cv (R^2=0.8733); hit_r2_slope (R^2=0.8980)
2,10,980carb0.3%,-65.74,1,15.02,74.27,74.27,hit_detected,0.069679,0.802665,-16.45,1250,1250,-2.42882,30750,0.802665,0.069679,0.892217,FALSE,FALSE,FALSE,TRUE,TRUE,TRUE,3,0.6,FALSE,hit_r2_drag (R^2=0.8027); hit_r2_cv (R^2=0.0697); hit_r2_slope (R^2=0.8922)
2,10,980carb0.3%,-65.76,0.4,20.09,60.34,150.85,hit_detected,0.282629,0.316536,-21.75,-5500,-5500,-10.592123,93125,0.316536,0.282629,0.444658,FALSE,FALSE,FALSE,TRUE,TRUE,TRUE,4,0.6,FALSE,hit_r2_drag (R^2=0.3165); hit_r2_cv (R^2=0.2826); hit_r2_slope (R^2=0.4447)
2,10,980carb0.3%,-65.76,0.6,20.07,65.93,109.883333,hit_detected,0.029808,0.649197,-16.416667,-958.333333,-958.333333,-2.854206,4166.666667,0.649197,0.029808,0.583049,FALSE,FALSE,FALSE,TRUE,TRUE,TRUE,4,0.6,FALSE,hit_r2_drag (R^2=0.6492); hit_r2_cv (R^2=0.0298); hit_r2_slope (R^2=0.5830)
2,10,980carb0.3%,-65.76,0.8,15.02,70.07,87.5875,hit_detected,0.904869,0.805411,11.4375,156.25,156.25,13.305556,31562.5,0.805411,0.904869,0.898693,FALSE,FALSE,FALSE,TRUE,TRUE,TRUE,3,0.6,FALSE,hit_r2_drag (R^2=0.8054); hit_r2_cv (R^2=0.9049); hit_r2_slope (R^2=0.8987)
2,10,980carb0.3%,-65.76,1,15.02,73.53,73.53,hit_detected,0.844867,0.001556,-0.4,-2700,-2700,4.55499,40125,0.001556,0.844867,0.872678,FALSE,FALSE,FALSE,TRUE,TRUE,TRUE,3,0.6,FALSE,hit_r2_drag (R^2=0.0016); hit_r2_cv (R^2=0.8449); hit_r2_slope (R^2=0.8727)
2,10,980carb0.3%,-65.78,0.4,20.08,60.42,151.05,hit_detected,0.198481,0.015556,3.5,5000,5000,5.027992,63125,0.015556,0.198481,0.899211,FALSE,FALSE,FALSE,TRUE,TRUE,TRUE,4,0.6,FALSE,hit_r2_drag (R^2=0.0156); hit_r2_cv (R^2=0.1985); hit_r2_slope (R^2=0.8992)
2,10,980carb0.3%,-65.78,0.6,15.02,65.05,108.416667,hit_detected,0.889938,0.171582,9.916667,-2833.333333,-2833.333333,2.71605,65833.33333,0.171582,0.889938,0.560594,FALSE,FALSE,FALSE,TRUE,TRUE,TRUE,3,0.6,FALSE,hit_r2_drag (R^2=0.1716); hit_r2_cv (R^2=0.8899); hit_r2_slope (R^2=0.5606)
2,10,980carb0.3%,-65.78,0.8,15.02,69.47,86.8375,hit_detected,0.43865,0.946226,21.1875,-937.5,-937.5,5.202259,24375,0.946226,0.43865,0.899931,FALSE,FALSE,FALSE,TRUE,TRUE,TRUE,3,0.6,FALSE,hit_r2_drag (R^2=0.9462); hit_r2_cv (R^2=0.4387); hit_r2_slope (R^2=0.8999)
2,10,980carb0.3%,-65.78,1,15.03,73.26,73.26,hit_detected,0.873071,0.619395,10.3,1175,1175,10.736897,26750,0.619395,0.873071,0.898936,FALSE,FALSE,FALSE,TRUE,TRUE,TRUE,3,0.6,FALSE,hit_r2_drag (R^2=0.6194); hit_r2_cv (R^2=0.8731); hit_r2_slope (R^2=0.8989)
2,10,980carb0.3%,-65.8,0.4,20.07,60,150,hit_detected,0.772112,0.798155,30.5,-3125,-3125,7.830207,67500,0.798155,0.772112,0.889015,FALSE,FALSE,FALSE,TRUE,TRUE,TRUE,4,0.6,FALSE,hit_r2_drag (R^2=0.7982); hit_r2_cv (R^2=0.7721); hit_r2_slope (R^2=0.8890)
2,10,980carb0.3%,-65.8,0.6,20.06,65.38,108.966667,hit_detected,0.907012,0.689452,21,5041.666667,5041.666667,-1.427178,27708.33333,0.689452,0.907012,0.879349,FALSE,FALSE,FALSE,TRUE,TRUE,TRUE,4,0.6,FALSE,hit_r2_drag (R^2=0.6895); hit_r2_cv (R^2=0.9070); hit_r2_slope (R^2=0.8793)
2,10,980carb0.3%,-65.8,0.8,15.02,68.8,86,hit_detected,0.212745,0.970053,29.625,-218.75,-218.75,-0.490741,21093.75,0.970053,0.212745,0.89829,FALSE,FALSE,FALSE,TRUE,TRUE,TRUE,3,0.6,FALSE,hit_r2_drag (R^2=0.9701); hit_r2_cv (R^2=0.2127); hit_r2_slope (R^2=0.8983)
2,10,980carb0.3%,-65.8,1,15.01,72.74,72.74,hit_detected,0.349788,0.818922,16.95,-625,-625,2.638788,16625,0.818922,0.349788,0.897366,FALSE,FALSE,FALSE,TRUE,TRUE,TRUE,3,0.6,FALSE,hit_r2_drag (R^2=0.8189); hit_r2_cv (R^2=0.3498); hit_r2_slope (R^2=0.8974)
2,10,980carb0.3%,-65.82,0.4,20.08,60.27,150.675,hit_detected,0.603144,0.599532,24,4312.5,4312.5,-4.28942,-16250,0.599532,0.603144,0.601927,FALSE,FALSE,FALSE,TRUE,TRUE,TRUE,4,0.6,FALSE,hit_r2_drag (R^2=0.5995); hit_r2_cv (R^2=0.6031); hit_r2_slope (R^2=0.6019)
2,10,980carb0.3%,-65.82,0.6,20.07,65.65,109.416667,hit_detected,0.418196,0.308422,12.583333,-250,-250,-2.560249,-21041.66667,0.308422,0.418196,0.208189,FALSE,FALSE,FALSE,TRUE,TRUE,TRUE,4,0.6,FALSE,hit_r2_drag (R^2=0.3084); hit_r2_cv (R^2=0.4182); hit_r2_slope (R^2=0.2082)
2,10,980carb0.3%,-65.82,0.8,15.02,68.64,85.8,hit_detected,0.933285,0.969447,29.5625,1593.75,1593.75,-6.71696,-156.25,0.969447,0.933285,0.746269,FALSE,FALSE,FALSE,TRUE,TRUE,TRUE,3,0.6,FALSE,hit_r2_drag (R^2=0.9694); hit_r2_cv (R^2=0.9333); hit_r2_slope (R^2=0.7463)
2,10,980carb0.3%,-65.82,1,15.03,72.21,72.21,hit_detected,0.363496,0.984374,24.55,-25,-25,0.422062,19000,0.984374,0.363496,0.884367,FALSE,FALSE,FALSE,FALSE,TRUE,TRUE,3,0.4,FALSE,hit_r2_cv (R^2=0.3635); hit_r2_slope (R^2=0.8844)
2,10,980carb0.3%,-65.84,0.4,20.08,60.39,150.975,hit_detected,0.613267,0.002198,0.625,-937.5,-937.5,-6.81803,-58437.5,0.002198,0.613267,0.720271,FALSE,FALSE,FALSE,TRUE,TRUE,TRUE,4,0.6,FALSE,hit_r2_drag (R^2=0.0022); hit_r2_cv (R^2=0.6133); hit_r2_slope (R^2=0.7203)
2,10,980carb0.3%,-65.84,0.6,20.07,65.95,109.916667,hit_detected,0.012471,0.070079,-5.333333,125,125,0.063364,-44791.66667,0.070079,0.012471,0.806823,FALSE,FALSE,FALSE,TRUE,TRUE,TRUE,4,0.6,FALSE,hit_r2_drag (R^2=0.0701); hit_r2_cv (R^2=0.0125); hit_r2_slope (R^2=0.8068)
2,10,980carb0.3%,-65.84,0.8,15.03,69.8,87.25,hit_detected,0.509064,0.121741,8.5625,4125,4125,-4.534685,-52500,0.121741,0.509064,0.502971,TRUE,FALSE,FALSE,TRUE,TRUE,TRUE,3,0.8,TRUE,hit_2nd_deriv_drag (4125.0000); hit_r2_drag (R^2=0.1217); hit_r2_cv (R^2=0.5091); hit_r2_slope (R^2=0.5030)
2,10,980carb0.3%,-65.84,1,15.02,71.93,71.93,hit_detected,0.826603,0.98631,21.25,625,625,-8.993818,-8250,0.98631,0.826603,0.452795,FALSE,FALSE,FALSE,FALSE,TRUE,TRUE,3,0.4,FALSE,hit_r2_cv (R^2=0.8266); hit_r2_slope (R^2=0.4528)
2,10,980carb0.3%,-65.86,0.4,25.03,60.36,150.9,hit_detected,0.632964,0.062693,-3.375,-937.5,-937.5,8.325939,-10000,0.062693,0.632964,0.821172,FALSE,FALSE,FALSE,TRUE,TRUE,TRUE,5,0.6,FALSE,hit_r2_drag (R^2=0.0627); hit_r2_cv (R^2=0.6330); hit_r2_slope (R^2=0.8212)
2,10,980carb0.3%,-65.86,0.6,20.01,66.09,110.15,hit_detected,0.483345,0.984757,-22.083333,-666.666667,-666.666667,2.972168,-41875,0.984757,0.483345,0.895868,FALSE,FALSE,FALSE,FALSE,TRUE,TRUE,4,0.4,FALSE,hit_r2_cv (R^2=0.4833); hit_r2_slope (R^2=0.8959)
2,10,980carb0.3%,-65.86,0.8,15.02,70.22,87.775,hit_detected,0.035935,0.352327,-15.625,-2312.5,-2312.5,5.878097,-60468.75,0.352327,0.035935,0.883769,FALSE,FALSE,FALSE,TRUE,TRUE,TRUE,3,0.6,FALSE,hit_r2_drag (R^2=0.3523); hit_r2_cv (R^2=0.0359); hit_r2_slope (R^2=0.8838)
2,10,980carb0.3%,-65.86,1,15.02,71.94,71.94,hit_detected,0.247268,0.899986,17.25,725,725,0.05352,-10000,0.899986,0.247268,0.879571,FALSE,FALSE,FALSE,TRUE,TRUE,TRUE,3,0.6,FALSE,hit_r2_drag (R^2=0.9000); hit_r2_cv (R^2=0.2473); hit_r2_slope (R^2=0.8796)
2,10,980carb0.3%,-65.88,0.4,20.09,59.8,149.5,hit_detected,0.542532,0.036944,3.875,-3312.5,-3312.5,3.084386,18125,0.036944,0.542532,0.016426,FALSE,FALSE,FALSE,TRUE,TRUE,TRUE,4,0.6,FALSE,hit_r2_drag (R^2=0.0369); hit_r2_cv (R^2=0.5425); hit_r2_slope (R^2=0.0164)
2,10,980carb0.3%,-65.88,0.6,20.07,66.17,110.283333,hit_detected,0.751015,0.946992,-16.833333,-250,-250,-4.597617,13125,0.946992,0.751015,0.547919,FALSE,FALSE,FALSE,TRUE,TRUE,TRUE,4,0.6,FALSE,hit_r2_drag (R^2=0.9470); hit_r2_cv (R^2=0.7510); hit_r2_slope (R^2=0.5479)
2,10,980carb0.3%,-65.88,0.8,15.02,70.68,88.35,hit_detected,0.066125,0.905694,-33.375,125,125,5.585724,-44375,0.905694,0.066125,0.899962,FALSE,FALSE,FALSE,TRUE,TRUE,TRUE,3,0.6,FALSE,hit_r2_drag (R^2=0.9057); hit_r2_cv (R^2=0.0661); hit_r2_slope (R^2=0.9000)
2,10,980carb0.3%,-65.88,1,25.03,71.93,71.93,hit_detected,0.447354,0.725152,9.45,-50,-50,-3.832419,-19500,0.725152,0.447354,0.820579,FALSE,FALSE,FALSE,TRUE,TRUE,TRUE,5,0.6,FALSE,hit_r2_drag (R^2=0.7252); hit_r2_cv (R^2=0.4474); hit_r2_slope (R^2=0.8206)
2,10,980carb0.3%,-65.9,0.4,20.07,59.86,149.65,hit_detected,0.047348,0.61796,17.625,3875,3875,-2.086405,34375,0.61796,0.047348,0.824811,FALSE,FALSE,FALSE,TRUE,TRUE,TRUE,4,0.6,FALSE,hit_r2_drag (R^2=0.6180); hit_r2_cv (R^2=0.0473); hit_r2_slope (R^2=0.8248)
2,10,980carb0.3%,-65.9,0.6,20.07,66.35,110.583333,hit_detected,0.771083,0.951973,-13.5,416.666667,416.666667,0.985255,8333.333333,0.951973,0.771083,0.897913,FALSE,FALSE,FALSE,TRUE,TRUE,TRUE,4,0.6,FALSE,hit_r2_drag (R^2=0.9520); hit_r2_cv (R^2=0.7711); hit_r2_slope (R^2=0.8979)
2,10,980carb0.3%,-65.9,0.8,15.02,70.94,88.675,hit_detected,0.465939,0.918833,-34.25,-625,-625,-6.671072,-2187.5,0.918833,0.465939,0.773435,FALSE,FALSE,FALSE,TRUE,TRUE,TRUE,3,0.6,FALSE,hit_r2_drag (R^2=0.9188); hit_r2_cv (R^2=0.4659); hit_r2_slope (R^2=0.7734)
2,10,980carb0.3%,-65.9,1,25.03,72.02,72.02,hit_detected,0.958439,0.250173,1.9,250,250,-0.266447,-18875,0.250173,0.958439,0.89442,FALSE,FALSE,FALSE,TRUE,TRUE,TRUE,5,0.6,FALSE,hit_r2_drag (R^2=0.2502); hit_r2_cv (R^2=0.9584); hit_r2_slope (R^2=0.8944)
2,10,980carb0.3%,-65.92,0.4,25.03,60.41,151.025,hit_detected,0.919697,0.056439,5.75,3062.5,3062.5,-0.234311,-29687.5,0.056439,0.919697,0.146487,FALSE,FALSE,FALSE,TRUE,TRUE,TRUE,5,0.6,FALSE,hit_r2_drag (R^2=0.0564); hit_r2_cv (R^2=0.9197); hit_r2_slope (R^2=0.1465)
2,10,980carb0.3%,-65.92,0.6,20.07,66.6,111,hit_detected,0.811549,0.962354,-13,291.666667,291.666667,1.856666,1250,0.962354,0.811549,0.813901,FALSE,FALSE,FALSE,TRUE,TRUE,TRUE,4,0.6,FALSE,hit_r2_drag (R^2=0.9624); hit_r2_cv (R^2=0.8115); hit_r2_slope (R^2=0.8139)
2,10,980carb0.3%,-65.92,0.8,15.03,70.9,88.625,hit_detected,0.002097,0.893678,-18.25,-937.5,-937.5,-13.723076,40000,0.893678,0.002097,0.443603,FALSE,FALSE,FALSE,TRUE,TRUE,TRUE,3,0.6,FALSE,hit_r2_drag (R^2=0.8937); hit_r2_cv (R^2=0.0021); hit_r2_slope (R^2=0.4436)
2,10,980carb0.3%,-65.92,1,15.01,72.2,72.2,hit_detected,0.943017,0.715562,-3.1,225,225,7.01409,-12500,0.715562,0.943017,0.898816,FALSE,FALSE,FALSE,TRUE,TRUE,TRUE,3,0.6,FALSE,hit_r2_drag (R^2=0.7156); hit_r2_cv (R^2=0.9430); hit_r2_slope (R^2=0.8988)
2,10,980carb0.3%,-65.94,0.4,35.04,61.86,154.65,hit_detected,0.680815,0.470799,-45.125,5625,5625,18.55556,-127187.5,0.470799,0.680815,0.693019,FALSE,FALSE,FALSE,TRUE,TRUE,TRUE,7,0.6,FALSE,hit_r2_drag (R^2=0.4708); hit_r2_cv (R^2=0.6808); hit_r2_slope (R^2=0.6930)
2,10,980carb0.3%,-65.94,0.6,20.07,68.24,113.733333,hit_detected,0.253377,0.708766,-39.416667,5791.666667,5791.666667,21.696601,-66041.66667,0.708766,0.253377,0.480855,FALSE,FALSE,FALSE,TRUE,TRUE,TRUE,4,0.6,FALSE,hit_r2_drag (R^2=0.7088); hit_r2_cv (R^2=0.2534); hit_r2_slope (R^2=0.4809)
2,10,980carb0.3%,-65.94,0.8,15.01,72.11,90.1375,hit_detected,0.114458,0.819672,-25,3906.25,3906.25,19.884765,-16875,0.819672,0.114458,0.462682,TRUE,FALSE,FALSE,TRUE,TRUE,TRUE,3,0.8,TRUE,hit_2nd_deriv_drag (3906.2500); hit_r2_drag (R^2=0.8197); hit_r2_cv (R^2=0.1145); hit_r2_slope (R^2=0.4627)
2,10,980carb0.3%,-65.94,1,15.02,72.4,72.4,hit_detected,0.642906,0.880221,-5.95,50,50,2.752497,-7125,0.880221,0.642906,0.894589,FALSE,FALSE,FALSE,TRUE,TRUE,TRUE,3,0.6,FALSE,hit_r2_drag (R^2=0.8802); hit_r2_cv (R^2=0.6429); hit_r2_slope (R^2=0.8946)
2,10,980carb0.3%,-65.96,0.4,35.06,65.07,162.675,hit_detected,0.713991,0.802623,-156.75,11000,11000,30.442541,-279062.5,0.802623,0.713991,0.801956,FALSE,FALSE,FALSE,TRUE,TRUE,TRUE,7,0.6,FALSE,hit_r2_drag (R^2=0.8026); hit_r2_cv (R^2=0.7140); hit_r2_slope (R^2=0.8020)
2,10,980carb0.3%,-65.96,0.6,20.07,72.14,120.233333,hit_detected,0.668398,0.759649,-115.25,9416.666667,9416.666667,31.540888,-189583.3333,0.759649,0.668398,0.75736,FALSE,FALSE,FALSE,TRUE,TRUE,TRUE,4,0.6,FALSE,hit_r2_drag (R^2=0.7596); hit_r2_cv (R^2=0.6684); hit_r2_slope (R^2=0.7574)
2,10,980carb0.3%,-65.96,0.8,35.04,69.6,87,hit_detected,0.040955,0.030729,6.1875,-11625,-11625,-0.347538,77968.75,0.030729,0.040955,0.267089,TRUE,FALSE,FALSE,TRUE,TRUE,TRUE,7,0.8,TRUE,hit_2nd_deriv_drag (-11625.0000); hit_r2_drag (R^2=0.0307); hit_r2_cv (R^2=0.0410); hit_r2_slope (R^2=0.2671)
2,10,980carb0.3%,-65.96,1,25.04,79.71,79.71,hit_detected,0.462132,0.552309,-79.7,17775,17775,94.118889,-184375,0.552309,0.462132,0.537664,TRUE,TRUE,FALSE,TRUE,TRUE,TRUE,5,1,TRUE,hit_2nd_deriv_drag (17775.0000); hit_2nd_deriv_cv (94.1189); hit_r2_drag (R^2=0.5523); hit_r2_cv (R^2=0.4621); hit_r2_slope (R^2=0.5377)
2,10,980carb0.3%,-65.98,0.4,15.02,67.13,167.825,hit_detected,0.904204,0.942348,-240,-7187.5,-7187.5,-19.196791,-208125,0.942348,0.904204,0.899997,FALSE,FALSE,FALSE,TRUE,TRUE,TRUE,3,0.6,FALSE,hit_r2_drag (R^2=0.9423); hit_r2_cv (R^2=0.9042); hit_r2_slope (R^2=0.9000)
2,10,980carb0.3%,-65.98,0.6,35.03,65.26,108.766667,hit_detected,0.883861,0.038944,-28,-44916.66667,-44916.66667,-46.566551,218125,0.038944,0.883861,0.036491,TRUE,FALSE,TRUE,TRUE,TRUE,TRUE,7,1,TRUE,hit_2nd_deriv_drag (-44916.6667); hit_2nd_deriv_slope (218125.0000); hit_r2_drag (R^2=0.0389); hit_r2_cv (R^2=0.8839); hit_r2_slope (R^2=0.0365)
2,10,980carb0.3%,-65.98,0.8,35.04,76.7,95.875,hit_detected,0.499282,0.346048,-63.875,30031.25,30031.25,50.893862,-175156.25,0.346048,0.499282,0.064793,TRUE,FALSE,FALSE,TRUE,TRUE,TRUE,7,0.8,TRUE,hit_2nd_deriv_drag (30031.2500); hit_r2_drag (R^2=0.3460); hit_r2_cv (R^2=0.4993); hit_r2_slope (R^2=0.0648)
2,10,980carb0.3%,-65.98,1,35.04,71.71,71.71,hit_detected,0.764745,0.101436,-34.45,-38275,-38275,-95.790459,113125,0.101436,0.764745,0.311101,TRUE,TRUE,FALSE,TRUE,TRUE,TRUE,7,1,TRUE,hit_2nd_deriv_drag (-38275.0000); hit_2nd_deriv_cv (-95.7905); hit_r2_drag (R^2=0.1014); hit_r2_cv (R^2=0.7647); hit_r2_slope (R^2=0.3111)
2,11,980carb0.4%,-65.28,0.1,SKIPPED,<20%,SKIPPED,SKIPPED,SKIPPED,SKIPPED,SKIPPED,SKIPPED,SKIPPED,SKIPPED,SKIPPED,SKIPPED,SKIPPED,SKIPPED,SKIPPED,SKIPPED,SKIPPED,SKIPPED,SKIPPED,SKIPPED,SKIPPED,SKIPPED,SKIPPED,
2,11,980carb0.4%,-65.28,0.2,SKIPPED,<20%,SKIPPED,SKIPPED,SKIPPED,SKIPPED,SKIPPED,SKIPPED,SKIPPED,SKIPPED,SKIPPED,SKIPPED,SKIPPED,SKIPPED,SKIPPED,SKIPPED,SKIPPED,SKIPPED,SKIPPED,SKIPPED,SKIPPED,SKIPPED,SKIPPED,
2,11,980carb0.4%,-65.28,0.3,SKIPPED,<20%,SKIPPED,SKIPPED,SKIPPED,SKIPPED,SKIPPED,SKIPPED,SKIPPED,SKIPPED,SKIPPED,SKIPPED,SKIPPED,SKIPPED,SKIPPED,SKIPPED,SKIPPED,SKIPPED,SKIPPED,SKIPPED,SKIPPED,SKIPPED,SKIPPED,
2,11,980carb0.4%,-65.28,0.4,SKIPPED,<20%,SKIPPED,SKIPPED,SKIPPED,SKIPPED,SKIPPED,SKIPPED,SKIPPED,SKIPPED,SKIPPED,SKIPPED,SKIPPED,SKIPPED,SKIPPED,SKIPPED,SKIPPED,SKIPPED,SKIPPED,SKIPPED,SKIPPED,SKIPPED,SKIPPED,
2,11,980carb0.4%,-65.3,0.1,SKIPPED,<20%,SKIPPED,SKIPPED,SKIPPED,SKIPPED,SKIPPED,SKIPPED,SKIPPED,SKIPPED,SKIPPED,SKIPPED,SKIPPED,SKIPPED,SKIPPED,SKIPPED,SKIPPED,SKIPPED,SKIPPED,SKIPPED,SKIPPED,SKIPPED,SKIPPED,
2,11,980carb0.4%,-65.3,0.2,SKIPPED,<20%,SKIPPED,SKIPPED,SKIPPED,SKIPPED,SKIPPED,SKIPPED,SKIPPED,SKIPPED,SKIPPED,SKIPPED,SKIPPED,SKIPPED,SKIPPED,SKIPPED,SKIPPED,SKIPPED,SKIPPED,SKIPPED,SKIPPED,SKIPPED,SKIPPED,
2,11,980carb0.4%,-65.3,0.3,SKIPPED,<20%,SKIPPED,SKIPPED,SKIPPED,SKIPPED,SKIPPED,SKIPPED,SKIPPED,SKIPPED,SKIPPED,SKIPPED,SKIPPED,SKIPPED,SKIPPED,SKIPPED,SKIPPED,SKIPPED,SKIPPED,SKIPPED,SKIPPED,SKIPPED,SKIPPED,
2,11,980carb0.4%,-65.3,0.4,SKIPPED,<20%,SKIPPED,SKIPPED,SKIPPED,SKIPPED,SKIPPED,SKIPPED,SKIPPED,SKIPPED,SKIPPED,SKIPPED,SKIPPED,SKIPPED,SKIPPED,SKIPPED,SKIPPED,SKIPPED,SKIPPED,SKIPPED,SKIPPED,SKIPPED,SKIPPED,
2,11,980carb0.4%,-65.32,0.1,SKIPPED,<20%,SKIPPED,SKIPPED,SKIPPED,SKIPPED,SKIPPED,SKIPPED,SKIPPED,SKIPPED,SKIPPED,SKIPPED,SKIPPED,SKIPPED,SKIPPED,SKIPPED,SKIPPED,SKIPPED,SKIPPED,SKIPPED,SKIPPED,SKIPPED,SKIPPED,
2,11,980carb0.4%,-65.32,0.2,SKIPPED,<20%,SKIPPED,SKIPPED,SKIPPED,SKIPPED,SKIPPED,SKIPPED,SKIPPED,SKIPPED,SKIPPED,SKIPPED,SKIPPED,SKIPPED,SKIPPED,SKIPPED,SKIPPED,SKIPPED,SKIPPED,SKIPPED,SKIPPED,SKIPPED,SKIPPED,
2,11,980carb0.4%,-65.32,0.3,SKIPPED,<20%,SKIPPED,SKIPPED,SKIPPED,SKIPPED,SKIPPED,SKIPPED,SKIPPED,SKIPPED,SKIPPED,SKIPPED,SKIPPED,SKIPPED,SKIPPED,SKIPPED,SKIPPED,SKIPPED,SKIPPED,SKIPPED,SKIPPED,SKIPPED,SKIPPED,
2,11,980carb0.4%,-65.32,0.4,SKIPPED,<20%,SKIPPED,SKIPPED,SKIPPED,SKIPPED,SKIPPED,SKIPPED,SKIPPED,SKIPPED,SKIPPED,SKIPPED,SKIPPED,SKIPPED,SKIPPED,SKIPPED,SKIPPED,SKIPPED,SKIPPED,SKIPPED,SKIPPED,SKIPPED,SKIPPED,
2,11,980carb0.4%,-65.34,0.1,SKIPPED,<20%,SKIPPED,SKIPPED,SKIPPED,SKIPPED,SKIPPED,SKIPPED,SKIPPED,SKIPPED,SKIPPED,SKIPPED,SKIPPED,SKIPPED,SKIPPED,SKIPPED,SKIPPED,SKIPPED,SKIPPED,SKIPPED,SKIPPED,SKIPPED,SKIPPED,
2,11,980carb0.4%,-65.34,0.2,SKIPPED,<20%,SKIPPED,SKIPPED,SKIPPED,SKIPPED,SKIPPED,SKIPPED,SKIPPED,SKIPPED,SKIPPED,SKIPPED,SKIPPED,SKIPPED,SKIPPED,SKIPPED,SKIPPED,SKIPPED,SKIPPED,SKIPPED,SKIPPED,SKIPPED,SKIPPED,
2,11,980carb0.4%,-65.34,0.3,SKIPPED,<20%,SKIPPED,SKIPPED,SKIPPED,SKIPPED,SKIPPED,SKIPPED,SKIPPED,SKIPPED,SKIPPED,SKIPPED,SKIPPED,SKIPPED,SKIPPED,SKIPPED,SKIPPED,SKIPPED,SKIPPED,SKIPPED,SKIPPED,SKIPPED,SKIPPED,
2,11,980carb0.4%,-65.34,0.4,SKIPPED,<20%,SKIPPED,SKIPPED,SKIPPED,SKIPPED,SKIPPED,SKIPPED,SKIPPED,SKIPPED,SKIPPED,SKIPPED,SKIPPED,SKIPPED,SKIPPED,SKIPPED,SKIPPED,SKIPPED,SKIPPED,SKIPPED,SKIPPED,SKIPPED,SKIPPED,
2,11,980carb0.4%,-65.36,0.1,35.04,30.36,303.6,hit_detected,0,0,0,0,0,0,0,0,0,0,FALSE,FALSE,FALSE,FALSE,FALSE,FALSE,7,0,FALSE,insufficient_data
2,11,980carb0.4%,-65.36,0.2,35.03,43.5,217.5,hit_detected,0,0,0,0,0,0,0,0,0,0,FALSE,FALSE,FALSE,FALSE,FALSE,FALSE,7,0,FALSE,insufficient_data
2,11,980carb0.4%,-65.36,0.3,35.04,52.15,173.833333,hit_detected,0,0,0,0,0,0,0,0,0,0,FALSE,FALSE,FALSE,FALSE,FALSE,FALSE,7,0,FALSE,insufficient_data
2,11,980carb0.4%,-65.36,0.4,30.09,58.71,146.775,hit_detected,0,0,0,0,0,0,0,0,0,0,FALSE,FALSE,FALSE,FALSE,FALSE,FALSE,6,0,FALSE,insufficient_data
2,11,980carb0.4%,-65.38,0.1,35.02,32.88,328.8,hit_detected,0,0,0,0,0,0,0,0,0,0,FALSE,FALSE,FALSE,FALSE,FALSE,FALSE,7,0,FALSE,insufficient_data
2,11,980carb0.4%,-65.38,0.2,35.02,41.72,208.6,hit_detected,0,0,0,0,0,0,0,0,0,0,FALSE,FALSE,FALSE,FALSE,FALSE,FALSE,7,0,FALSE,insufficient_data
2,11,980carb0.4%,-65.38,0.3,35.04,50.5,168.333333,hit_detected,0,0,0,0,0,0,0,0,0,0,FALSE,FALSE,FALSE,FALSE,FALSE,FALSE,7,0,FALSE,insufficient_data
2,11,980carb0.4%,-65.38,0.4,30.07,57.57,143.925,hit_detected,0,0,0,0,0,0,0,0,0,0,FALSE,FALSE,FALSE,FALSE,FALSE,FALSE,6,0,FALSE,insufficient_data
2,11,980carb0.4%,-65.4,0.1,35.02,33.23,332.3,hit_detected,0,0,0,0,0,0,0,0,0,0,FALSE,FALSE,FALSE,FALSE,FALSE,FALSE,7,0,FALSE,insufficient_data
2,11,980carb0.4%,-65.4,0.2,35.03,42.08,210.4,hit_detected,0,0,0,0,0,0,0,0,0,0,FALSE,FALSE,FALSE,FALSE,FALSE,FALSE,7,0,FALSE,insufficient_data
2,11,980carb0.4%,-65.4,0.3,30.08,49.9,166.333333,hit_detected,0,0,0,0,0,0,0,0,0,0,FALSE,FALSE,FALSE,FALSE,FALSE,FALSE,6,0,FALSE,insufficient_data
2,11,980carb0.4%,-65.4,0.4,30.07,56.31,140.775,hit_detected,0,0,0,0,0,0,0,0,0,0,FALSE,FALSE,FALSE,FALSE,FALSE,FALSE,6,0,FALSE,insufficient_data
2,11,980carb0.4%,-65.42,0.1,35.02,32.26,322.6,hit_detected,0,0,0,0,0,0,0,0,0,0,FALSE,FALSE,FALSE,FALSE,FALSE,FALSE,7,0,FALSE,insufficient_data
2,11,980carb0.4%,-65.42,0.2,35.03,41.38,206.9,hit_detected,0,0,0,0,0,0,0,0,0,0,FALSE,FALSE,FALSE,FALSE,FALSE,FALSE,7,0,FALSE,insufficient_data
2,11,980carb0.4%,-65.42,0.3,35.03,49.81,166.033333,hit_detected,0,0,0,0,0,0,0,0,0,0,FALSE,FALSE,FALSE,FALSE,FALSE,FALSE,7,0,FALSE,insufficient_data
2,11,980carb0.4%,-65.42,0.4,30.08,57.05,142.625,hit_detected,0,0,0,0,0,0,0,0,0,0,FALSE,FALSE,FALSE,FALSE,FALSE,FALSE,6,0,FALSE,insufficient_data
2,11,980carb0.4%,-65.44,0.1,35.03,33.48,334.8,hit_detected,0,0,0,0,0,0,0,0,0,0,FALSE,FALSE,FALSE,FALSE,FALSE,FALSE,7,0,FALSE,insufficient_data
2,11,980carb0.4%,-65.44,0.2,35.03,41.63,208.15,hit_detected,0,0,0,0,0,0,0,0,0,0,FALSE,FALSE,FALSE,FALSE,FALSE,FALSE,7,0,FALSE,insufficient_data
2,11,980carb0.4%,-65.44,0.3,30.08,48.68,162.266667,hit_detected,0,0,0,0,0,0,0,0,0,0,FALSE,FALSE,FALSE,FALSE,FALSE,FALSE,6,0,FALSE,insufficient_data
2,11,980carb0.4%,-65.44,0.4,35.03,55.88,139.7,hit_detected,0,0,0,0,0,0,0,0,0,0,FALSE,FALSE,FALSE,FALSE,FALSE,FALSE,7,0,FALSE,insufficient_data
2,11,980carb0.4%,-65.46,0.1,35.03,32.7,327,hit_detected,0,0,0,0,0,0,0,0,0,0,FALSE,FALSE,FALSE,FALSE,FALSE,FALSE,7,0,FALSE,insufficient_data
2,11,980carb0.4%,-65.46,0.2,35.03,41.59,207.95,hit_detected,0,0,0,0,0,0,0,0,0,0,FALSE,FALSE,FALSE,FALSE,FALSE,FALSE,7,0,FALSE,insufficient_data
2,11,980carb0.4%,-65.46,0.3,35.03,50.32,167.733333,hit_detected,0,0,0,0,0,0,0,0,0,0,FALSE,FALSE,FALSE,FALSE,FALSE,FALSE,7,0,FALSE,insufficient_data
2,11,980carb0.4%,-65.46,0.4,30.08,56.75,141.875,hit_detected,0,0,0,0,0,0,0,0,0,0,FALSE,FALSE,FALSE,FALSE,FALSE,FALSE,6,0,FALSE,insufficient_data
2,11,980carb0.4%,-65.48,0.1,35.03,33.08,330.8,hit_detected,0,0,0,0,0,0,0,0,0,0,FALSE,FALSE,FALSE,FALSE,FALSE,FALSE,7,0,FALSE,insufficient_data
2,11,980carb0.4%,-65.48,0.2,35.03,41.54,207.7,hit_detected,0,0,0,0,0,0,0,0,0,0,FALSE,FALSE,FALSE,FALSE,FALSE,FALSE,7,0,FALSE,insufficient_data
2,11,980carb0.4%,-65.48,0.3,35.04,49.74,165.8,hit_detected,0,0,0,0,0,0,0,0,0,0,FALSE,FALSE,FALSE,FALSE,FALSE,FALSE,7,0,FALSE,insufficient_data
2,11,980carb0.4%,-65.48,0.4,30.08,56.89,142.225,hit_detected,0,0,0,0,0,0,0,0,0,0,FALSE,FALSE,FALSE,FALSE,FALSE,FALSE,6,0,FALSE,insufficient_data
2,11,980carb0.4%,-65.5,0.1,35.04,33.74,337.4,hit_detected,0,0.465296,-128,7000,7000,7.373811,0,0.465296,0,0,FALSE,FALSE,FALSE,TRUE,FALSE,FALSE,7,0.2,FALSE,hit_r2_drag (R^2=0.4653)
2,11,980carb0.4%,-65.5,0.2,35.03,43.1,215.5,hit_detected,0,0.562396,-83.75,20125,20125,23.38345,0,0.562396,0,0,FALSE,FALSE,FALSE,TRUE,FALSE,FALSE,7,0.2,FALSE,hit_r2_drag (R^2=0.5624)
2,11,980carb0.4%,-65.5,0.3,30.08,50.5,168.333333,hit_detected,0,0.295025,-40.666667,11166.66667,11166.66667,9.027919,0,0.295025,0,0,FALSE,FALSE,FALSE,TRUE,FALSE,FALSE,6,0.2,FALSE,hit_r2_drag (R^2=0.2950)
2,11,980carb0.4%,-65.5,0.4,25.03,56.36,140.9,hit_detected,0,0.015484,4.625,-4187.5,-4187.5,6.648982,0,0.015484,0,0,FALSE,FALSE,FALSE,TRUE,FALSE,FALSE,5,0.2,FALSE,hit_r2_drag (R^2=0.0155)
2,11,980carb0.4%,-65.52,0.1,35.03,32.41,324.1,hit_detected,0.390059,0.101776,55,-49750,-49750,-10.987071,457500,0.101776,0.390059,0,FALSE,FALSE,FALSE,TRUE,TRUE,FALSE,7,0.4,FALSE,hit_r2_drag (R^2=0.1018); hit_r2_cv (R^2=0.3901)
2,11,980carb0.4%,-65.52,0.2,35.04,41.55,207.75,hit_detected,0.00632,0.098011,-33.75,-38875,-38875,-25.03242,125000,0.098011,0.00632,0,FALSE,FALSE,FALSE,TRUE,TRUE,FALSE,7,0.4,FALSE,hit_r2_drag (R^2=0.0980); hit_r2_cv (R^2=0.0063)
2,11,980carb0.4%,-65.52,0.3,35.05,50.03,166.766667,hit_detected,0.435103,0.403283,-48,-10250,-10250,-4.255738,-18333.33333,0.403283,0.435103,0,FALSE,FALSE,FALSE,TRUE,TRUE,FALSE,7,0.4,FALSE,hit_r2_drag (R^2=0.4033); hit_r2_cv (R^2=0.4351)
2,11,980carb0.4%,-65.52,0.4,30.08,57.26,143.15,hit_detected,0.629018,0.504083,-29.625,8937.5,8937.5,2.523018,-85625,0.504083,0.629018,0,FALSE,FALSE,FALSE,TRUE,TRUE,FALSE,6,0.4,FALSE,hit_r2_drag (R^2=0.5041); hit_r2_cv (R^2=0.6290)
2,11,980carb0.4%,-65.54,0.1,35.03,34.06,340.6,hit_detected,0.768975,0.218917,-102.5,74500,74500,13.107366,-393750,0.218917,0.768975,0.148094,FALSE,FALSE,FALSE,TRUE,TRUE,TRUE,7,0.6,FALSE,hit_r2_drag (R^2=0.2189); hit_r2_cv (R^2=0.7690); hit_r2_slope (R^2=0.1481)
2,11,980carb0.4%,-65.54,0.2,35.04,42.65,213.25,hit_detected,0.779722,0.208333,-53.25,33125,33125,4.139416,-48750,0.208333,0.779722,0.488115,FALSE,FALSE,FALSE,TRUE,TRUE,TRUE,7,0.6,FALSE,hit_r2_drag (R^2=0.2083); hit_r2_cv (R^2=0.7797); hit_r2_slope (R^2=0.4881)
2,11,980carb0.4%,-65.54,0.3,30.08,49.47,164.9,hit_detected,0.346044,0.283577,23.5,-750,-750,-13.719783,178750,0.283577,0.346044,0.392009,FALSE,FALSE,FALSE,TRUE,TRUE,TRUE,6,0.6,FALSE,hit_r2_drag (R^2=0.2836); hit_r2_cv (R^2=0.3460); hit_r2_slope (R^2=0.3920)
2,11,980carb0.4%,-65.54,0.4,30.08,55.61,139.025,hit_detected,0.000041,0.231402,23.875,-15937.5,-15937.5,1.709374,133750,0.231402,0.000041,0.000809,FALSE,FALSE,FALSE,TRUE,TRUE,TRUE,6,0.6,FALSE,hit_r2_drag (R^2=0.2314); hit_r2_cv (R^2=0.0000); hit_r2_slope (R^2=0.0008)
2,11,980carb0.4%,-65.56,0.1,35.04,32.35,323.5,hit_detected,0.859019,0.054922,57,-84000,-84000,-4.558189,398750,0.054922,0.859019,0.078481,FALSE,FALSE,FALSE,TRUE,TRUE,TRUE,7,0.6,FALSE,hit_r2_drag (R^2=0.0549); hit_r2_cv (R^2=0.8590); hit_r2_slope (R^2=0.0785)
2,11,980carb0.4%,-65.56,0.2,35.04,41.57,207.85,hit_detected,0.576177,0.00692,9.75,-27250,-27250,-2.616291,157500,0.00692,0.576177,0.172018,FALSE,FALSE,FALSE,TRUE,TRUE,TRUE,7,0.6,FALSE,hit_r2_drag (R^2=0.0069); hit_r2_cv (R^2=0.5762); hit_r2_slope (R^2=0.1720)
2,11,980carb0.4%,-65.56,0.3,35.03,50.06,166.866667,hit_detected,0.549436,0.025563,6.5,9583.333333,9583.333333,11.987521,-42500,0.025563,0.549436,0.604065,FALSE,FALSE,FALSE,TRUE,TRUE,TRUE,7,0.6,FALSE,hit_r2_drag (R^2=0.0256); hit_r2_cv (R^2=0.5494); hit_r2_slope (R^2=0.6041)
2,11,980carb0.4%,-65.56,0.4,25.03,56.99,142.475,hit_detected,0.900054,0.01772,6.875,18937.5,18937.5,-2.987231,-42500,0.01772,0.900054,0.544609,FALSE,FALSE,FALSE,TRUE,TRUE,TRUE,5,0.6,FALSE,hit_r2_drag (R^2=0.0177); hit_r2_cv (R^2=0.9001); hit_r2_slope (R^2=0.5446)
2,11,980carb0.4%,-65.58,0.1,35.05,33.47,334.7,hit_detected,0.816461,0.014691,30,70750,70750,-4.461716,-67500,0.014691,0.816461,0.651335,FALSE,FALSE,FALSE,TRUE,TRUE,TRUE,7,0.6,FALSE,hit_r2_drag (R^2=0.0147); hit_r2_cv (R^2=0.8165); hit_r2_slope (R^2=0.6513)
2,11,980carb0.4%,-65.58,0.2,35.04,41.52,207.6,hit_detected,0.60013,0.44415,78.5,12875,12875,0.015617,171875,0.44415,0.60013,0.887683,FALSE,FALSE,FALSE,TRUE,TRUE,TRUE,7,0.6,FALSE,hit_r2_drag (R^2=0.4442); hit_r2_cv (R^2=0.6001); hit_r2_slope (R^2=0.8877)
2,11,980carb0.4%,-65.58,0.3,35.03,49.25,164.166667,hit_detected,0.56093,0.608459,41.166667,-11666.66667,-11666.66667,6.646817,86666.66667,0.608459,0.56093,0.040168,FALSE,FALSE,FALSE,TRUE,TRUE,TRUE,7,0.6,FALSE,hit_r2_drag (R^2=0.6085); hit_r2_cv (R^2=0.5609); hit_r2_slope (R^2=0.0402)
2,11,980carb0.4%,-65.58,0.4,30.08,56.43,141.075,hit_detected,0.829333,0.001037,1.625,-12125,-12125,-1.534839,-13125,0.001037,0.829333,0.859114,FALSE,FALSE,FALSE,TRUE,TRUE,TRUE,6,0.6,FALSE,hit_r2_drag (R^2=0.0010); hit_r2_cv (R^2=0.8293); hit_r2_slope (R^2=0.8591)
2,11,980carb0.4%,-65.6,0.1,35.04,33.2,332,hit_detected,0.567237,0.046515,-49.5,-34750,-34750,-4.465225,-198750,0.046515,0.567237,0.753118,FALSE,FALSE,FALSE,TRUE,TRUE,TRUE,7,0.6,FALSE,hit_r2_drag (R^2=0.0465); hit_r2_cv (R^2=0.5672); hit_r2_slope (R^2=0.7531)
2,11,980carb0.4%,-65.6,0.2,35.04,42.54,212.7,hit_detected,0.212549,0.054482,-21.25,13375,13375,-9.108961,-249375,0.054482,0.212549,0.000559,FALSE,FALSE,FALSE,TRUE,TRUE,TRUE,7,0.6,FALSE,hit_r2_drag (R^2=0.0545); hit_r2_cv (R^2=0.2125); hit_r2_slope (R^2=0.0006)
2,11,980carb0.4%,-65.6,0.3,35.03,51.16,170.533333,hit_detected,0.014333,0.18974,-34,22666.66667,22666.66667,5.476645,-187916.6667,0.18974,0.014333,0.055365,FALSE,FALSE,FALSE,TRUE,TRUE,TRUE,7,0.6,FALSE,hit_r2_drag (R^2=0.1897); hit_r2_cv (R^2=0.0143); hit_r2_slope (R^2=0.0554)
2,11,980carb0.4%,-65.6,0.4,30.08,57.01,142.525,hit_detected,0.65384,0.005862,-4,7125,7125,1.380298,-14062.5,0.005862,0.65384,0.888889,FALSE,FALSE,FALSE,TRUE,TRUE,TRUE,6,0.6,FALSE,hit_r2_drag (R^2=0.0059); hit_r2_cv (R^2=0.6538); hit_r2_slope (R^2=0.8889)
2,11,980carb0.4%,-65.62,0.1,35.04,33.33,333.3,hit_detected,0.215871,0.024508,30.5,10000,10000,-3.967798,200000,0.024508,0.215871,0.080909,FALSE,FALSE,FALSE,TRUE,TRUE,TRUE,7,0.6,FALSE,hit_r2_drag (R^2=0.0245); hit_r2_cv (R^2=0.2159); hit_r2_slope (R^2=0.0809)
2,11,980carb0.4%,-65.62,0.2,35.03,42.17,210.85,hit_detected,0.774113,0.000009,-0.25,-17375,-17375,6.312967,52500,0.000009,0.774113,0.623313,FALSE,FALSE,FALSE,TRUE,TRUE,TRUE,7,0.6,FALSE,hit_r2_drag (R^2=0.0000); hit_r2_cv (R^2=0.7741); hit_r2_slope (R^2=0.6233)
2,11,980carb0.4%,-65.62,0.3,35.04,50.8,169.333333,hit_detected,0.876468,0.519177,-62.666667,-18916.66667,-18916.66667,-6.996918,-71666.66667,0.519177,0.876468,0.873183,FALSE,FALSE,FALSE,TRUE,TRUE,TRUE,7,0.6,FALSE,hit_r2_drag (R^2=0.5192); hit_r2_cv (R^2=0.8765); hit_r2_slope (R^2=0.8732)
2,11,980carb0.4%,-65.62,0.4,30.08,57.83,144.575,hit_detected,0.610479,0.739267,-55.75,1500,1500,5.39262,-129375,0.739267,0.610479,0.60043,FALSE,FALSE,FALSE,TRUE,TRUE,TRUE,6,0.6,FALSE,hit_r2_drag (R^2=0.7393); hit_r2_cv (R^2=0.6105); hit_r2_slope (R^2=0.6004)
2,11,980carb0.4%,-65.64,0.1,35.04,34.46,344.6,hit_detected,0.244889,0.733748,-204,25000,25000,16.72516,-586250,0.733748,0.244889,0.143031,FALSE,FALSE,FALSE,TRUE,TRUE,TRUE,7,0.6,FALSE,hit_r2_drag (R^2=0.7337); hit_r2_cv (R^2=0.2449); hit_r2_slope (R^2=0.1430)
2,11,980carb0.4%,-65.64,0.2,35.05,43.81,219.05,hit_detected,0.025268,0.753315,-128.25,25125,25125,23.88788,-320000,0.753315,0.025268,0.324299,FALSE,FALSE,FALSE,TRUE,TRUE,TRUE,7,0.6,FALSE,hit_r2_drag (R^2=0.7533); hit_r2_cv (R^2=0.0253); hit_r2_slope (R^2=0.3243)
2,11,980carb0.4%,-65.64,0.3,30.09,51.26,170.866667,hit_detected,0.909889,0.54571,-65.833333,6833.333333,6833.333333,-3.02975,-7916.666667,0.54571,0.909889,0.799177,FALSE,FALSE,FALSE,TRUE,TRUE,TRUE,6,0.6,FALSE,hit_r2_drag (R^2=0.5457); hit_r2_cv (R^2=0.9099); hit_r2_slope (R^2=0.7992)
2,11,980carb0.4%,-65.64,0.4,25.03,57.04,142.6,hit_detected,0.035823,0.225541,-18.75,-10062.5,-10062.5,-18.955515,92500,0.225541,0.035823,0.237716,FALSE,TRUE,FALSE,TRUE,TRUE,TRUE,5,0.8,TRUE,hit_2nd_deriv_cv (-18.9555); hit_r2_drag (R^2=0.2255); hit_r2_cv (R^2=0.0358); hit_r2_slope (R^2=0.2377)
2,11,980carb0.4%,-65.66,0.1,35.03,32.95,329.5,hit_detected,0.47836,0.003606,-11,-66000,-66000,-20.873575,482500,0.003606,0.47836,0.169193,FALSE,FALSE,FALSE,TRUE,TRUE,TRUE,7,0.6,FALSE,hit_r2_drag (R^2=0.0036); hit_r2_cv (R^2=0.4784); hit_r2_slope (R^2=0.1692)
2,11,980carb0.4%,-65.66,0.2,35.05,42.26,211.3,hit_detected,0.246269,0.266604,-68.75,-39875,-39875,-26.320517,148750,0.266604,0.246269,0.428196,FALSE,FALSE,FALSE,TRUE,TRUE,TRUE,7,0.6,FALSE,hit_r2_drag (R^2=0.2666); hit_r2_cv (R^2=0.2463); hit_r2_slope (R^2=0.4282)
2,11,980carb0.4%,-65.66,0.3,35.03,50.64,168.8,hit_detected,0.62151,0.317686,-48,-9000,-9000,-2.384367,44583.33333,0.317686,0.62151,0.309428,FALSE,FALSE,FALSE,TRUE,TRUE,TRUE,7,0.6,FALSE,hit_r2_drag (R^2=0.3177); hit_r2_cv (R^2=0.6215); hit_r2_slope (R^2=0.3094)
2,11,980carb0.4%,-65.66,0.4,30.09,58.04,145.1,hit_detected,0.038673,0.609633,-40.625,11187.5,11187.5,18.858489,-54687.5,0.609633,0.038673,0.328171,FALSE,TRUE,FALSE,TRUE,TRUE,TRUE,6,0.8,TRUE,hit_2nd_deriv_cv (18.8585); hit_r2_drag (R^2=0.6096); hit_r2_cv (R^2=0.0387); hit_r2_slope (R^2=0.3282)
2,11,980carb0.4%,-65.68,0.1,35.06,34.63,346.3,hit_detected,0.002413,0.25724,-124,79750,79750,24.380063,-282500,0.25724,0.002413,0.332585,FALSE,FALSE,FALSE,TRUE,TRUE,TRUE,7,0.6,FALSE,hit_r2_drag (R^2=0.2572); hit_r2_cv (R^2=0.0024); hit_r2_slope (R^2=0.3326)
2,11,980carb0.4%,-65.68,0.2,35.05,42.9,214.5,hit_detected,0.180555,0.037158,-20.25,27375,27375,-4.556388,121250,0.037158,0.180555,0.899431,FALSE,FALSE,FALSE,TRUE,TRUE,TRUE,7,0.6,FALSE,hit_r2_drag (R^2=0.0372); hit_r2_cv (R^2=0.1806); hit_r2_slope (R^2=0.8994)
2,11,980carb0.4%,-65.68,0.3,30.08,49.45,164.833333,hit_detected,0.053563,0.61203,59.666667,-4750,-4750,-2.007956,269166.6667,0.61203,0.053563,0.645778,FALSE,FALSE,FALSE,TRUE,TRUE,TRUE,6,0.6,FALSE,hit_r2_drag (R^2=0.6120); hit_r2_cv (R^2=0.0536); hit_r2_slope (R^2=0.6458)
2,11,980carb0.4%,-65.68,0.4,35.04,56.63,141.575,hit_detected,0.170076,0.021175,6.875,-15062.5,-15062.5,-8.505487,118750,0.021175,0.170076,0.055743,FALSE,FALSE,FALSE,TRUE,TRUE,TRUE,7,0.6,FALSE,hit_r2_drag (R^2=0.0212); hit_r2_cv (R^2=0.1701); hit_r2_slope (R^2=0.0557)
2,11,980carb0.4%,-65.7,0.1,35.04,33.43,334.3,hit_detected,0.198547,0.006232,-18.5,-72000,-72000,-14.783194,263750,0.006232,0.198547,0.111533,FALSE,FALSE,FALSE,TRUE,TRUE,TRUE,7,0.6,FALSE,hit_r2_drag (R^2=0.0062); hit_r2_cv (R^2=0.1985); hit_r2_slope (R^2=0.1115)
2,11,980carb0.4%,-65.7,0.2,35.05,42.66,213.3,hit_detected,0.001367,0.000283,-1.75,-11000,-11000,9.213869,46250,0.000283,0.001367,0.873194,FALSE,FALSE,FALSE,TRUE,TRUE,TRUE,7,0.6,FALSE,hit_r2_drag (R^2=0.0003); hit_r2_cv (R^2=0.0014); hit_r2_slope (R^2=0.8732)
2,11,980carb0.4%,-65.7,0.3,35.04,51.25,170.833333,hit_detected,0.776341,0.037809,15.166667,24916.66667,24916.66667,4.464855,-111250,0.037809,0.776341,0.469533,FALSE,FALSE,FALSE,TRUE,TRUE,TRUE,7,0.6,FALSE,hit_r2_drag (R^2=0.0378); hit_r2_cv (R^2=0.7763); hit_r2_slope (R^2=0.4695)
2,11,980carb0.4%,-65.7,0.4,30.08,57.5,143.75,hit_detected,0.277609,0.086298,13.375,14250,14250,1.49378,16250,0.086298,0.277609,0.809164,FALSE,FALSE,FALSE,TRUE,TRUE,TRUE,6,0.6,FALSE,hit_r2_drag (R^2=0.0863); hit_r2_cv (R^2=0.2776); hit_r2_slope (R^2=0.8092)
2,11,980carb0.4%,-65.72,0.1,35.03,33.99,339.9,hit_detected,0.004768,0.010699,23,44000,44000,-0.501011,103750,0.010699,0.004768,0.87516,FALSE,FALSE,FALSE,TRUE,TRUE,TRUE,7,0.6,FALSE,hit_r2_drag (R^2=0.0107); hit_r2_cv (R^2=0.0048); hit_r2_slope (R^2=0.8752)
2,11,980carb0.4%,-65.72,0.2,35.05,42.11,210.55,hit_detected,0.783884,0.498925,75,-3875,-3875,1.105272,191875,0.498925,0.783884,0.697885,FALSE,FALSE,FALSE,TRUE,TRUE,TRUE,7,0.6,FALSE,hit_r2_drag (R^2=0.4989); hit_r2_cv (R^2=0.7839); hit_r2_slope (R^2=0.6979)
2,11,980carb0.4%,-65.72,0.3,35.04,50.36,167.866667,hit_detected,0.644541,0.063233,19.833333,-22416.66667,-22416.66667,-0.290425,11666.66667,0.063233,0.644541,0.69211,FALSE,FALSE,FALSE,TRUE,TRUE,TRUE,7,0.6,FALSE,hit_r2_drag (R^2=0.0632); hit_r2_cv (R^2=0.6445); hit_r2_slope (R^2=0.6921)
2,11,980carb0.4%,-65.72,0.4,30,57.42,143.55,hit_detected,0.00644,0.00434,-2.75,-5937.5,-5937.5,-0.951259,-40312.5,0.00434,0.00644,0.092966,FALSE,FALSE,FALSE,TRUE,TRUE,TRUE,6,0.6,FALSE,hit_r2_drag (R^2=0.0043); hit_r2_cv (R^2=0.0064); hit_r2_slope (R^2=0.0930)
2,11,980carb0.4%,-65.74,0.1,35.03,33.87,338.7,hit_detected,0.001154,0.090799,-60,-17000,-17000,-2.009355,-207500,0.090799,0.001154,0.035714,FALSE,FALSE,FALSE,TRUE,TRUE,TRUE,7,0.6,FALSE,hit_r2_drag (R^2=0.0908); hit_r2_cv (R^2=0.0012); hit_r2_slope (R^2=0.0357)
2,11,980carb0.4%,-65.74,0.2,35.04,43.87,219.35,hit_detected,0.349338,0.305289,-60.75,28875,28875,0.502012,-339375,0.305289,0.349338,0.012627,FALSE,FALSE,FALSE,TRUE,TRUE,TRUE,7,0.6,FALSE,hit_r2_drag (R^2=0.3053); hit_r2_cv (R^2=0.3493); hit_r2_slope (R^2=0.0126)
2,11,980carb0.4%,-65.74,0.3,30.08,51.87,172.9,hit_detected,0.231374,0.338798,-56.166667,20000,20000,6.86969,-190000,0.338798,0.231374,0.436469,FALSE,FALSE,FALSE,TRUE,TRUE,TRUE,6,0.6,FALSE,hit_r2_drag (R^2=0.3388); hit_r2_cv (R^2=0.2314); hit_r2_slope (R^2=0.4365)
2,11,980carb0.4%,-65.74,0.4,25.03,57.79,144.475,hit_detected,0.907666,0.007402,-3.625,2812.5,2812.5,1.975535,-2187.5,0.007402,0.907666,0.775662,FALSE,FALSE,FALSE,TRUE,TRUE,TRUE,5,0.6,FALSE,hit_r2_drag (R^2=0.0074); hit_r2_cv (R^2=0.9077); hit_r2_slope (R^2=0.7757)
2,11,980carb0.4%,-65.76,0.1,35.03,33.95,339.5,hit_detected,0.851192,0.114701,46,5000,5000,-8.716014,265000,0.114701,0.851192,0.013399,FALSE,FALSE,FALSE,TRUE,TRUE,TRUE,7,0.6,FALSE,hit_r2_drag (R^2=0.1147); hit_r2_cv (R^2=0.8512); hit_r2_slope (R^2=0.0134)
2,11,980carb0.4%,-65.76,0.2,35.03,42.85,214.25,hit_detected,0.024225,0.07593,-27.75,-34750,-34750,-4.385025,82500,0.07593,0.024225,0.600233,FALSE,FALSE,FALSE,TRUE,TRUE,TRUE,7,0.6,FALSE,hit_r2_drag (R^2=0.0759); hit_r2_cv (R^2=0.0242); hit_r2_slope (R^2=0.6002)
2,11,980carb0.4%,-65.76,0.3,35.05,51.58,171.933333,hit_detected,0.855845,0.607529,-81.333333,-15000,-15000,-4.168981,-62916.66667,0.607529,0.855845,0.863841,FALSE,FALSE,FALSE,TRUE,TRUE,TRUE,7,0.6,FALSE,hit_r2_drag (R^2=0.6075); hit_r2_cv (R^2=0.8558); hit_r2_slope (R^2=0.8638)
2,11,980carb0.4%,-65.76,0.4,30.09,58.35,145.875,hit_detected,0.000594,0.890323,-46.625,1187.5,1187.5,3.417787,-107500,0.890323,0.000594,0.520083,FALSE,FALSE,FALSE,TRUE,TRUE,TRUE,6,0.6,FALSE,hit_r2_drag (R^2=0.8903); hit_r2_cv (R^2=0.0006); hit_r2_slope (R^2=0.5201)
2,11,980carb0.4%,-65.78,0.1,35.05,34.99,349.9,hit_detected,0.628616,0.721992,-154,24000,24000,22.791931,-500000,0.721992,0.628616,0.023574,FALSE,FALSE,FALSE,TRUE,TRUE,TRUE,7,0.6,FALSE,hit_r2_drag (R^2=0.7220); hit_r2_cv (R^2=0.6286); hit_r2_slope (R^2=0.0236)
2,11,980carb0.4%,-65.78,0.2,35.05,44.03,220.15,hit_detected,0.387472,0.449546,-87,27500,27500,12.505847,-148125,0.449546,0.387472,0.014906,FALSE,FALSE,FALSE,TRUE,TRUE,TRUE,7,0.6,FALSE,hit_r2_drag (R^2=0.4495); hit_r2_cv (R^2=0.3875); hit_r2_slope (R^2=0.0149)
2,11,980carb0.4%,-65.78,0.3,30.08,51.12,170.4,hit_detected,0.012239,0.07082,-16,-1416.666667,-1416.666667,-21.717405,163333.3333,0.07082,0.012239,0.106433,FALSE,FALSE,FALSE,TRUE,TRUE,TRUE,6,0.6,FALSE,hit_r2_drag (R^2=0.0708); hit_r2_cv (R^2=0.0122); hit_r2_slope (R^2=0.1064)
2,11,980carb0.4%,-65.78,0.4,30.08,56.97,142.425,hit_detected,0.020305,0.001629,1.625,-12125,-12125,-8.076045,120625,0.001629,0.020305,0.043621,FALSE,FALSE,FALSE,TRUE,TRUE,TRUE,6,0.6,FALSE,hit_r2_drag (R^2=0.0016); hit_r2_cv (R^2=0.0203); hit_r2_slope (R^2=0.0436)
2,11,980carb0.4%,-65.8,0.1,35.04,33.02,330.2,hit_detected,0.010376,0.03442,41,-75250,-75250,-1.00571,487500,0.03442,0.010376,0.093393,FALSE,FALSE,FALSE,TRUE,TRUE,TRUE,7,0.6,FALSE,hit_r2_drag (R^2=0.0344); hit_r2_cv (R^2=0.0104); hit_r2_slope (R^2=0.0934)
2,11,980carb0.4%,-65.8,0.2,35.03,42.65,213.25,hit_detected,0.591469,0.056887,-31,-32000,-32000,-9.284639,140000,0.056887,0.591469,0.106294,FALSE,FALSE,FALSE,TRUE,TRUE,TRUE,7,0.6,FALSE,hit_r2_drag (R^2=0.0569); hit_r2_cv (R^2=0.5915); hit_r2_slope (R^2=0.1063)
2,11,980carb0.4%,-65.8,0.3,35.04,51.02,170.066667,hit_detected,0.33464,0.024297,-9.5,3000,3000,18.957531,16250,0.024297,0.33464,0.794826,FALSE,FALSE,FALSE,TRUE,TRUE,TRUE,7,0.6,FALSE,hit_r2_drag (R^2=0.0243); hit_r2_cv (R^2=0.3346); hit_r2_slope (R^2=0.7948)
2,11,980carb0.4%,-65.8,0.4,30.09,58.44,146.1,hit_detected,0.197065,0.096317,-15.25,17812.5,17812.5,8.796687,-42187.5,0.096317,0.197065,0.519849,FALSE,FALSE,FALSE,TRUE,TRUE,TRUE,6,0.6,FALSE,hit_r2_drag (R^2=0.0963); hit_r2_cv (R^2=0.1971); hit_r2_slope (R^2=0.5198)
2,11,980carb0.4%,-65.82,0.1,35.04,34.76,347.6,hit_detected,0.451189,0.029276,-42.5,92750,92750,-2.897032,-208750,0.029276,0.451189,0.457611,FALSE,FALSE,FALSE,TRUE,TRUE,TRUE,7,0.6,FALSE,hit_r2_drag (R^2=0.0293); hit_r2_cv (R^2=0.4512); hit_r2_slope (R^2=0.4576)
2,11,980carb0.4%,-65.82,0.2,35.04,42.76,213.8,hit_detected,0.032297,0.334407,60.5,18625,18625,-8.494257,228750,0.334407,0.032297,0.846149,FALSE,FALSE,FALSE,TRUE,TRUE,TRUE,7,0.6,FALSE,hit_r2_drag (R^2=0.3344); hit_r2_cv (R^2=0.0323); hit_r2_slope (R^2=0.8461)
2,11,980carb0.4%,-65.82,0.3,35.04,50.27,167.566667,hit_detected,0.636988,0.946875,62.666667,-5416.666667,-5416.666667,1.077389,180416.6667,0.946875,0.636988,0.584475,FALSE,FALSE,FALSE,TRUE,TRUE,TRUE,7,0.6,FALSE,hit_r2_drag (R^2=0.9469); hit_r2_cv (R^2=0.6370); hit_r2_slope (R^2=0.5845)
2,11,980carb0.4%,-65.82,0.4,25.03,57.2,143,hit_detected,0.359927,0.067946,13.625,-16937.5,-16937.5,-2.724846,72187.5,0.067946,0.359927,0.008202,FALSE,FALSE,FALSE,TRUE,TRUE,TRUE,5,0.6,FALSE,hit_r2_drag (R^2=0.0679); hit_r2_cv (R^2=0.3599); hit_r2_slope (R^2=0.0082)
2,11,980carb0.4%,-65.84,0.1,35.03,33.69,336.9,hit_detected,0.935258,0.021776,37.5,-70250,-70250,-4.226703,200000,0.021776,0.935258,0.100584,FALSE,FALSE,FALSE,TRUE,TRUE,TRUE,7,0.6,FALSE,hit_r2_drag (R^2=0.0218); hit_r2_cv (R^2=0.9353); hit_r2_slope (R^2=0.1006)
2,11,980carb0.4%,-65.84,0.2,35.04,42.9,214.5,hit_detected,0.185659,0.108104,29.25,375,375,3.430423,-78125,0.108104,0.185659,0.526249,FALSE,FALSE,FALSE,TRUE,TRUE,TRUE,7,0.6,FALSE,hit_r2_drag (R^2=0.1081); hit_r2_cv (R^2=0.1857); hit_r2_slope (R^2=0.5262)
2,11,980carb0.4%,-65.84,0.3,35.05,52.05,173.5,hit_detected,0.302535,0.000458,-1.5,21083.33333,21083.33333,0.911462,-160416.6667,0.000458,0.302535,0.133129,FALSE,FALSE,FALSE,TRUE,TRUE,TRUE,7,0.6,FALSE,hit_r2_drag (R^2=0.0005); hit_r2_cv (R^2=0.3025); hit_r2_slope (R^2=0.1331)
2,11,980carb0.4%,-65.84,0.4,25.03,58.17,145.425,hit_detected,0.401252,0.000892,1.625,13812.5,13812.5,-0.540597,-30000,0.000892,0.401252,0.467717,FALSE,FALSE,FALSE,TRUE,TRUE,TRUE,5,0.6,FALSE,hit_r2_drag (R^2=0.0009); hit_r2_cv (R^2=0.4013); hit_r2_slope (R^2=0.4677)
2,11,980carb0.4%,-65.86,0.1,35.04,34.12,341.2,hit_detected,0.797652,0.0447,53.5,37500,37500,-1.518311,40000,0.0447,0.797652,0.83046,FALSE,FALSE,FALSE,TRUE,TRUE,TRUE,7,0.6,FALSE,hit_r2_drag (R^2=0.0447); hit_r2_cv (R^2=0.7977); hit_r2_slope (R^2=0.8305)
2,11,980carb0.4%,-65.86,0.2,35.03,42.45,212.25,hit_detected,0.767349,0.548211,72.75,-7375,-7375,8.10521,108750,0.548211,0.767349,0.002851,FALSE,FALSE,FALSE,TRUE,TRUE,TRUE,7,0.6,FALSE,hit_r2_drag (R^2=0.5482); hit_r2_cv (R^2=0.7673); hit_r2_slope (R^2=0.0029)
2,11,980carb0.4%,-65.86,0.3,35.04,51.17,170.566667,hit_detected,0.73766,0.07982,-18.833333,-22166.66667,-22166.66667,-3.742913,-43333.33333,0.07982,0.73766,0.850024,FALSE,FALSE,FALSE,TRUE,TRUE,TRUE,7,0.6,FALSE,hit_r2_drag (R^2=0.0798); hit_r2_cv (R^2=0.7377); hit_r2_slope (R^2=0.8500)
2,11,980carb0.4%,-65.86,0.4,25.03,57.33,143.325,hit_detected,0.601758,0.012214,-5.625,-11312.5,-11312.5,-2.641072,-18125,0.012214,0.601758,0.896555,FALSE,FALSE,FALSE,TRUE,TRUE,TRUE,5,0.6,FALSE,hit_r2_drag (R^2=0.0122); hit_r2_cv (R^2=0.6018); hit_r2_slope (R^2=0.8966)
2,11,980carb0.4%,-65.88,0.1,35.04,34.11,341.1,hit_detected,0.050352,0.144381,-77,-11000,-11000,-9.954015,-326250,0.144381,0.050352,0.370027,FALSE,FALSE,FALSE,TRUE,TRUE,TRUE,7,0.6,FALSE,hit_r2_drag (R^2=0.1444); hit_r2_cv (R^2=0.0504); hit_r2_slope (R^2=0.3700)
2,11,980carb0.4%,-65.88,0.2,35.04,44,220,hit_detected,0.536702,0.385671,-59.75,25000,25000,-3.782583,-331250,0.385671,0.536702,0.154555,FALSE,FALSE,FALSE,TRUE,TRUE,TRUE,7,0.6,FALSE,hit_r2_drag (R^2=0.3857); hit_r2_cv (R^2=0.5367); hit_r2_slope (R^2=0.1546)
2,11,980carb0.4%,-65.88,0.3,30.09,52.07,173.566667,hit_detected,0.77329,0.389556,-50,14833.33333,14833.33333,6.847663,-77916.66667,0.389556,0.77329,0.832725,FALSE,FALSE,FALSE,TRUE,TRUE,TRUE,6,0.6,FALSE,hit_r2_drag (R^2=0.3896); hit_r2_cv (R^2=0.7733); hit_r2_slope (R^2=0.8327)
2,11,980carb0.4%,-65.88,0.4,25.02,57.69,144.225,hit_detected,0.265508,0.165552,17.125,7500,7500,-2.745613,56875,0.165552,0.265508,0.163413,FALSE,FALSE,FALSE,TRUE,TRUE,TRUE,5,0.6,FALSE,hit_r2_drag (R^2=0.1656); hit_r2_cv (R^2=0.2655); hit_r2_slope (R^2=0.1634)
2,11,980carb0.4%,-65.9,0.1,35.03,33.86,338.6,hit_detected,0.721792,0.2879,69,-6000,-6000,-5.33042,365000,0.2879,0.721792,0.044502,FALSE,FALSE,FALSE,TRUE,TRUE,TRUE,7,0.6,FALSE,hit_r2_drag (R^2=0.2879); hit_r2_cv (R^2=0.7218); hit_r2_slope (R^2=0.0445)
2,11,980carb0.4%,-65.9,0.2,35.04,43.08,215.4,hit_detected,0.186949,0.221109,-43.5,-30875,-30875,-0.611454,40625,0.221109,0.186949,0.68124,FALSE,FALSE,FALSE,TRUE,TRUE,TRUE,7,0.6,FALSE,hit_r2_drag (R^2=0.2211); hit_r2_cv (R^2=0.1869); hit_r2_slope (R^2=0.6812)
2,11,980carb0.4%,-65.9,0.3,30.08,50.78,169.266667,hit_detected,0.822122,0.04329,-17.333333,-18250,-18250,-4.102725,81666.66667,0.04329,0.822122,0.065848,FALSE,FALSE,FALSE,TRUE,TRUE,TRUE,6,0.6,FALSE,hit_r2_drag (R^2=0.0433); hit_r2_cv (R^2=0.8221); hit_r2_slope (R^2=0.0658)
2,11,980carb0.4%,-65.9,0.4,30.08,57.87,144.675,hit_detected,0.804485,0.118283,-10.75,-1125,-1125,-0.898264,-69687.5,0.118283,0.804485,0.021248,FALSE,FALSE,FALSE,TRUE,TRUE,TRUE,6,0.6,FALSE,hit_r2_drag (R^2=0.1183); hit_r2_cv (R^2=0.8045); hit_r2_slope (R^2=0.0212)
2,11,980carb0.4%,-65.92,0.1,35.04,34.83,348.3,hit_detected,0.873768,0.53925,-101,30500,30500,17.401569,-425000,0.53925,0.873768,0.033297,FALSE,FALSE,FALSE,TRUE,TRUE,TRUE,7,0.6,FALSE,hit_r2_drag (R^2=0.5393); hit_r2_cv (R^2=0.8738); hit_r2_slope (R^2=0.0333)
2,11,980carb0.4%,-65.92,0.2,35.05,44.12,220.6,hit_detected,0.52507,0.450349,-76.75,24500,24500,8.226508,-83125,0.450349,0.52507,0.040966,FALSE,FALSE,FALSE,TRUE,TRUE,TRUE,7,0.6,FALSE,hit_r2_drag (R^2=0.4503); hit_r2_cv (R^2=0.5251); hit_r2_slope (R^2=0.0410)
2,11,980carb0.4%,-65.92,0.3,30.08,51.13,170.433333,hit_detected,0.000206,0.362034,37.166667,13666.66667,13666.66667,-10.351568,136250,0.362034,0.000206,0.843318,FALSE,FALSE,FALSE,TRUE,TRUE,TRUE,6,0.6,FALSE,hit_r2_drag (R^2=0.3620); hit_r2_cv (R^2=0.0002); hit_r2_slope (R^2=0.8433)
2,11,980carb0.4%,-65.92,0.4,30.08,57.22,143.05,hit_detected,0.941799,0.304451,17,-5187.5,-5187.5,5.0528,69375,0.304451,0.941799,0.085088,FALSE,FALSE,FALSE,TRUE,TRUE,TRUE,6,0.6,FALSE,hit_r2_drag (R^2=0.3045); hit_r2_cv (R^2=0.9418); hit_r2_slope (R^2=0.0851)
2,11,980carb0.4%,-65.94,0.1,35.03,34.32,343.2,hit_detected,0.850437,0.236733,-56,-37000,-37000,-6.580961,112500,0.236733,0.850437,0.584493,FALSE,FALSE,FALSE,TRUE,TRUE,TRUE,7,0.6,FALSE,hit_r2_drag (R^2=0.2367); hit_r2_cv (R^2=0.8504); hit_r2_slope (R^2=0.5845)
2,11,980carb0.4%,-65.94,0.2,35.03,43.07,215.35,hit_detected,0.497562,0.093579,-34,-26125,-26125,-8.027334,106875,0.093579,0.497562,0.012295,FALSE,FALSE,FALSE,TRUE,TRUE,TRUE,7,0.6,FALSE,hit_r2_drag (R^2=0.0936); hit_r2_cv (R^2=0.4976); hit_r2_slope (R^2=0.0123)
2,11,980carb0.4%,-65.94,0.3,35.04,51.39,171.3,hit_detected,0.360733,0.027266,8.333333,-750,-750,4.389313,-72083.33333,0.027266,0.360733,0.376842,FALSE,FALSE,FALSE,TRUE,TRUE,TRUE,7,0.6,FALSE,hit_r2_drag (R^2=0.0273); hit_r2_cv (R^2=0.3607); hit_r2_slope (R^2=0.3768)
2,11,980carb0.4%,-65.94,0.4,30.09,58.56,146.4,hit_detected,0.296214,0.350414,-24.875,12437.5,12437.5,5.692649,-104687.5,0.350414,0.296214,0.000018,FALSE,FALSE,FALSE,TRUE,TRUE,TRUE,6,0.6,FALSE,hit_r2_drag (R^2=0.3504); hit_r2_cv (R^2=0.2962); hit_r2_slope (R^2=0.0000)
2,11,980carb0.4%,-65.96,0.1,35.03,35.08,350.8,hit_detected,0.228542,0.563932,-120,31750,31750,13.784047,-160000,0.563932,0.228542,0.00144,FALSE,FALSE,FALSE,TRUE,TRUE,TRUE,7,0.6,FALSE,hit_r2_drag (R^2=0.5639); hit_r2_cv (R^2=0.2285); hit_r2_slope (R^2=0.0014)
2,11,980carb0.4%,-65.96,0.2,35.04,43.26,216.3,hit_detected,0.028075,0.210812,37.25,15500,15500,-8.811202,178125,0.210812,0.028075,0.843458,FALSE,FALSE,FALSE,TRUE,TRUE,TRUE,7,0.6,FALSE,hit_r2_drag (R^2=0.2108); hit_r2_cv (R^2=0.0281); hit_r2_slope (R^2=0.8435)
2,11,980carb0.4%,-65.96,0.3,35.04,50.8,169.333333,hit_detected,0.7629,0.330069,32.166667,-7083.333333,-7083.333333,6.924517,59583.33333,0.330069,0.7629,0.167132,FALSE,FALSE,FALSE,TRUE,TRUE,TRUE,7,0.6,FALSE,hit_r2_drag (R^2=0.3301); hit_r2_cv (R^2=0.7629); hit_r2_slope (R^2=0.1671)
2,11,980carb0.4%,-65.96,0.4,30.08,58.09,145.225,hit_detected,0.016708,0.226976,-18.625,-11312.5,-11312.5,-6.956958,15625,0.226976,0.016708,0.664416,FALSE,FALSE,FALSE,TRUE,TRUE,TRUE,6,0.6,FALSE,hit_r2_drag (R^2=0.2270); hit_r2_cv (R^2=0.0167); hit_r2_slope (R^2=0.6644)
2,11,980carb0.4%,-65.98,0.1,35.04,34.01,340.1,hit_detected,0.496797,0.027615,-27.5,-45750,-45750,-7.857907,231250,0.027615,0.496797,0.000698,FALSE,FALSE,FALSE,TRUE,TRUE,TRUE,7,0.6,FALSE,hit_r2_drag (R^2=0.0276); hit_r2_cv (R^2=0.4968); hit_r2_slope (R^2=0.0007)
2,11,980carb0.4%,-65.98,0.2,35.03,43.28,216.4,hit_detected,0.446437,0.027972,11.5,-2125,-2125,5.945487,-64375,0.027972,0.446437,0.510713,FALSE,FALSE,FALSE,TRUE,TRUE,TRUE,7,0.6,FALSE,hit_r2_drag (R^2=0.0280); hit_r2_cv (R^2=0.4464); hit_r2_slope (R^2=0.5107)
2,11,980carb0.4%,-65.98,0.3,35.04,52.24,174.133333,hit_detected,0.338341,0.467177,-43.166667,16916.66667,16916.66667,0.633026,-188333.3333,0.467177,0.338341,0.165568,FALSE,FALSE,FALSE,TRUE,TRUE,TRUE,7,0.6,FALSE,hit_r2_drag (R^2=0.4672); hit_r2_cv (R^2=0.3383); hit_r2_slope (R^2=0.1656)
2,11,980carb0.4%,-65.98,0.4,25.03,58.4,146,hit_detected,0.671776,0.337682,-24.125,4875,4875,2.618588,-13750,0.337682,0.671776,0.137837,FALSE,FALSE,FALSE,TRUE,TRUE,TRUE,5,0.6,FALSE,hit_r2_drag (R^2=0.3377); hit_r2_cv (R^2=0.6718); hit_r2_slope (R^2=0.1378)
2,11,980carb0.4%,-66,0.1,30.09,39.14,391.4,hit_detected,0.560159,0.394956,-415.5,155000,155000,96.595644,-970000,0.394956,0.560159,0.243652,FALSE,TRUE,FALSE,TRUE,TRUE,TRUE,6,0.8,TRUE,hit_2nd_deriv_cv (96.5956); hit_r2_drag (R^2=0.3950); hit_r2_cv (R^2=0.5602); hit_r2_slope (R^2=0.2437)
2,11,980carb0.4%,-66,0.2,35.06,50.99,254.95,hit_detected,0.402148,0.419857,-348.75,96125,96125,150.879306,-900625,0.419857,0.402148,0.568012,FALSE,TRUE,TRUE,TRUE,TRUE,TRUE,7,1,TRUE,hit_2nd_deriv_cv (150.8793); hit_2nd_deriv_slope (-900625.0000); hit_r2_drag (R^2=0.4199); hit_r2_cv (R^2=0.4021); hit_r2_slope (R^2=0.5680)
2,11,980carb0.4%,-66,0.3,25.02,59.97,199.9,hit_detected,0.507176,0.57197,-308.833333,52416.66667,52416.66667,134.036047,-664166.6667,0.57197,0.507176,0.723417,TRUE,TRUE,TRUE,TRUE,TRUE,TRUE,5,1,TRUE,hit_2nd_deriv_drag (52416.6667); hit_2nd_deriv_cv (134.0360); hit_2nd_deriv_slope (-664166.6667); hit_r2_drag (R^2=0.5720); hit_r2_cv (R^2=0.5072); hit_r2_slope (R^2=0.7234)
2,11,980carb0.4%,-66,0.4,35.04,68.41,171.025,hit_detected,0.522222,0.569824,-277.75,60625,60625,151.689228,-634062.5,0.569824,0.522222,0.521383,FALSE,TRUE,TRUE,TRUE,TRUE,TRUE,7,1,TRUE,hit_2nd_deriv_cv (151.6892); hit_2nd_deriv_slope (-634062.5000); hit_r2_drag (R^2=0.5698); hit_r2_cv (R^2=0.5222); hit_r2_slope (R^2=0.5214)
2,11,980carb0.4%,-66.02,0.1,35.04,42.92,429.2,hit_detected,0.812279,0.761041,-1063,-33750,-33750,2.716965,-1618750,0.761041,0.812279,0.843282,FALSE,FALSE,FALSE,TRUE,TRUE,TRUE,7,0.6,FALSE,hit_r2_drag (R^2=0.7610); hit_r2_cv (R^2=0.8123); hit_r2_slope (R^2=0.8433)
2,11,980carb0.4%,-66.02,0.2,35.03,51.18,255.9,hit_detected,0.74687,0.76901,-598.75,-94000,-94000,-107.991609,-625000,0.76901,0.74687,0.899531,FALSE,TRUE,FALSE,TRUE,TRUE,TRUE,7,0.8,TRUE,hit_2nd_deriv_cv (-107.9916); hit_r2_drag (R^2=0.7690); hit_r2_cv (R^2=0.7469); hit_r2_slope (R^2=0.8995)
2,11,980carb0.4%,-66.02,0.3,25.03,55.82,186.066667,hit_detected,0.761002,0.550114,-300.5,-99000,-99000,-141.074009,20833.33333,0.550114,0.761002,0.733825,TRUE,TRUE,FALSE,TRUE,TRUE,TRUE,5,1,TRUE,hit_2nd_deriv_drag (-99000.0000); hit_2nd_deriv_cv (-141.0740); hit_r2_drag (R^2=0.5501); hit_r2_cv (R^2=0.7610); hit_r2_slope (R^2=0.7338)
2,11,980carb0.4%,-66.02,0.4,35.04,67.82,169.55,hit_detected,0.774263,0.725057,-360.5,-66250,-66250,-133.536121,-206875,0.725057,0.774263,0.86284,TRUE,TRUE,FALSE,TRUE,TRUE,TRUE,7,1,TRUE,hit_2nd_deriv_drag (-66250.0000); hit_2nd_deriv_cv (-133.5361); hit_r2_drag (R^2=0.7251); hit_r2_cv (R^2=0.7743); hit_r2_slope (R^2=0.8628)
2,11,980carb0.4%,-66.04,0.1,30.08,45.76,457.6,hit_detected,0.944274,0.910623,-1513.5,-23500,-23500,-48.005365,-1126250,0.910623,0.944274,0.899561,FALSE,TRUE,FALSE,TRUE,TRUE,TRUE,6,0.8,TRUE,hit_2nd_deriv_cv (-48.0054); hit_r2_drag (R^2=0.9106); hit_r2_cv (R^2=0.9443); hit_r2_slope (R^2=0.8996)
2,11,980carb0.4%,-66.04,0.2,30.09,51.27,256.35,hit_detected,0.819944,0.768098,-598,-1250,-1250,-46.191454,1875,0.768098,0.819944,0.748496,FALSE,FALSE,FALSE,TRUE,TRUE,TRUE,6,0.6,FALSE,hit_r2_drag (R^2=0.7681); hit_r2_cv (R^2=0.8199); hit_r2_slope (R^2=0.7485)
2,11,980carb0.4%,-66.04,0.3,20.07,61.32,204.4,hit_detected,0.818323,0.710863,-410.333333,80416.66667,80416.66667,29.318461,-274583.3333,0.710863,0.818323,0.420973,TRUE,FALSE,FALSE,TRUE,TRUE,TRUE,4,0.8,TRUE,hit_2nd_deriv_drag (80416.6667); hit_r2_drag (R^2=0.7109); hit_r2_cv (R^2=0.8183); hit_r2_slope (R^2=0.4210)
2,11,980carb0.4%,-66.04,0.4,25.03,67.79,169.475,hit_detected,0.789177,0.724518,-360.25,3500,3500,-24.886271,625,0.724518,0.789177,0.748485,FALSE,TRUE,FALSE,TRUE,TRUE,TRUE,5,0.8,TRUE,hit_2nd_deriv_cv (-24.8863); hit_r2_drag (R^2=0.7245); hit_r2_cv (R^2=0.7892); hit_r2_slope (R^2=0.7485)