row,cell,Cell_Label,Z_Height_mm,RPM,Elapsed_Time_s,Torque_%,Rotational_Drag,Cell_Termination_Method,CV,R_2,Trend_Slope,Second_derivative,Second_derivative_drag,Second_derivative_cv,Second_derivative_slope,R_2_drag,R_2_cv,R_2_slope,Hit_2nd_Deriv_Drag,Hit_2nd_Deriv_CV,Hit_2nd_Deriv_Slope,Hit_R_2_Drag,Hit_R_2_CV,Hit_R_2_Slope,Samples_Collected_At_Z,Hit_Point_Confidence,Hit_Detected,Hit_Reasons
2,7,1%sep_2.148,-65.7,23,15.03,39.66,1.724348,normal,0,0,0,0,0,0,0,0,0,0,FALSE,FALSE,FALSE,FALSE,FALSE,FALSE,3,0,FALSE,insufficient_data
2,7,1%sep_2.148,-65.72,23,15.03,40.36,1.754783,normal,0,0,0,0,0,0,0,0,0,0,FALSE,FALSE,FALSE,FALSE,FALSE,FALSE,3,0,FALSE,insufficient_data
2,7,1%sep_2.148,-65.74,23,15.02,40.35,1.754348,normal,0,0,0,0,0,0,0,0,0,0,FALSE,FALSE,FALSE,FALSE,FALSE,FALSE,3,0,FALSE,insufficient_data
2,7,1%sep_2.148,-65.76,23,15.02,41.07,1.785652,normal,0,0,0,0,0,0,0,0,0,0,FALSE,FALSE,FALSE,FALSE,FALSE,FALSE,3,0,FALSE,insufficient_data
2,7,1%sep_2.148,-65.78,23,15.02,41.43,1.801304,normal,0,0,0,0,0,0,0,0,0,0,FALSE,FALSE,FALSE,FALSE,FALSE,FALSE,3,0,FALSE,insufficient_data
2,7,1%sep_2.148,-65.8,23,15.03,41.94,1.823478,normal,0,0,0,0,0,0,0,0,0,0,FALSE,FALSE,FALSE,FALSE,FALSE,FALSE,3,0,FALSE,insufficient_data
2,7,1%sep_2.148,-65.82,23,15.02,42.24,1.836522,normal,0,0,0,0,0,0,0,0,0,0,FALSE,FALSE,FALSE,FALSE,FALSE,FALSE,3,0,FALSE,insufficient_data
2,7,1%sep_2.148,-65.84,23,15.02,42.58,1.851304,normal,0,0.992564,-0.832609,4.347826,4.347826,-10.223609,0,0.992564,0,0,FALSE,FALSE,FALSE,FALSE,FALSE,FALSE,3,0,FALSE,
2,7,1%sep_2.148,-65.86,23,15.02,42.85,1.863043,normal,0.640865,0.985643,-0.756522,-7.608696,-7.608696,4.54501,190.217391,0.985643,0.640865,0,FALSE,FALSE,FALSE,FALSE,TRUE,FALSE,3,0.2,FALSE,hit_r2_cv (R^2=0.6409)
2,7,1%sep_2.148,-65.88,23,15.03,43.14,1.875652,normal,0.86398,0.998688,-0.654348,2.173913,2.173913,-1.220604,255.434783,0.998688,0.86398,0.86974,FALSE,FALSE,FALSE,FALSE,TRUE,TRUE,3,0.4,FALSE,hit_r2_cv (R^2=0.8640); hit_r2_slope (R^2=0.8697)
2,7,1%sep_2.148,-65.9,23,15.02,43.6,1.895652,normal,0.803986,0.990207,-0.713043,18.478261,18.478261,6.484137,-146.73913,0.990207,0.803986,0.34113,FALSE,FALSE,FALSE,FALSE,TRUE,TRUE,3,0.4,FALSE,hit_r2_cv (R^2=0.8040); hit_r2_slope (R^2=0.3411)
2,7,1%sep_2.148,-65.92,23,15.02,44.1,1.917391,normal,0.056495,0.979869,-0.823913,4.347826,4.347826,1.969872,-277.173913,0.979869,0.056495,0.825421,FALSE,FALSE,FALSE,FALSE,TRUE,TRUE,3,0.4,FALSE,hit_r2_cv (R^2=0.0565); hit_r2_slope (R^2=0.8254)
2,7,1%sep_2.148,-65.94,23,15.02,44.39,1.93,normal,0.449495,0.991038,-0.878261,-22.826087,-22.826087,-2.518775,-135.869565,0.991038,0.449495,0.887895,FALSE,FALSE,FALSE,FALSE,TRUE,TRUE,3,0.4,FALSE,hit_r2_cv (R^2=0.4495); hit_r2_slope (R^2=0.8879)
2,7,1%sep_2.148,-65.96,23,15.02,44.76,1.946087,normal,0.878068,0.990734,-0.876087,8.695652,8.695652,-1.961874,5.434783,0.990734,0.878068,0.729201,FALSE,FALSE,FALSE,FALSE,TRUE,TRUE,3,0.4,FALSE,hit_r2_cv (R^2=0.8781); hit_r2_slope (R^2=0.7292)
2,7,1%sep_2.148,-65.98,23,15.02,45.09,1.960435,normal,0.11057,0.99242,-0.791304,-4.347826,-4.347826,-3.070142,211.956522,0.99242,0.11057,0.525216,FALSE,FALSE,FALSE,FALSE,TRUE,TRUE,3,0.4,FALSE,hit_r2_cv (R^2=0.1106); hit_r2_slope (R^2=0.5252)
2,7,1%sep_2.148,-66,23,15.03,45.41,1.974348,normal,0.632227,0.998949,-0.721739,-1.086957,-1.086957,0.57203,173.913043,0.998949,0.632227,0.899336,FALSE,FALSE,FALSE,FALSE,TRUE,TRUE,3,0.4,FALSE,hit_r2_cv (R^2=0.6322); hit_r2_slope (R^2=0.8993)
2,7,1%sep_2.148,-66.02,23,15.02,45.81,1.991739,normal,0.835405,0.998631,-0.758696,8.695652,8.695652,3.998384,-92.391304,0.998631,0.835405,0.375098,FALSE,FALSE,FALSE,FALSE,TRUE,TRUE,3,0.4,FALSE,hit_r2_cv (R^2=0.8354); hit_r2_slope (R^2=0.3751)
2,7,1%sep_2.148,-66.04,23,15.03,46.11,2.004783,normal,0.692877,0.998395,-0.743478,-10.869565,-10.869565,-1.888178,38.043478,0.998395,0.692877,0.47077,FALSE,FALSE,FALSE,FALSE,TRUE,TRUE,3,0.4,FALSE,hit_r2_cv (R^2=0.6929); hit_r2_slope (R^2=0.4708)
2,7,1%sep_2.148,-66.06,23,15.02,46.53,2.023043,normal,0.123985,0.99754,-0.778261,13.043478,13.043478,1.791575,-86.956522,0.99754,0.123985,0.06954,FALSE,FALSE,FALSE,FALSE,TRUE,TRUE,3,0.4,FALSE,hit_r2_cv (R^2=0.1240); hit_r2_slope (R^2=0.0695)
2,7,1%sep_2.148,-66.08,23,15.02,46.86,2.037391,normal,0.619182,0.997959,-0.786957,-9.782609,-9.782609,-0.953619,-21.73913,0.997959,0.619182,0.844828,FALSE,FALSE,FALSE,FALSE,TRUE,TRUE,3,0.4,FALSE,hit_r2_cv (R^2=0.6192); hit_r2_slope (R^2=0.8448)
2,7,1%sep_2.148,-66.1,23,15.01,47.25,2.054348,normal,0.306618,0.997887,-0.78913,6.521739,6.521739,-0.231297,-5.434783,0.997887,0.306618,0.844828,FALSE,FALSE,FALSE,FALSE,TRUE,TRUE,3,0.4,FALSE,hit_r2_cv (R^2=0.3066); hit_r2_slope (R^2=0.8448)
2,7,1%sep_2.148,-66.12,23,15.01,47.6,2.069565,normal,0.613179,0.998833,-0.804348,-4.347826,-4.347826,0.446965,-38.043478,0.998833,0.613179,0.628261,FALSE,FALSE,FALSE,FALSE,TRUE,TRUE,3,0.4,FALSE,hit_r2_cv (R^2=0.6132); hit_r2_slope (R^2=0.6283)
2,7,1%sep_2.148,-66.14,23,15.02,48.03,2.088261,normal,0.634366,0.998173,-0.813043,8.695652,8.695652,-0.222617,-21.73913,0.998173,0.634366,0.894681,FALSE,FALSE,FALSE,FALSE,TRUE,TRUE,3,0.4,FALSE,hit_r2_cv (R^2=0.6344); hit_r2_slope (R^2=0.8947)
2,7,1%sep_2.148,-66.16,23,15.05,48.36,2.102609,normal,0.748323,0.99877,-0.821739,-10.869565,-10.869565,-0.00817,-21.73913,0.99877,0.748323,0.892857,FALSE,FALSE,FALSE,FALSE,TRUE,TRUE,3,0.4,FALSE,hit_r2_cv (R^2=0.7483); hit_r2_slope (R^2=0.8929)
2,7,1%sep_2.148,-66.18,23,15.03,48.83,2.123043,normal,0.80928,0.997222,-0.852174,15.217391,15.217391,0.7499,-76.086957,0.997222,0.80928,0.724638,FALSE,FALSE,FALSE,FALSE,TRUE,TRUE,3,0.4,FALSE,hit_r2_cv (R^2=0.8093); hit_r2_slope (R^2=0.7246)
2,7,1%sep_2.148,-66.2,23,15.02,49.34,2.145217,normal,0.7147,0.994549,-0.930435,4.347826,4.347826,1.600714,-195.652174,0.994549,0.7147,0.775788,FALSE,FALSE,FALSE,FALSE,TRUE,TRUE,3,0.4,FALSE,hit_r2_cv (R^2=0.7147); hit_r2_slope (R^2=0.7758)
2,7,1%sep_2.148,-66.22,23,15.03,49.75,2.163043,normal,0.898759,0.995597,-0.96087,-10.869565,-10.869565,-1.70102,-76.086957,0.995597,0.898759,0.874433,FALSE,FALSE,FALSE,FALSE,TRUE,TRUE,3,0.4,FALSE,hit_r2_cv (R^2=0.8988); hit_r2_slope (R^2=0.8744)
2,7,1%sep_2.148,-66.24,23,15.03,50.33,2.188261,normal,0.961459,0.997837,-1.056522,18.478261,18.478261,2.099668,-239.130435,0.997837,0.961459,0.74227,FALSE,FALSE,FALSE,FALSE,TRUE,TRUE,3,0.4,FALSE,hit_r2_cv (R^2=0.9615); hit_r2_slope (R^2=0.7423)
2,7,1%sep_2.148,-66.26,23,15.02,50.61,2.200435,normal,0.614267,0.991461,-0.98913,-32.608696,-32.608696,-5.23876,168.478261,0.991461,0.614267,0.244902,FALSE,FALSE,FALSE,FALSE,TRUE,TRUE,3,0.4,FALSE,hit_r2_cv (R^2=0.6143); hit_r2_slope (R^2=0.2449)
2,7,1%sep_2.148,-66.28,23,15.03,51.25,2.228261,normal,0.215947,0.989304,-1.017391,39.130435,39.130435,3.05781,-70.652174,0.989304,0.215947,0.4647,FALSE,FALSE,FALSE,FALSE,TRUE,TRUE,3,0.4,FALSE,hit_r2_cv (R^2=0.2159); hit_r2_slope (R^2=0.4647)
2,7,1%sep_2.148,-66.3,23,15.02,51.57,2.242174,normal,0.061515,0.986938,-0.991304,-34.782609,-34.782609,-1.736076,65.217391,0.986938,0.061515,0.11646,FALSE,FALSE,FALSE,FALSE,TRUE,TRUE,3,0.4,FALSE,hit_r2_cv (R^2=0.0615); hit_r2_slope (R^2=0.1165)
2,7,1%sep_2.148,-66.32,23,15.03,52.21,2.27,normal,0.417244,0.983889,-1.026087,34.782609,34.782609,1.949635,-86.956522,0.983889,0.417244,0.007143,FALSE,FALSE,FALSE,FALSE,TRUE,TRUE,3,0.4,FALSE,hit_r2_cv (R^2=0.4172); hit_r2_slope (R^2=0.0071)
2,7,1%sep_2.148,-66.34,23,15.02,52.58,2.286087,normal,0.310192,0.989564,-1.065217,-29.347826,-29.347826,0.003392,-97.826087,0.989564,0.310192,0.885542,FALSE,FALSE,FALSE,FALSE,TRUE,TRUE,3,0.4,FALSE,hit_r2_cv (R^2=0.3102); hit_r2_slope (R^2=0.8855)
2,7,1%sep_2.148,-66.36,23,15.02,53.26,2.315652,normal,0.560103,0.986728,-1.093478,33.695652,33.695652,-0.266637,-70.652174,0.986728,0.560103,0.899888,FALSE,FALSE,FALSE,FALSE,TRUE,TRUE,3,0.4,FALSE,hit_r2_cv (R^2=0.5601); hit_r2_slope (R^2=0.8999)
2,7,1%sep_2.148,-66.38,23,15.02,53.75,2.336957,normal,0.942464,0.99412,-1.176087,-20.652174,-20.652174,1.513591,-206.521739,0.99412,0.942464,0.754335,FALSE,FALSE,FALSE,FALSE,TRUE,TRUE,3,0.4,FALSE,hit_r2_cv (R^2=0.9425); hit_r2_slope (R^2=0.7543)
2,7,1%sep_2.148,-66.4,23,15.01,54.37,2.363913,normal,0.938361,0.993503,-1.193478,14.130435,14.130435,-1.944681,-43.478261,0.993503,0.938361,0.833662,FALSE,FALSE,FALSE,FALSE,TRUE,TRUE,3,0.4,FALSE,hit_r2_cv (R^2=0.9384); hit_r2_slope (R^2=0.8337)
2,7,1%sep_2.148,-66.42,23,15.03,54.97,2.39,normal,0.943241,0.998242,-1.280435,-2.173913,-2.173913,2.009053,-217.391304,0.998242,0.943241,0.670635,FALSE,FALSE,FALSE,FALSE,TRUE,TRUE,3,0.4,FALSE,hit_r2_cv (R^2=0.9432); hit_r2_slope (R^2=0.6706)
2,7,1%sep_2.148,-66.44,23,15.02,55.59,2.416957,normal,0.849825,0.998314,-1.278261,2.173913,2.173913,-2.665543,5.434783,0.998314,0.849825,0.737188,FALSE,FALSE,FALSE,FALSE,TRUE,TRUE,3,0.4,FALSE,hit_r2_cv (R^2=0.8498); hit_r2_slope (R^2=0.7372)
2,7,1%sep_2.148,-66.46,23,15.02,56.32,2.448696,normal,0.844658,0.998558,-1.382609,11.956522,11.956522,3.152829,-260.869565,0.998558,0.844658,0.478904,FALSE,FALSE,FALSE,FALSE,TRUE,TRUE,3,0.4,FALSE,hit_r2_cv (R^2=0.8447); hit_r2_slope (R^2=0.4789)
2,7,1%sep_2.148,-66.48,23,15.03,56.97,2.476957,normal,0.89577,0.998773,-1.423913,-8.695652,-8.695652,-1.927358,-103.26087,0.998773,0.89577,0.875555,FALSE,FALSE,FALSE,FALSE,TRUE,TRUE,3,0.4,FALSE,hit_r2_cv (R^2=0.8958); hit_r2_slope (R^2=0.8756)
2,7,1%sep_2.148,-66.5,23,15.02,57.82,2.513913,normal,0.883369,0.997159,-1.53913,21.73913,21.73913,2.124125,-288.043478,0.997159,0.883369,0.762163,FALSE,FALSE,FALSE,FALSE,TRUE,TRUE,3,0.4,FALSE,hit_r2_cv (R^2=0.8834); hit_r2_slope (R^2=0.7622)
2,8,1.5%sep_17.24,-65.52,2.9,25.02,43.79,15.1,hit_detected,0,0,0,0,0,0,0,0,0,0,FALSE,FALSE,FALSE,FALSE,FALSE,FALSE,5,0,FALSE,insufficient_data
2,8,1.5%sep_17.24,-65.54,2.9,15.02,44.47,15.334483,hit_detected,0,0,0,0,0,0,0,0,0,0,FALSE,FALSE,FALSE,FALSE,FALSE,FALSE,3,0,FALSE,insufficient_data
2,8,1.5%sep_17.24,-65.56,2.9,15.01,44.86,15.468966,hit_detected,0,0,0,0,0,0,0,0,0,0,FALSE,FALSE,FALSE,FALSE,FALSE,FALSE,3,0,FALSE,insufficient_data
2,8,1.5%sep_17.24,-65.58,2.9,15.02,45.29,15.617241,hit_detected,0,0,0,0,0,0,0,0,0,0,FALSE,FALSE,FALSE,FALSE,FALSE,FALSE,3,0,FALSE,insufficient_data
2,8,1.5%sep_17.24,-65.6,2.9,15.02,45.78,15.786207,hit_detected,0,0,0,0,0,0,0,0,0,0,FALSE,FALSE,FALSE,FALSE,FALSE,FALSE,3,0,FALSE,insufficient_data
2,8,1.5%sep_17.24,-65.62,2.9,15.02,46.29,15.962069,hit_detected,0,0,0,0,0,0,0,0,0,0,FALSE,FALSE,FALSE,FALSE,FALSE,FALSE,3,0,FALSE,insufficient_data
2,8,1.5%sep_17.24,-65.64,2.9,15.02,46.67,16.093103,hit_detected,0,0,0,0,0,0,0,0,0,0,FALSE,FALSE,FALSE,FALSE,FALSE,FALSE,3,0,FALSE,insufficient_data
2,8,1.5%sep_17.24,-65.66,2.9,15.01,46.99,16.203448,hit_detected,0,0.990789,-7.396552,-51.724138,-51.724138,-2.838648,0,0.990789,0,0,FALSE,FALSE,FALSE,FALSE,FALSE,FALSE,3,0,FALSE,
2,8,1.5%sep_17.24,-65.68,2.9,15.02,47.39,16.341379,hit_detected,0.922205,0.993483,-6.758621,68.965517,68.965517,-0.419033,1594.827586,0.993483,0.922205,0,FALSE,FALSE,FALSE,FALSE,TRUE,FALSE,3,0.2,FALSE,hit_r2_cv (R^2=0.9222)
2,8,1.5%sep_17.24,-65.7,2.9,15.01,47.68,16.441379,hit_detected,0.925524,0.997947,-6.034483,-94.827586,-94.827586,-0.313375,1810.344828,0.997947,0.925524,0.884879,FALSE,FALSE,FALSE,FALSE,TRUE,TRUE,3,0.4,FALSE,hit_r2_cv (R^2=0.9255); hit_r2_slope (R^2=0.8849)
2,8,1.5%sep_17.24,-65.72,2.9,15.01,48.1,16.586207,hit_detected,0.939112,0.997254,-6.12069,112.068966,112.068966,3.651136,-215.517241,0.997254,0.939112,0.683462,FALSE,FALSE,FALSE,FALSE,TRUE,TRUE,3,0.4,FALSE,hit_r2_cv (R^2=0.9391); hit_r2_slope (R^2=0.6835)
2,8,1.5%sep_17.24,-65.74,2.9,15.01,48.39,16.686207,hit_detected,0.812393,0.996611,-6.051724,-112.068966,-112.068966,-0.661143,172.413793,0.996611,0.812393,0.182836,FALSE,FALSE,FALSE,FALSE,TRUE,TRUE,3,0.4,FALSE,hit_r2_cv (R^2=0.8124); hit_r2_slope (R^2=0.1828)
2,8,1.5%sep_17.24,-65.76,2.9,15.03,48.73,16.803448,hit_detected,0.751893,0.99699,-5.844828,43.103448,43.103448,-0.597997,517.241379,0.99699,0.751893,0.75,FALSE,FALSE,FALSE,FALSE,TRUE,TRUE,3,0.4,FALSE,hit_r2_cv (R^2=0.7519); hit_r2_slope (R^2=0.7500)
2,8,1.5%sep_17.24,-65.78,2.9,15.02,48.97,16.886207,hit_detected,0.830628,0.991809,-5.534483,-86.206897,-86.206897,-0.341697,775.862069,0.991809,0.830628,0.857143,FALSE,FALSE,FALSE,FALSE,TRUE,TRUE,3,0.4,FALSE,hit_r2_cv (R^2=0.8306); hit_r2_slope (R^2=0.8571)
2,8,1.5%sep_17.24,-65.8,2.9,15.03,49.32,17.006897,hit_detected,0.96466,0.99755,-5.206897,94.827586,94.827586,-0.187659,818.965517,0.99755,0.96466,0.889823,FALSE,FALSE,FALSE,FALSE,TRUE,TRUE,3,0.4,FALSE,hit_r2_cv (R^2=0.9647); hit_r2_slope (R^2=0.8898)
2,8,1.5%sep_17.24,-65.82,2.9,15.03,49.59,17.1,hit_detected,0.97295,0.997334,-5.155172,-68.965517,-68.965517,1.25921,129.310345,0.997334,0.97295,0.816667,FALSE,FALSE,FALSE,FALSE,TRUE,TRUE,3,0.4,FALSE,hit_r2_cv (R^2=0.9729); hit_r2_slope (R^2=0.8167)
2,8,1.5%sep_17.24,-65.84,2.9,15.02,49.91,17.210345,hit_detected,0.885443,0.997439,-5.137931,43.103448,43.103448,0.141748,43.103448,0.997439,0.885443,0.864286,FALSE,FALSE,FALSE,FALSE,TRUE,TRUE,3,0.4,FALSE,hit_r2_cv (R^2=0.8854); hit_r2_slope (R^2=0.8643)
2,8,1.5%sep_17.24,-65.86,2.9,15.01,50.17,17.3,hit_detected,0.735808,0.99769,-5.155172,-51.724138,-51.724138,0.150576,-43.103448,0.99769,0.735808,0.083333,FALSE,FALSE,FALSE,FALSE,TRUE,TRUE,3,0.4,FALSE,hit_r2_cv (R^2=0.7358); hit_r2_slope (R^2=0.0833)
2,8,1.5%sep_17.24,-65.88,2.9,15.03,50.48,17.406897,hit_detected,0.882424,0.999145,-5,43.103448,43.103448,-0.727084,387.931034,0.999145,0.882424,0.382653,FALSE,FALSE,FALSE,FALSE,TRUE,TRUE,3,0.4,FALSE,hit_r2_cv (R^2=0.8824); hit_r2_slope (R^2=0.3827)
2,8,1.5%sep_17.24,-65.9,2.9,15.02,50.81,17.52069,hit_detected,0.410977,0.9986,-5.189655,17.241379,17.241379,1.441537,-474.137931,0.9986,0.410977,0.021777,FALSE,FALSE,FALSE,FALSE,TRUE,TRUE,3,0.4,FALSE,hit_r2_cv (R^2=0.4110); hit_r2_slope (R^2=0.0218)
2,8,1.5%sep_17.24,-65.92,2.9,15.02,51.12,17.627586,hit_detected,0.00022,0.998379,-5.275862,-17.241379,-17.241379,-0.434781,-215.517241,0.998379,0.00022,0.883843,FALSE,FALSE,FALSE,FALSE,TRUE,TRUE,3,0.4,FALSE,hit_r2_cv (R^2=0.0002); hit_r2_slope (R^2=0.8838)
2,8,1.5%sep_17.24,-65.94,2.9,15.02,51.47,17.748276,hit_detected,0.527121,0.999581,-5.586207,34.482759,34.482759,0.884175,-775.862069,0.999581,0.527121,0.7201,FALSE,FALSE,FALSE,FALSE,TRUE,TRUE,3,0.4,FALSE,hit_r2_cv (R^2=0.5271); hit_r2_slope (R^2=0.7201)
2,8,1.5%sep_17.24,-65.96,2.9,15.03,51.8,17.862069,hit_detected,0.958266,0.999706,-5.689655,-17.241379,-17.241379,-0.83855,-258.62069,0.999706,0.958266,0.864286,FALSE,FALSE,FALSE,FALSE,TRUE,TRUE,3,0.4,FALSE,hit_r2_cv (R^2=0.9583); hit_r2_slope (R^2=0.8643)
2,8,1.5%sep_17.24,-65.98,2.9,15.02,52.03,17.941379,hit_detected,0.174603,0.995622,-5.37931,-86.206897,-86.206897,-1.600507,775.862069,0.995622,0.174603,0.15,FALSE,FALSE,FALSE,FALSE,TRUE,TRUE,3,0.4,FALSE,hit_r2_cv (R^2=0.1746); hit_r2_slope (R^2=0.1500)
2,8,1.5%sep_17.24,-66,2.9,15.02,52.34,18.048276,hit_detected,0.239972,0.995267,-5.172414,68.965517,68.965517,0.385775,517.241379,0.995267,0.239972,0.898936,FALSE,FALSE,FALSE,FALSE,TRUE,TRUE,3,0.4,FALSE,hit_r2_cv (R^2=0.2400); hit_r2_slope (R^2=0.8989)
2,8,1.5%sep_17.24,-66.02,2.9,15.02,52.59,18.134483,hit_detected,0.896604,0.997316,-4.793103,-51.724138,-51.724138,-0.68854,948.275862,0.997316,0.896604,0.829876,FALSE,FALSE,FALSE,FALSE,TRUE,TRUE,3,0.4,FALSE,hit_r2_cv (R^2=0.8966); hit_r2_slope (R^2=0.8299)
2,8,1.5%sep_17.24,-66.04,2.9,15.01,52.96,18.262069,hit_detected,0.867439,0.993913,-4.965517,103.448276,103.448276,2.235545,-431.034483,0.993913,0.867439,0.436469,FALSE,FALSE,FALSE,FALSE,TRUE,TRUE,3,0.4,FALSE,hit_r2_cv (R^2=0.8674); hit_r2_slope (R^2=0.4365)
2,8,1.5%sep_17.24,-66.06,2.9,15.02,53.18,18.337931,hit_detected,0.540988,0.995377,-5.034483,-129.310345,-129.310345,-0.449257,-172.413793,0.995377,0.540988,0.876214,FALSE,FALSE,FALSE,FALSE,TRUE,TRUE,3,0.4,FALSE,hit_r2_cv (R^2=0.5410); hit_r2_slope (R^2=0.8762)
2,8,1.5%sep_17.24,-66.08,2.9,15.03,53.49,18.444828,hit_detected,0.182902,0.995388,-4.982759,77.586207,77.586207,-0.462305,129.310345,0.995388,0.182902,0.214286,FALSE,FALSE,FALSE,FALSE,TRUE,TRUE,3,0.4,FALSE,hit_r2_cv (R^2=0.1829); hit_r2_slope (R^2=0.2143)
2,8,1.5%sep_17.24,-66.1,2.9,15.04,53.73,18.527586,hit_detected,0.040217,0.99372,-4.844828,-60.344828,-60.344828,-0.308899,344.827586,0.99372,0.040217,0.769704,FALSE,FALSE,FALSE,FALSE,TRUE,TRUE,3,0.4,FALSE,hit_r2_cv (R^2=0.0402); hit_r2_slope (R^2=0.7697)
2,8,1.5%sep_17.24,-66.12,2.9,15.01,53.96,18.606897,hit_detected,0.730939,0.997132,-4.396552,-8.62069,-8.62069,-1.231331,1120.689655,0.997132,0.730939,0.736735,FALSE,FALSE,FALSE,FALSE,TRUE,TRUE,3,0.4,FALSE,hit_r2_cv (R^2=0.7309); hit_r2_slope (R^2=0.7367)
2,8,1.5%sep_17.24,-66.14,2.9,15.02,54.47,18.782759,hit_detected,0.020221,0.974982,-5.258621,241.37931,241.37931,5.27441,-2155.172414,0.974982,0.020221,0.027326,FALSE,FALSE,FALSE,TRUE,TRUE,TRUE,3,0.6,FALSE,hit_r2_drag (R^2=0.9750); hit_r2_cv (R^2=0.0202); hit_r2_slope (R^2=0.0273)
2,8,1.5%sep_17.24,-66.16,2.9,15.02,54.85,18.913793,hit_detected,0.383955,0.974886,-5.965517,-112.068966,-112.068966,-0.835316,-1767.241379,0.974886,0.383955,0.899345,FALSE,FALSE,FALSE,TRUE,TRUE,TRUE,3,0.6,FALSE,hit_r2_drag (R^2=0.9749); hit_r2_cv (R^2=0.3840); hit_r2_slope (R^2=0.8993)
2,8,1.5%sep_17.24,-66.18,2.9,15.03,55.18,19.027586,hit_detected,0.817789,0.98989,-6.534483,-43.103448,-43.103448,-0.750511,-1422.413793,0.98989,0.817789,0.899592,FALSE,FALSE,FALSE,FALSE,TRUE,TRUE,3,0.4,FALSE,hit_r2_cv (R^2=0.8178); hit_r2_slope (R^2=0.8996)
2,8,1.5%sep_17.24,-66.2,2.9,15.02,55.55,19.155172,hit_detected,0.931396,0.992998,-6.706897,34.482759,34.482759,-1.394198,-431.034483,0.992998,0.931396,0.857827,FALSE,FALSE,FALSE,FALSE,TRUE,TRUE,3,0.4,FALSE,hit_r2_cv (R^2=0.9314); hit_r2_slope (R^2=0.8578)
2,8,1.5%sep_17.24,-66.22,2.9,15.03,55.73,19.217241,hit_detected,0.051505,0.987918,-5.551724,-163.793103,-163.793103,-4.862915,2887.931034,0.987918,0.051505,0.34064,FALSE,FALSE,FALSE,FALSE,TRUE,TRUE,3,0.4,FALSE,hit_r2_cv (R^2=0.0515); hit_r2_slope (R^2=0.3406)
2,8,1.5%sep_17.24,-66.24,2.9,15.03,56.28,19.406897,hit_detected,0.250542,0.979555,-5.87931,318.965517,318.965517,5.593324,-818.965517,0.979555,0.250542,0.570493,FALSE,FALSE,FALSE,FALSE,TRUE,TRUE,3,0.4,FALSE,hit_r2_cv (R^2=0.2505); hit_r2_slope (R^2=0.5705)
2,8,1.5%sep_17.24,-66.26,2.9,15.03,56.54,19.496552,hit_detected,0.501735,0.98034,-5.948276,-250,-250,-1.060802,-172.413793,0.98034,0.501735,0.833662,FALSE,FALSE,FALSE,FALSE,TRUE,TRUE,3,0.4,FALSE,hit_r2_cv (R^2=0.5017); hit_r2_slope (R^2=0.8337)
2,8,1.5%sep_17.24,-66.28,2.9,15.02,57.19,19.72069,hit_detected,0.04736,0.967681,-7.051724,336.206897,336.206897,3.95965,-2758.62069,0.967681,0.04736,0.559872,FALSE,FALSE,FALSE,TRUE,TRUE,TRUE,3,0.6,FALSE,hit_r2_drag (R^2=0.9677); hit_r2_cv (R^2=0.0474); hit_r2_slope (R^2=0.5599)
2,8,1.5%sep_17.24,-66.3,2.9,15.02,57.55,19.844828,hit_detected,0.893862,0.987394,-7.844828,-250,-250,-1.629913,-1982.758621,0.987394,0.893862,0.899857,FALSE,FALSE,FALSE,FALSE,TRUE,TRUE,3,0.4,FALSE,hit_r2_cv (R^2=0.8939); hit_r2_slope (R^2=0.8999)
2,8,1.5%sep_17.24,-66.32,2.9,35.04,58.93,20.32069,hit_detected,0.817952,0.915422,-10.87931,879.310345,879.310345,9.677147,-7586.206897,0.915422,0.817952,0.710422,TRUE,FALSE,TRUE,TRUE,TRUE,TRUE,7,1,TRUE,hit_2nd_deriv_drag (879.3103); hit_2nd_deriv_slope (-7586.2069); hit_r2_drag (R^2=0.9154); hit_r2_cv (R^2=0.8180); hit_r2_slope (R^2=0.7104)
2,8,1.5%sep_17.24,-66.34,2.9,35.05,61.02,21.041379,hit_detected,0.815083,0.903422,-18.448276,612.068966,612.068966,15.517035,-18922.41379,0.903422,0.815083,0.780867,TRUE,TRUE,TRUE,TRUE,TRUE,TRUE,7,1,TRUE,hit_2nd_deriv_drag (612.0690); hit_2nd_deriv_cv (15.5170); hit_2nd_deriv_slope (-18922.4138); hit_r2_drag (R^2=0.9034); hit_r2_cv (R^2=0.8151); hit_r2_slope (R^2=0.7809)
2,8,1.5%sep_17.24,-66.36,2.9,35.05,60.47,20.851724,hit_detected,0.866646,0.86578,-17.293103,-2275.862069,-2275.862069,-31.410462,2887.931034,0.86578,0.866646,0.662242,TRUE,TRUE,FALSE,TRUE,TRUE,TRUE,7,1,TRUE,hit_2nd_deriv_drag (-2275.8621); hit_2nd_deriv_cv (-31.4105); hit_r2_drag (R^2=0.8658); hit_r2_cv (R^2=0.8666); hit_r2_slope (R^2=0.6622)
2,9,2%sep_50.11,-65.44,1,35.04,49.93,49.93,hit_detected,0,0,0,0,0,0,0,0,0,0,FALSE,FALSE,FALSE,FALSE,FALSE,FALSE,7,0,FALSE,insufficient_data
2,9,2%sep_50.11,-65.46,1,15.02,51.39,51.39,hit_detected,0,0,0,0,0,0,0,0,0,0,FALSE,FALSE,FALSE,FALSE,FALSE,FALSE,3,0,FALSE,insufficient_data
2,9,2%sep_50.11,-65.48,1,15.02,51.97,51.97,hit_detected,0,0,0,0,0,0,0,0,0,0,FALSE,FALSE,FALSE,FALSE,FALSE,FALSE,3,0,FALSE,insufficient_data
2,9,2%sep_50.11,-65.5,1,15.01,52.34,52.34,hit_detected,0,0,0,0,0,0,0,0,0,0,FALSE,FALSE,FALSE,FALSE,FALSE,FALSE,3,0,FALSE,insufficient_data
2,9,2%sep_50.11,-65.52,1,15.01,53.16,53.16,hit_detected,0,0,0,0,0,0,0,0,0,0,FALSE,FALSE,FALSE,FALSE,FALSE,FALSE,3,0,FALSE,insufficient_data
2,9,2%sep_50.11,-65.54,1,15.02,53.71,53.71,hit_detected,0,0,0,0,0,0,0,0,0,0,FALSE,FALSE,FALSE,FALSE,FALSE,FALSE,3,0,FALSE,insufficient_data
2,9,2%sep_50.11,-65.56,1,15.03,53.96,53.96,hit_detected,0,0,0,0,0,0,0,0,0,0,FALSE,FALSE,FALSE,FALSE,FALSE,FALSE,3,0,FALSE,insufficient_data
2,9,2%sep_50.11,-65.58,1,15.01,54.45,54.45,hit_detected,0,0.963127,-25.1,600,600,0.910323,0,0.963127,0,0,FALSE,FALSE,FALSE,TRUE,FALSE,FALSE,3,0.2,FALSE,hit_r2_drag (R^2=0.9631)
2,9,2%sep_50.11,-65.6,1,15.01,55.06,55.06,hit_detected,0.872218,0.984185,-22.7,300,300,-1.47697,6000,0.984185,0.872218,0,FALSE,FALSE,FALSE,FALSE,TRUE,FALSE,3,0.2,FALSE,hit_r2_cv (R^2=0.8722)
2,9,2%sep_50.11,-65.62,1,15.02,55.28,55.28,hit_detected,0.993298,0.977107,-21.2,-975,-975,1.768997,3750,0.977107,0.993298,0.897516,FALSE,FALSE,FALSE,FALSE,FALSE,TRUE,3,0.2,FALSE,hit_r2_slope (R^2=0.8975)
2,9,2%sep_50.11,-65.64,1,15.02,55.55,55.55,hit_detected,0.975942,0.962534,-20.05,125,125,0.605562,2875,0.962534,0.975942,0.899961,FALSE,FALSE,FALSE,TRUE,FALSE,TRUE,3,0.4,FALSE,hit_r2_drag (R^2=0.9625); hit_r2_slope (R^2=0.9000)
2,9,2%sep_50.11,-65.66,1,15.02,56.13,56.13,hit_detected,0.945223,0.967703,-19.25,775,775,0.172431,2000,0.967703,0.945223,0.899559,FALSE,FALSE,FALSE,TRUE,TRUE,TRUE,3,0.6,FALSE,hit_r2_drag (R^2=0.9677); hit_r2_cv (R^2=0.9452); hit_r2_slope (R^2=0.8996)
2,9,2%sep_50.11,-65.68,1,15.02,56.6,56.6,hit_detected,0.875499,0.964993,-19.65,-275,-275,1.675065,-1000,0.964993,0.875499,0.4,FALSE,FALSE,FALSE,TRUE,TRUE,TRUE,3,0.6,FALSE,hit_r2_drag (R^2=0.9650); hit_r2_cv (R^2=0.8755); hit_r2_slope (R^2=0.4000)
2,9,2%sep_50.11,-65.7,1,15.02,56.62,56.62,hit_detected,0.869796,0.942787,-18.65,-1125,-1125,-1.50385,2500,0.942787,0.869796,0.095238,FALSE,FALSE,FALSE,TRUE,TRUE,TRUE,3,0.6,FALSE,hit_r2_drag (R^2=0.9428); hit_r2_cv (R^2=0.8698); hit_r2_slope (R^2=0.0952)
2,9,2%sep_50.11,-65.72,1,15.02,56.95,56.95,hit_detected,0.814165,0.915899,-16.45,775,775,-1.530709,5500,0.915899,0.814165,0.801522,FALSE,FALSE,FALSE,TRUE,TRUE,TRUE,3,0.6,FALSE,hit_r2_drag (R^2=0.9159); hit_r2_cv (R^2=0.8142); hit_r2_slope (R^2=0.8015)
2,9,2%sep_50.11,-65.74,1,15.03,57.32,57.32,hit_detected,0.821693,0.949027,-13.65,100,100,-1.41866,7000,0.949027,0.821693,0.875118,FALSE,FALSE,FALSE,TRUE,TRUE,TRUE,3,0.6,FALSE,hit_r2_drag (R^2=0.9490); hit_r2_cv (R^2=0.8217); hit_r2_slope (R^2=0.8751)
2,9,2%sep_50.11,-65.76,1,15.02,57.19,57.19,hit_detected,0.951376,0.83178,-9.4,-1250,-1250,-0.571607,10625,0.83178,0.951376,0.855683,FALSE,FALSE,FALSE,TRUE,TRUE,TRUE,3,0.6,FALSE,hit_r2_drag (R^2=0.8318); hit_r2_cv (R^2=0.9514); hit_r2_slope (R^2=0.8557)
2,9,2%sep_50.11,-65.78,1,15.01,56.93,56.93,hit_detected,0.98819,0.254788,-4.3,-325,-325,2.433567,12750,0.254788,0.98819,0.880435,FALSE,FALSE,FALSE,TRUE,FALSE,TRUE,3,0.4,FALSE,hit_r2_drag (R^2=0.2548); hit_r2_slope (R^2=0.8804)
2,9,2%sep_50.11,-65.8,1,15.01,57.12,57.12,hit_detected,0.990345,0.002309,0.25,1125,1125,-1.891868,11375,0.002309,0.990345,0.897464,FALSE,FALSE,FALSE,TRUE,FALSE,TRUE,3,0.4,FALSE,hit_r2_drag (R^2=0.0023); hit_r2_slope (R^2=0.8975)
2,9,2%sep_50.11,-65.82,1,15.02,57.22,57.22,hit_detected,0.958132,0.086252,1.35,-225,-225,3.368701,2750,0.086252,0.958132,0.842604,FALSE,FALSE,FALSE,TRUE,TRUE,TRUE,3,0.6,FALSE,hit_r2_drag (R^2=0.0863); hit_r2_cv (R^2=0.9581); hit_r2_slope (R^2=0.8426)
2,9,2%sep_50.11,-65.84,1,15.02,57.05,57.05,hit_detected,0.926557,0.000184,-0.05,-675,-675,-0.369216,-3500,0.000184,0.926557,0.013982,FALSE,FALSE,FALSE,TRUE,TRUE,TRUE,3,0.6,FALSE,hit_r2_drag (R^2=0.0002); hit_r2_cv (R^2=0.9266); hit_r2_slope (R^2=0.0140)
2,9,2%sep_50.11,-65.86,1,15.02,57.32,57.32,hit_detected,0.593444,0.555911,-3.55,1100,1100,2.456874,-8750,0.555911,0.593444,0.780488,FALSE,FALSE,FALSE,TRUE,TRUE,TRUE,3,0.6,FALSE,hit_r2_drag (R^2=0.5559); hit_r2_cv (R^2=0.5934); hit_r2_slope (R^2=0.7805)
2,9,2%sep_50.11,-65.88,1,15.02,58.01,58.01,hit_detected,0.417944,0.592901,-9.4,1050,1050,7.828355,-14625,0.592901,0.417944,0.843067,FALSE,TRUE,FALSE,TRUE,TRUE,TRUE,3,0.8,TRUE,hit_2nd_deriv_cv (7.8284); hit_r2_drag (R^2=0.5929); hit_r2_cv (R^2=0.4179); hit_r2_slope (R^2=0.8431)
2,9,2%sep_50.11,-65.9,1,15.03,58.32,58.32,hit_detected,0.801748,0.824902,-15.8,-950,-950,-2.851541,-16000,0.824902,0.801748,0.887512,FALSE,FALSE,FALSE,TRUE,TRUE,TRUE,3,0.6,FALSE,hit_r2_drag (R^2=0.8249); hit_r2_cv (R^2=0.8017); hit_r2_slope (R^2=0.8875)
2,9,2%sep_50.11,-65.92,1,15.01,58.51,58.51,hit_detected,0.957031,0.958794,-19.6,-300,-300,-3.20029,-9500,0.958794,0.957031,0.896008,FALSE,FALSE,FALSE,TRUE,TRUE,TRUE,3,0.6,FALSE,hit_r2_drag (R^2=0.9588); hit_r2_cv (R^2=0.9570); hit_r2_slope (R^2=0.8960)
2,9,2%sep_50.11,-65.94,1,15.02,59.08,59.08,hit_detected,0.880812,0.959712,-20.1,950,950,-2.670798,-1250,0.959712,0.880812,0.807224,FALSE,FALSE,FALSE,TRUE,TRUE,TRUE,3,0.6,FALSE,hit_r2_drag (R^2=0.9597); hit_r2_cv (R^2=0.8808); hit_r2_slope (R^2=0.8072)
2,9,2%sep_50.11,-65.96,1,15.02,59.69,59.69,hit_detected,0.788212,0.954326,-20.6,100,100,0.047492,-1250,0.954326,0.788212,0.892857,FALSE,FALSE,FALSE,TRUE,TRUE,TRUE,3,0.6,FALSE,hit_r2_drag (R^2=0.9543); hit_r2_cv (R^2=0.7882); hit_r2_slope (R^2=0.8929)
2,9,2%sep_50.11,-65.98,1,15.03,59.85,59.85,hit_detected,0.779295,0.962914,-21.2,-1125,-1125,-0.024122,-1500,0.962914,0.779295,0.880435,FALSE,FALSE,FALSE,TRUE,TRUE,TRUE,3,0.6,FALSE,hit_r2_drag (R^2=0.9629); hit_r2_cv (R^2=0.7793); hit_r2_slope (R^2=0.8804)
2,9,2%sep_50.11,-66,1,15.02,60.08,60.08,hit_detected,0.0005,0.935235,-19.55,175,175,-2.26596,4125,0.935235,0.0005,0.123762,FALSE,FALSE,FALSE,TRUE,TRUE,TRUE,3,0.6,FALSE,hit_r2_drag (R^2=0.9352); hit_r2_cv (R^2=0.0005); hit_r2_slope (R^2=0.1238)
2,9,2%sep_50.11,-66.02,1,15.02,60.66,60.66,hit_detected,0.560898,0.951075,-17.75,875,875,-0.747022,4500,0.951075,0.560898,0.887705,FALSE,FALSE,FALSE,TRUE,TRUE,TRUE,3,0.6,FALSE,hit_r2_drag (R^2=0.9511); hit_r2_cv (R^2=0.5609); hit_r2_slope (R^2=0.8877)
2,9,2%sep_50.11,-66.04,1,15.03,61.08,61.08,hit_detected,0.843791,0.949693,-17.95,-400,-400,2.665847,-500,0.949693,0.843791,0.688326,FALSE,FALSE,FALSE,TRUE,TRUE,TRUE,3,0.6,FALSE,hit_r2_drag (R^2=0.9497); hit_r2_cv (R^2=0.8438); hit_r2_slope (R^2=0.6883)
2,9,2%sep_50.11,-66.06,1,15.02,61.15,61.15,hit_detected,0.786901,0.9509,-18,-875,-875,-0.1716,-125,0.9509,0.786901,0.844828,FALSE,FALSE,FALSE,TRUE,TRUE,TRUE,3,0.6,FALSE,hit_r2_drag (R^2=0.9509); hit_r2_cv (R^2=0.7869); hit_r2_slope (R^2=0.8448)
2,9,2%sep_50.11,-66.08,1,15.03,61.52,61.52,hit_detected,0.749129,0.939146,-16.85,750,750,-1.304416,2875,0.939146,0.749129,0.455419,FALSE,FALSE,FALSE,TRUE,TRUE,TRUE,3,0.6,FALSE,hit_r2_drag (R^2=0.9391); hit_r2_cv (R^2=0.7491); hit_r2_slope (R^2=0.4554)
2,9,2%sep_50.11,-66.1,1,15.03,62.02,62.02,hit_detected,0.761161,0.954354,-15.8,325,325,-0.166032,2625,0.954354,0.761161,0.896725,FALSE,FALSE,FALSE,TRUE,TRUE,TRUE,3,0.6,FALSE,hit_r2_drag (R^2=0.9544); hit_r2_cv (R^2=0.7612); hit_r2_slope (R^2=0.8967)
2,9,2%sep_50.11,-66.12,1,15.02,62.29,62.29,hit_detected,0.808907,0.95697,-16.45,-575,-575,2.166864,-1625,0.95697,0.808907,0.306951,FALSE,FALSE,FALSE,TRUE,TRUE,TRUE,3,0.6,FALSE,hit_r2_drag (R^2=0.9570); hit_r2_cv (R^2=0.8089); hit_r2_slope (R^2=0.3070)
2,9,2%sep_50.11,-66.14,1,15.02,62.42,62.42,hit_detected,0.577573,0.959546,-16.55,-350,-350,-0.631192,-250,0.959546,0.577573,0.815256,FALSE,FALSE,FALSE,TRUE,TRUE,TRUE,3,0.6,FALSE,hit_r2_drag (R^2=0.9595); hit_r2_cv (R^2=0.5776); hit_r2_slope (R^2=0.8153)
2,9,2%sep_50.11,-66.16,1,15.02,62.96,62.96,hit_detected,0.228259,0.960503,-16.4,1025,1025,-0.302983,375,0.960503,0.228259,0,FALSE,FALSE,FALSE,TRUE,TRUE,TRUE,3,0.6,FALSE,hit_r2_drag (R^2=0.9605); hit_r2_cv (R^2=0.2283); hit_r2_slope (R^2=0.0000)
2,9,2%sep_50.11,-66.18,1,15.02,63.37,63.37,hit_detected,0.42229,0.957031,-16.85,-325,-325,0.737115,-1125,0.957031,0.42229,0.15,FALSE,FALSE,FALSE,TRUE,TRUE,TRUE,3,0.6,FALSE,hit_r2_drag (R^2=0.9570); hit_r2_cv (R^2=0.4223); hit_r2_slope (R^2=0.1500)
2,9,2%sep_50.11,-66.2,1,15.03,63.59,63.59,hit_detected,0.479254,0.969632,-17.75,-475,-475,0.362427,-2250,0.969632,0.479254,0.816667,FALSE,FALSE,FALSE,TRUE,TRUE,TRUE,3,0.6,FALSE,hit_r2_drag (R^2=0.9696); hit_r2_cv (R^2=0.4793); hit_r2_slope (R^2=0.8167)
2,9,2%sep_50.11,-66.22,1,15.02,63.84,63.84,hit_detected,0.519598,0.96318,-17.35,75,75,-1.291466,1000,0.96318,0.519598,0.444581,FALSE,FALSE,FALSE,TRUE,TRUE,TRUE,3,0.6,FALSE,hit_r2_drag (R^2=0.9632); hit_r2_cv (R^2=0.5196); hit_r2_slope (R^2=0.4446)
2,9,2%sep_50.11,-66.24,1,15.02,64.42,64.42,hit_detected,0.031308,0.968882,-16.95,825,825,-0.146052,1000,0.968882,0.031308,0.892857,FALSE,FALSE,FALSE,TRUE,TRUE,TRUE,3,0.6,FALSE,hit_r2_drag (R^2=0.9689); hit_r2_cv (R^2=0.0313); hit_r2_slope (R^2=0.8929)
2,9,2%sep_50.11,-66.26,1,15.02,64.69,64.69,hit_detected,0.165278,0.969883,-17.35,-775,-775,0.969279,-1000,0.969883,0.165278,0.083333,FALSE,FALSE,FALSE,TRUE,TRUE,TRUE,3,0.6,FALSE,hit_r2_drag (R^2=0.9699); hit_r2_cv (R^2=0.1653); hit_r2_slope (R^2=0.0833)
2,9,2%sep_50.11,-66.28,1,15.02,64.98,64.98,hit_detected,0.027103,0.980045,-18.15,50,50,0.354841,-2000,0.980045,0.027103,0.816667,FALSE,FALSE,FALSE,FALSE,TRUE,TRUE,3,0.4,FALSE,hit_r2_cv (R^2=0.0271); hit_r2_slope (R^2=0.8167)
2,9,2%sep_50.11,-66.3,1,15.02,65.43,65.43,hit_detected,0.554995,0.981255,-18.7,400,400,-0.210435,-1375,0.981255,0.554995,0.899413,FALSE,FALSE,FALSE,FALSE,TRUE,TRUE,3,0.4,FALSE,hit_r2_cv (R^2=0.5550); hit_r2_slope (R^2=0.8994)
2,9,2%sep_50.11,-66.32,1,20.08,65.94,65.94,hit_detected,0.956887,0.979275,-18.9,150,150,-0.372885,-500,0.979275,0.956887,0.870083,FALSE,FALSE,FALSE,FALSE,TRUE,TRUE,4,0.4,FALSE,hit_r2_cv (R^2=0.9569); hit_r2_slope (R^2=0.8701)
2,9,2%sep_50.11,-66.34,1,15.02,66.13,66.13,hit_detected,0.889632,0.982961,-19.2,-800,-800,0.072708,-750,0.982961,0.889632,0.857143,FALSE,FALSE,FALSE,FALSE,TRUE,TRUE,3,0.4,FALSE,hit_r2_cv (R^2=0.8896); hit_r2_slope (R^2=0.8571)
2,9,2%sep_50.11,-66.36,1,35.04,67.39,67.39,hit_detected,0.558402,0.919301,-27.6,2675,2675,9.74548,-21000,0.919301,0.558402,0.53488,FALSE,TRUE,TRUE,TRUE,TRUE,TRUE,7,1,TRUE,hit_2nd_deriv_cv (9.7455); hit_2nd_deriv_slope (-21000.0000); hit_r2_drag (R^2=0.9193); hit_r2_cv (R^2=0.5584); hit_r2_slope (R^2=0.5349)
2,9,2%sep_50.11,-66.38,1,20.08,68.33,68.33,hit_detected,0.796762,0.933164,-36.25,-800,-800,-0.962363,-21625,0.933164,0.796762,0.89128,FALSE,FALSE,TRUE,TRUE,TRUE,TRUE,4,0.8,TRUE,hit_2nd_deriv_slope (-21625.0000); hit_r2_drag (R^2=0.9332); hit_r2_cv (R^2=0.7968); hit_r2_slope (R^2=0.8913)
2,9,2%sep_50.11,-66.4,1,35.06,68.78,68.78,hit_detected,0.932607,0.958703,-39.4,-1225,-1225,-6.508346,-7875,0.958703,0.932607,0.870178,FALSE,TRUE,FALSE,TRUE,TRUE,TRUE,7,0.8,TRUE,hit_2nd_deriv_cv (-6.5083); hit_r2_drag (R^2=0.9587); hit_r2_cv (R^2=0.9326); hit_r2_slope (R^2=0.8702)
1,3,2%,-65.42,1,28.02,46.45,46.45,0,0,0,0,0,0,0,0,0,0,FALSE,FALSE,FALSE,FALSE,FALSE,FALSE,7,0,FALSE,insufficient_data,
1,3,2%,-65.44,1,12.01,47.45,47.45,0,0,0,0,0,0,0,0,0,0,FALSE,FALSE,FALSE,FALSE,FALSE,FALSE,3,0,FALSE,insufficient_data,
1,3,2%,-65.46,1,12.01,48.08,48.08,0,0,0,0,0,0,0,0,0,0,FALSE,FALSE,FALSE,FALSE,FALSE,FALSE,3,0,FALSE,insufficient_data,
1,3,2%,-65.48,1,12.01,48.89,48.89,0,0,0,0,0,0,0,0,0,0,FALSE,FALSE,FALSE,FALSE,FALSE,FALSE,3,0,FALSE,insufficient_data,
1,3,2%,-65.5,1,12.02,49.71,49.71,0,0,0,0,0,0,0,0,0,0,FALSE,FALSE,FALSE,FALSE,FALSE,FALSE,3,0,FALSE,insufficient_data,
1,3,2%,-65.52,1,12.03,50.2,50.2,0,0,0,0,0,0,0,0,0,0,FALSE,FALSE,FALSE,FALSE,FALSE,FALSE,3,0,FALSE,insufficient_data,
1,3,2%,-65.54,1,12.02,50.5,50.5,0,0,0,0,0,0,0,0,0,0,FALSE,FALSE,FALSE,FALSE,FALSE,FALSE,3,0,FALSE,insufficient_data,
1,3,2%,-65.56,1,12.02,51.01,51.01,0,0.970469,-25.15,525,525,-1.671556,0,0.970469,0,0,FALSE,FALSE,FALSE,TRUE,FALSE,FALSE,3,0.2,FALSE,hit_r2_drag (R²=0.9705),
1,3,2%,-65.58,1,12.02,51.62,51.62,0.987926,0.987748,-23.15,250,250,5.165168,5000,0.987748,0.987926,0,FALSE,FALSE,FALSE,FALSE,FALSE,FALSE,3,0,FALSE,,
1,3,2%,-65.6,1,12.03,52.1,52.1,0.842181,0.989017,-24.6,-325,-325,5.20706,-3625,0.989017,0.842181,0.230899,FALSE,FALSE,FALSE,FALSE,TRUE,TRUE,3,0.4,FALSE,hit_r2_cv (R²=0.8422); hit_r2_slope (R²=0.2309),
1,3,2%,-65.62,1,12.01,52.34,52.34,0.634712,0.981101,-23.85,-600,-600,-2.880017,1875,0.981101,0.634712,0.386234,FALSE,FALSE,FALSE,FALSE,TRUE,TRUE,3,0.4,FALSE,hit_r2_cv (R²=0.6347); hit_r2_slope (R²=0.3862),
1,3,2%,-65.64,1,12.02,52.66,52.66,0.678504,0.96704,-20.1,200,200,-4.041231,9375,0.96704,0.678504,0.670635,FALSE,FALSE,FALSE,TRUE,TRUE,TRUE,3,0.6,FALSE,hit_r2_drag (R²=0.9670); hit_r2_cv (R²=0.6785); hit_r2_slope (R²=0.6706),
1,3,2%,-65.66,1,12.02,53.18,53.18,0.74482,0.984186,-18.4,500,500,2.443107,4250,0.984186,0.74482,0.883693,FALSE,FALSE,FALSE,FALSE,TRUE,TRUE,3,0.4,FALSE,hit_r2_cv (R²=0.7448); hit_r2_slope (R²=0.8837),
1,3,2%,-65.68,1,12.01,53.69,53.69,0.768193,0.974975,-20.1,-25,-25,5.011925,-4250,0.974975,0.768193,0.083333,FALSE,FALSE,FALSE,TRUE,TRUE,TRUE,3,0.6,FALSE,hit_r2_drag (R²=0.9750); hit_r2_cv (R²=0.7682); hit_r2_slope (R²=0.0833),
1,3,2%,-65.7,1,12.01,53.91,53.91,0.334362,0.984582,-20.85,-725,-725,-1.539344,-1875,0.984582,0.334362,0.882139,FALSE,FALSE,FALSE,FALSE,TRUE,TRUE,3,0.4,FALSE,hit_r2_cv (R²=0.3344); hit_r2_slope (R²=0.8821),
1,3,2%,-65.72,1,12.01,54.23,54.23,0.01276,0.972956,-19.35,250,250,-2.728014,3750,0.972956,0.01276,0.035714,FALSE,FALSE,FALSE,TRUE,TRUE,TRUE,3,0.6,FALSE,hit_r2_drag (R²=0.9730); hit_r2_cv (R²=0.0128); hit_r2_slope (R²=0.0357),
1,3,2%,-65.74,1,12.01,54.66,54.66,0.185661,0.985265,-17.5,275,275,-0.756207,4625,0.985265,0.185661,0.878036,FALSE,FALSE,FALSE,FALSE,TRUE,TRUE,3,0.4,FALSE,hit_r2_cv (R²=0.1857); hit_r2_slope (R²=0.8780),
1,3,2%,-65.76,1,12.01,55.17,55.17,0.694863,0.975845,-18.55,200,200,4.121368,-2625,0.975845,0.694863,0.346507,FALSE,FALSE,FALSE,FALSE,TRUE,TRUE,3,0.4,FALSE,hit_r2_cv (R²=0.6949); hit_r2_slope (R²=0.3465),
1,3,2%,-65.78,1,12.01,55.46,55.46,0.181198,0.992726,-20.2,-550,-550,0.451281,-4125,0.992726,0.181198,0.851289,FALSE,FALSE,FALSE,FALSE,TRUE,TRUE,3,0.4,FALSE,hit_r2_cv (R²=0.1812); hit_r2_slope (R²=0.8513),
1,3,2%,-65.8,1,12.01,55.74,55.74,0.008915,0.983925,-19.1,-25,-25,-3.25824,2750,0.983925,0.008915,0.271739,FALSE,FALSE,FALSE,FALSE,TRUE,TRUE,3,0.4,FALSE,hit_r2_cv (R²=0.0089); hit_r2_slope (R²=0.2717),
1,3,2%,-65.82,1,12.01,56.15,56.15,0.001875,0.987874,-17.75,325,325,-0.470499,3375,0.987874,0.001875,0.878477,FALSE,FALSE,FALSE,FALSE,TRUE,TRUE,3,0.4,FALSE,hit_r2_cv (R²=0.0019); hit_r2_slope (R²=0.8785),
1,3,2%,-65.84,1,12.03,56.69,56.69,0.330398,0.978486,-18.65,325,325,3.047655,-2250,0.978486,0.330398,0.271739,FALSE,FALSE,FALSE,FALSE,TRUE,TRUE,3,0.4,FALSE,hit_r2_cv (R²=0.3304); hit_r2_slope (R²=0.2717),
1,3,2%,-65.86,1,12.03,56.97,56.97,0.137952,0.988342,-19.85,-650,-650,0.152465,-3000,0.988342,0.137952,0.870482,FALSE,FALSE,FALSE,FALSE,TRUE,TRUE,3,0.4,FALSE,hit_r2_cv (R²=0.1380); hit_r2_slope (R²=0.8705),
1,3,2%,-65.88,1,12.01,57.24,57.24,0.037578,0.980751,-19.1,-25,-25,-2.255691,1875,0.980751,0.037578,0.302469,FALSE,FALSE,FALSE,FALSE,TRUE,TRUE,3,0.4,FALSE,hit_r2_cv (R²=0.0376); hit_r2_slope (R²=0.3025),
1,3,2%,-65.9,1,12.01,57.62,57.62,0.039999,0.982488,-17.45,275,275,-1.239338,4125,0.982488,0.039999,0.801522,FALSE,FALSE,FALSE,FALSE,TRUE,TRUE,3,0.4,FALSE,hit_r2_cv (R²=0.0400); hit_r2_slope (R²=0.8015),
1,3,2%,-65.92,1,12.01,58.23,58.23,0.314407,0.966576,-18.65,575,575,3.772125,-3000,0.966576,0.314407,0.229365,FALSE,FALSE,FALSE,TRUE,TRUE,TRUE,3,0.6,FALSE,hit_r2_drag (R²=0.9666); hit_r2_cv (R²=0.3144); hit_r2_slope (R²=0.2294),
1,3,2%,-65.94,1,12.01,58.56,58.56,0.003248,0.983246,-20.85,-700,-700,0.844199,-5500,0.983246,0.003248,0.829876,FALSE,FALSE,FALSE,FALSE,TRUE,TRUE,3,0.4,FALSE,hit_r2_cv (R²=0.0032); hit_r2_slope (R²=0.8299),
1,3,2%,-65.96,1,12.01,58.79,58.79,0.338329,0.975076,-20.2,-250,-250,-3.224148,1625,0.975076,0.338329,0.561575,FALSE,FALSE,FALSE,FALSE,TRUE,TRUE,3,0.4,FALSE,hit_r2_cv (R²=0.3383); hit_r2_slope (R²=0.5616),
1,3,2%,-65.98,1,12.01,59.1,59.1,0.010636,0.962735,-17.6,200,200,-2.349819,6500,0.962735,0.010636,0.703488,FALSE,FALSE,FALSE,TRUE,TRUE,TRUE,3,0.6,FALSE,hit_r2_drag (R²=0.9627); hit_r2_cv (R²=0.0106); hit_r2_slope (R²=0.7035),
1,3,2%,-66,1,12.01,59.65,59.65,0.504756,0.973682,-16.9,600,600,2.082273,1750,0.973682,0.504756,0.849799,FALSE,FALSE,FALSE,TRUE,TRUE,TRUE,3,0.6,FALSE,hit_r2_drag (R²=0.9737); hit_r2_cv (R²=0.5048); hit_r2_slope (R²=0.8498),
1,3,2%,-66.02,1,12.03,60.05,60.05,0.483319,0.977695,-19.2,-375,-375,3.731751,-5750,0.977695,0.483319,0.176954,FALSE,FALSE,FALSE,FALSE,TRUE,TRUE,3,0.4,FALSE,hit_r2_cv (R²=0.4833); hit_r2_slope (R²=0.1770),
1,3,2%,-66.04,1,12.02,60.35,60.35,0.000368,0.990203,-20.35,-250,-250,-1.522379,-2875,0.990203,0.000368,0.888889,FALSE,FALSE,FALSE,FALSE,TRUE,TRUE,3,0.4,FALSE,hit_r2_cv (R²=0.0004); hit_r2_slope (R²=0.8889),
1,3,2%,-66.06,1,12.02,60.59,60.59,0.230221,0.972818,-18.4,-150,-150,-3.349287,4875,0.972818,0.230221,0.007143,FALSE,FALSE,FALSE,TRUE,TRUE,TRUE,3,0.6,FALSE,hit_r2_drag (R²=0.9728); hit_r2_cv (R²=0.2302); hit_r2_slope (R²=0.0071),
1,3,2%,-66.08,1,12.02,61.06,61.06,0.055692,0.989274,-16.8,575,575,0.052471,4000,0.989274,0.055692,0.899336,FALSE,FALSE,FALSE,FALSE,TRUE,TRUE,3,0.4,FALSE,hit_r2_cv (R²=0.0557); hit_r2_slope (R²=0.8993),
1,3,2%,-66.1,1,20.01,66.03,66.03,0.454164,0.644686,-63.35,11250,11250,72.961713,-116375,0.644686,0.454164,0.464928,TRUE,TRUE,TRUE,TRUE,TRUE,TRUE,5,1,TRUE,hit_2nd_deriv_drag (11250.0000); hit_2nd_deriv_cv (72.9617); hit_2nd_deriv_slope (-116375.0000); hit_r2_drag (R²=0.6447); hit_r2_cv (R²=0.4542); hit_r2_slope (R²=0.4649),
1,3,2%,-66.12,1,12.02,67.71,67.71,0.772661,0.84938,-100.8,-8225,-8225,-38.824458,-93625,0.84938,0.772661,0.899597,TRUE,TRUE,TRUE,TRUE,TRUE,TRUE,3,1,TRUE,hit_2nd_deriv_drag (-8225.0000); hit_2nd_deriv_cv (-38.8245); hit_2nd_deriv_slope (-93625.0000); hit_r2_drag (R²=0.8494); hit_r2_cv (R²=0.7727); hit_r2_slope (R²=0.8996),
1,3,2%,-66.14,1,24.07,64.62,64.62,0.804183,0.561438,-73.55,-11925,-11925,-45.949579,68125,0.561438,0.804183,0.22912,TRUE,TRUE,TRUE,TRUE,TRUE,TRUE,6,1,TRUE,hit_2nd_deriv_drag (-11925.0000); hit_2nd_deriv_cv (-45.9496); hit_2nd_deriv_slope (68125.0000); hit_r2_drag (R²=0.5614); hit_r2_cv (R²=0.8042); hit_r2_slope (R²=0.2291),
1,4,1.50%,-65.48,2.9,12.01,40.99,14.134483,0,0,0,0,0,0,0,0,0,0,FALSE,FALSE,FALSE,FALSE,FALSE,FALSE,3,0,FALSE,insufficient_data,
1,4,1.50%,-65.5,2.9,12.02,42.99,14.824138,0,0,0,0,0,0,0,0,0,0,FALSE,FALSE,FALSE,FALSE,FALSE,FALSE,3,0,FALSE,insufficient_data,
1,4,1.50%,-65.52,2.9,12.02,43.67,15.058621,0,0,0,0,0,0,0,0,0,0,FALSE,FALSE,FALSE,FALSE,FALSE,FALSE,3,0,FALSE,insufficient_data,
1,4,1.50%,-65.54,2.9,16.07,44.17,15.231034,0,0,0,0,0,0,0,0,0,0,FALSE,FALSE,FALSE,FALSE,FALSE,FALSE,4,0,FALSE,insufficient_data,
1,4,1.50%,-65.56,2.9,20.09,44.74,15.427586,0,0,0,0,0,0,0,0,0,0,FALSE,FALSE,FALSE,FALSE,FALSE,FALSE,5,0,FALSE,insufficient_data,
1,4,1.50%,-65.58,2.9,16.05,45.03,15.527586,0,0,0,0,0,0,0,0,0,0,FALSE,FALSE,FALSE,FALSE,FALSE,FALSE,4,0,FALSE,insufficient_data,
1,4,1.50%,-65.6,2.9,20.02,45.5,15.689655,0,0,0,0,0,0,0,0,0,0,FALSE,FALSE,FALSE,FALSE,FALSE,FALSE,5,0,FALSE,insufficient_data,
1,4,1.50%,-65.62,2.9,16.06,45.77,15.782759,0,0.985347,-6.827586,-172.413793,-172.413793,0.953749,0,0.985347,0,0,FALSE,FALSE,FALSE,FALSE,FALSE,FALSE,4,0,FALSE,,
1,4,1.50%,-65.64,2.9,20,46.29,15.962069,0.729145,0.989824,-6.62069,215.517241,215.517241,3.363915,517.241379,0.989824,0.729145,0,FALSE,FALSE,FALSE,FALSE,TRUE,FALSE,5,0.2,FALSE,hit_r2_cv (R²=0.7291),
1,4,1.50%,-65.66,2.9,16.06,46.59,16.065517,0.830603,0.991755,-6.741379,-189.655172,-189.655172,1.571083,-301.724138,0.991755,0.830603,0.334254,FALSE,FALSE,FALSE,FALSE,TRUE,TRUE,4,0.4,FALSE,hit_r2_cv (R²=0.8306); hit_r2_slope (R²=0.3343),
1,4,1.50%,-65.68,2.9,12.01,47.38,16.337931,0.009853,0.966067,-7.896552,422.413793,422.413793,5.022274,-2887.931034,0.966067,0.009853,0.596865,FALSE,FALSE,FALSE,TRUE,TRUE,TRUE,3,0.6,FALSE,hit_r2_drag (R²=0.9661); hit_r2_cv (R²=0.0099); hit_r2_slope (R²=0.5969),
1,4,1.50%,-65.7,2.9,12.01,48.1,16.586207,0.688343,0.975836,-9.913793,-60.344828,-60.344828,3.077811,-5043.103448,0.975836,0.688343,0.836938,FALSE,FALSE,FALSE,FALSE,TRUE,TRUE,3,0.4,FALSE,hit_r2_cv (R²=0.6883); hit_r2_slope (R²=0.8369),
1,4,1.50%,-65.72,2.9,12.02,48.07,16.575862,0.72867,0.930487,-8.741379,-646.551724,-646.551724,-13.021393,2931.034483,0.930487,0.72867,0.335908,FALSE,TRUE,FALSE,TRUE,TRUE,TRUE,3,0.8,TRUE,hit_2nd_deriv_cv (-13.0214); hit_r2_drag (R²=0.9305); hit_r2_cv (R²=0.7287); hit_r2_slope (R²=0.3359),
1,4,1.50%,-65.74,2.9,12.01,48.71,16.796552,0.359138,0.925196,-8.5,577.586207,577.586207,3.286084,603.448276,0.925196,0.359138,0.832261,FALSE,FALSE,FALSE,TRUE,TRUE,TRUE,3,0.6,FALSE,hit_r2_drag (R²=0.9252); hit_r2_cv (R²=0.3591); hit_r2_slope (R²=0.8323),
1,4,1.50%,-65.76,2.9,12.01,49.47,17.058621,0.047026,0.930523,-8.258621,103.448276,103.448276,-0.256426,603.448276,0.930523,0.047026,0.892857,FALSE,FALSE,FALSE,TRUE,TRUE,TRUE,3,0.6,FALSE,hit_r2_drag (R²=0.9305); hit_r2_cv (R²=0.0470); hit_r2_slope (R²=0.8929),
1,4,1.50%,-65.78,2.9,12.01,49.44,17.048276,0.947904,0.885127,-7.034483,-681.034483,-681.034483,-3.246518,3060.344828,0.885127,0.947904,0.668668,FALSE,FALSE,FALSE,TRUE,TRUE,TRUE,3,0.6,FALSE,hit_r2_drag (R²=0.8851); hit_r2_cv (R²=0.9479); hit_r2_slope (R²=0.6687),
1,4,1.50%,-65.8,2.9,12.02,49.91,17.210345,0.823735,0.917536,-7.603448,431.034483,431.034483,6.558978,-1422.413793,0.917536,0.823735,0.42824,FALSE,FALSE,FALSE,TRUE,TRUE,TRUE,3,0.6,FALSE,hit_r2_drag (R²=0.9175); hit_r2_cv (R²=0.8237); hit_r2_slope (R²=0.4282),
1,4,1.50%,-65.82,2.9,12.01,50.69,17.47931,0.634192,0.917918,-7.586207,267.241379,267.241379,-2.122643,43.103448,0.917918,0.634192,0.73439,FALSE,FALSE,FALSE,TRUE,TRUE,TRUE,3,0.6,FALSE,hit_r2_drag (R²=0.9179); hit_r2_cv (R²=0.6342); hit_r2_slope (R²=0.7344),
1,4,1.50%,-65.84,2.9,12.01,50.73,17.493103,0.648303,0.888262,-6.5,-637.931034,-637.931034,-4.018079,2715.517241,0.888262,0.648303,0.515712,FALSE,FALSE,FALSE,TRUE,TRUE,TRUE,3,0.6,FALSE,hit_r2_drag (R²=0.8883); hit_r2_cv (R²=0.6483); hit_r2_slope (R²=0.5157),
1,4,1.50%,-65.86,2.9,16.06,50.82,17.524138,0.625005,0.855865,-6.172414,43.103448,43.103448,3.381345,818.965517,0.855865,0.625005,0.857502,FALSE,FALSE,FALSE,TRUE,TRUE,TRUE,4,0.6,FALSE,hit_r2_drag (R²=0.8559); hit_r2_cv (R²=0.6250); hit_r2_slope (R²=0.8575),
1,4,1.50%,-65.88,2.9,12.01,51.56,17.77931,0.925786,0.858576,-5.913793,560.344828,560.344828,-0.330098,646.551724,0.858576,0.925786,0.899786,FALSE,FALSE,FALSE,TRUE,TRUE,TRUE,3,0.6,FALSE,hit_r2_drag (R²=0.8586); hit_r2_cv (R²=0.9258); hit_r2_slope (R²=0.8998),
1,4,1.50%,-65.9,2.9,12.01,52.05,17.948276,0.736772,0.855567,-6.12069,-215.517241,-215.517241,2.123357,-517.241379,0.855567,0.736772,0.182836,FALSE,FALSE,FALSE,TRUE,TRUE,TRUE,3,0.6,FALSE,hit_r2_drag (R²=0.8556); hit_r2_cv (R²=0.7368); hit_r2_slope (R²=0.1828),
1,4,1.50%,-65.92,2.9,12.02,51.93,17.906897,0.412033,0.871096,-6.258621,-525.862069,-525.862069,-0.500405,-344.827586,0.871096,0.412033,0.898936,FALSE,FALSE,FALSE,TRUE,TRUE,TRUE,3,0.6,FALSE,hit_r2_drag (R²=0.8711); hit_r2_cv (R²=0.4120); hit_r2_slope (R²=0.8989),
1,4,1.50%,-65.94,2.9,12.01,52.4,18.068966,0.168109,0.861821,-6.086207,508.62069,508.62069,-0.991087,431.034483,0.861821,0.168109,0.017241,FALSE,FALSE,FALSE,TRUE,TRUE,TRUE,3,0.6,FALSE,hit_r2_drag (R²=0.8618); hit_r2_cv (R²=0.1681); hit_r2_slope (R²=0.0172),
1,4,1.50%,-65.96,2.9,12.02,53.08,18.303448,0.30606,0.871062,-5.844828,181.034483,181.034483,-0.611898,603.448276,0.871062,0.30606,0.865226,FALSE,FALSE,FALSE,TRUE,TRUE,TRUE,3,0.6,FALSE,hit_r2_drag (R²=0.8711); hit_r2_cv (R²=0.3061); hit_r2_slope (R²=0.8652),
1,4,1.50%,-65.98,2.9,12.01,52.96,18.262069,0.824206,0.813646,-5.12069,-689.655172,-689.655172,-1.041437,1810.344828,0.813646,0.824206,0.75,FALSE,FALSE,FALSE,TRUE,TRUE,TRUE,3,0.6,FALSE,hit_r2_drag (R²=0.8136); hit_r2_cv (R²=0.8242); hit_r2_slope (R²=0.7500),
1,4,1.50%,-66,2.9,12.01,53.34,18.393103,0.652192,0.88173,-5.827586,431.034483,431.034483,4.368411,-1767.241379,0.88173,0.652192,0.092898,FALSE,FALSE,FALSE,TRUE,TRUE,TRUE,3,0.6,FALSE,hit_r2_drag (R²=0.8817); hit_r2_cv (R²=0.6522); hit_r2_slope (R²=0.0929),
1,4,1.50%,-66.02,2.9,12.01,54.02,18.627586,0.096324,0.877507,-6.034483,258.62069,258.62069,-1.2294,-517.241379,0.877507,0.096324,0.855463,FALSE,FALSE,FALSE,TRUE,TRUE,TRUE,3,0.6,FALSE,hit_r2_drag (R²=0.8775); hit_r2_cv (R²=0.0963); hit_r2_slope (R²=0.8555),
1,4,1.50%,-66.04,2.9,12.01,54.03,18.631034,0.149624,0.839298,-5.103448,-577.586207,-577.586207,-4.21159,2327.586207,0.839298,0.149624,0.26087,FALSE,FALSE,FALSE,TRUE,TRUE,TRUE,3,0.6,FALSE,hit_r2_drag (R²=0.8393); hit_r2_cv (R²=0.1496); hit_r2_slope (R²=0.2609),
1,4,1.50%,-66.06,2.9,12.01,54.35,18.741379,0.001593,0.924091,-5.982759,267.241379,267.241379,5.882545,-2198.275862,0.924091,0.001593,0.10661,FALSE,FALSE,FALSE,TRUE,TRUE,TRUE,3,0.6,FALSE,hit_r2_drag (R²=0.9241); hit_r2_cv (R²=0.0016); hit_r2_slope (R²=0.1066),
1,4,1.50%,-66.08,2.9,12.01,55.25,19.051724,0.224808,0.894267,-7.155172,500,500,2.488824,-2931.034483,0.894267,0.224808,0.870482,FALSE,FALSE,FALSE,TRUE,TRUE,TRUE,3,0.6,FALSE,hit_r2_drag (R²=0.8943); hit_r2_cv (R²=0.2248); hit_r2_slope (R²=0.8705),
1,4,1.50%,-66.1,2.9,12.01,55.25,19.051724,0.276869,0.864335,-6.344828,-775.862069,-775.862069,-7.866645,2025.862069,0.864335,0.276869,0.254244,FALSE,TRUE,FALSE,TRUE,TRUE,TRUE,3,0.8,TRUE,hit_2nd_deriv_cv (-7.8666); hit_r2_drag (R²=0.8643); hit_r2_cv (R²=0.2769); hit_r2_slope (R²=0.2542),
1,4,1.50%,-66.12,2.9,36.02,56.95,19.637931,0.677815,0.881555,-11.62069,1465.517241,1465.517241,23.352926,-13189.65517,0.881555,0.677815,0.335848,TRUE,TRUE,FALSE,TRUE,TRUE,TRUE,9,1,TRUE,hit_2nd_deriv_drag (1465.5172); hit_2nd_deriv_cv (23.3529); hit_r2_drag (R²=0.8816); hit_r2_cv (R²=0.6778); hit_r2_slope (R²=0.3358),
1,4,1.50%,-66.14,2.9,32.06,59.89,20.651724,0.733407,0.845784,-22.034483,1068.965517,1068.965517,20.835378,-26034.48276,0.845784,0.733407,0.818707,FALSE,TRUE,TRUE,TRUE,TRUE,TRUE,8,1,TRUE,hit_2nd_deriv_cv (20.8354); hit_2nd_deriv_slope (-26034.4828); hit_r2_drag (R²=0.8458); hit_r2_cv (R²=0.7334); hit_r2_slope (R²=0.8187),
1,5,1%,-65.48,23,12.01,40.34,1.753913,0,0,0,0,0,0,0,0,0,0,FALSE,FALSE,FALSE,FALSE,FALSE,FALSE,3,0,FALSE,insufficient_data,
1,5,1%,-65.5,23,12.01,40.5,1.76087,0,0,0,0,0,0,0,0,0,0,FALSE,FALSE,FALSE,FALSE,FALSE,FALSE,3,0,FALSE,insufficient_data,
1,5,1%,-65.52,23,12.01,40.65,1.767391,0,0,0,0,0,0,0,0,0,0,FALSE,FALSE,FALSE,FALSE,FALSE,FALSE,3,0,FALSE,insufficient_data,
1,5,1%,-65.54,23,12.02,41.06,1.785217,0,0,0,0,0,0,0,0,0,0,FALSE,FALSE,FALSE,FALSE,FALSE,FALSE,3,0,FALSE,insufficient_data,
1,5,1%,-65.56,23,12.01,41.6,1.808696,0,0,0,0,0,0,0,0,0,0,FALSE,FALSE,FALSE,FALSE,FALSE,FALSE,3,0,FALSE,insufficient_data,
1,5,1%,-65.58,23,12.01,41.87,1.820435,0,0,0,0,0,0,0,0,0,0,FALSE,FALSE,FALSE,FALSE,FALSE,FALSE,3,0,FALSE,insufficient_data,
1,5,1%,-65.6,23,12.02,42.32,1.84,0,0,0,0,0,0,0,0,0,0,FALSE,FALSE,FALSE,FALSE,FALSE,FALSE,3,0,FALSE,insufficient_data,
1,5,1%,-65.62,23,12.01,42.71,1.856957,0,0.992483,-0.873913,-6.521739,-6.521739,-4.776214,0,0.992483,0,0,FALSE,FALSE,FALSE,FALSE,FALSE,FALSE,3,0,FALSE,,
1,5,1%,-65.64,23,12.01,43.22,1.87913,0.598958,0.990786,-0.886957,13.043478,13.043478,1.63557,-32.608696,0.990786,0.598958,0,FALSE,FALSE,FALSE,FALSE,TRUE,FALSE,3,0.2,FALSE,hit_r2_cv (R²=0.5990),
1,5,1%,-65.66,23,12.01,43.54,1.893043,0.327588,0.996386,-0.921739,-20.652174,-20.652174,0.735155,-86.956522,0.996386,0.327588,0.769704,FALSE,FALSE,FALSE,FALSE,TRUE,TRUE,3,0.4,FALSE,hit_r2_cv (R²=0.3276); hit_r2_slope (R²=0.7697),
1,5,1%,-65.68,23,12.03,44.15,1.919565,0.292889,0.991994,-0.976087,31.521739,31.521739,0.840653,-135.869565,0.991994,0.292889,0.852023,FALSE,FALSE,FALSE,FALSE,TRUE,TRUE,3,0.4,FALSE,hit_r2_cv (R²=0.2929); hit_r2_slope (R²=0.8520),
1,5,1%,-65.7,23,12.02,44.62,1.94,0.923956,0.993295,-1.032609,-15.217391,-15.217391,-0.060395,-141.304348,0.993295,0.923956,0.890711,FALSE,FALSE,FALSE,FALSE,TRUE,TRUE,3,0.4,FALSE,hit_r2_cv (R²=0.9240); hit_r2_slope (R²=0.8907),
1,5,1%,-65.72,23,12.02,45.04,1.958261,0.871248,0.993011,-1.026087,-5.434783,-5.434783,-2.343891,16.304348,0.993011,0.871248,0.685714,FALSE,FALSE,FALSE,FALSE,TRUE,TRUE,3,0.4,FALSE,hit_r2_cv (R²=0.8712); hit_r2_slope (R²=0.6857),
1,5,1%,-65.74,23,12.01,45.38,1.973043,0.195139,0.98797,-0.993478,-8.695652,-8.695652,-0.826489,81.521739,0.98797,0.195139,0.670635,FALSE,FALSE,FALSE,FALSE,TRUE,TRUE,3,0.4,FALSE,hit_r2_cv (R²=0.1951); hit_r2_slope (R²=0.6706),
1,5,1%,-65.76,23,12.02,45.88,1.994783,0.517326,0.996932,-0.917391,17.391304,17.391304,-1.825194,190.217391,0.996932,0.517326,0.791916,FALSE,FALSE,FALSE,FALSE,TRUE,TRUE,3,0.4,FALSE,hit_r2_cv (R²=0.5173); hit_r2_slope (R²=0.7919),
1,5,1%,-65.78,23,12.02,46.17,2.007391,0.941995,0.995052,-0.856522,-22.826087,-22.826087,0.846045,152.173913,0.995052,0.941995,0.89966,FALSE,FALSE,FALSE,FALSE,TRUE,TRUE,3,0.4,FALSE,hit_r2_cv (R²=0.9420); hit_r2_slope (R²=0.8997),
1,5,1%,-65.8,23,12.02,46.69,2.03,0.872104,0.99319,-0.88913,25,25,3.361144,-81.521739,0.99319,0.872104,0.37156,FALSE,FALSE,FALSE,FALSE,TRUE,TRUE,3,0.4,FALSE,hit_r2_cv (R²=0.8721); hit_r2_slope (R²=0.3716),
1,5,1%,-65.82,23,12.03,47.03,2.044783,0.628215,0.993536,-0.893478,-19.565217,-19.565217,-1.036453,-10.869565,0.993536,0.628215,0.807873,FALSE,FALSE,FALSE,FALSE,TRUE,TRUE,3,0.4,FALSE,hit_r2_cv (R²=0.6282); hit_r2_slope (R²=0.8079),
1,5,1%,-65.84,23,12.02,47.46,2.063478,0.463411,0.99429,-0.873913,9.782609,9.782609,-0.852627,48.913043,0.99429,0.463411,0.26087,FALSE,FALSE,FALSE,FALSE,TRUE,TRUE,3,0.4,FALSE,hit_r2_cv (R²=0.4634); hit_r2_slope (R²=0.2609),
1,5,1%,-65.86,23,12.02,47.88,2.081739,0.022103,0.996758,-0.91087,-1.086957,-1.086957,1.9595,-92.391304,0.996758,0.022103,0.023786,FALSE,FALSE,FALSE,FALSE,TRUE,TRUE,3,0.4,FALSE,hit_r2_cv (R²=0.0221); hit_r2_slope (R²=0.0238),
1,5,1%,-65.88,23,12.03,48.3,2.1,0.444413,0.998439,-0.884783,0,0,-2.186059,65.217391,0.998439,0.444413,0.243976,FALSE,FALSE,FALSE,FALSE,TRUE,TRUE,3,0.4,FALSE,hit_r2_cv (R²=0.4444); hit_r2_slope (R²=0.2440),
1,5,1%,-65.9,23,12.04,48.76,2.12,0.002756,0.999719,-0.934783,4.347826,4.347826,2.620614,-125,0.999719,0.002756,0.026652,FALSE,FALSE,FALSE,FALSE,TRUE,TRUE,3,0.4,FALSE,hit_r2_cv (R²=0.0028); hit_r2_slope (R²=0.0267),
1,5,1%,-65.92,23,12.02,49.23,2.140435,0.506909,0.999243,-0.96087,1.086957,1.086957,-0.820214,-65.217391,0.999243,0.506909,0.890915,FALSE,FALSE,FALSE,FALSE,TRUE,TRUE,3,0.4,FALSE,hit_r2_cv (R²=0.5069); hit_r2_slope (R²=0.8909),
1,5,1%,-65.94,23,12.02,49.62,2.157391,0.363872,0.999142,-0.958696,-8.695652,-8.695652,-0.954182,5.434783,0.999142,0.363872,0.704878,FALSE,FALSE,FALSE,FALSE,TRUE,TRUE,3,0.4,FALSE,hit_r2_cv (R²=0.3639); hit_r2_slope (R²=0.7049),
1,5,1%,-65.96,23,12.02,50.16,2.18087,0.789014,0.998154,-0.995652,16.304348,16.304348,1.299213,-92.391304,0.998154,0.789014,0.439214,FALSE,FALSE,FALSE,FALSE,TRUE,TRUE,3,0.4,FALSE,hit_r2_cv (R²=0.7890); hit_r2_slope (R²=0.4392),
1,5,1%,-65.98,23,12.03,50.53,2.196957,0.072268,0.99735,-0.971739,-18.478261,-18.478261,-2.008476,59.782609,0.99735,0.072268,0.286054,FALSE,FALSE,FALSE,FALSE,TRUE,TRUE,3,0.4,FALSE,hit_r2_cv (R²=0.0723); hit_r2_slope (R²=0.2861),
1,5,1%,-66,23,12.03,51.09,2.221304,0.046478,0.995898,-1.006522,20.652174,20.652174,1.924404,-86.956522,0.995898,0.046478,0.000478,FALSE,FALSE,FALSE,FALSE,TRUE,TRUE,3,0.4,FALSE,hit_r2_cv (R²=0.0465); hit_r2_slope (R²=0.0005),
1,5,1%,-66.02,23,12.02,51.57,2.242174,0.473235,0.997081,-1.05,-8.695652,-8.695652,0.220113,-108.695652,0.997081,0.473235,0.876812,FALSE,FALSE,FALSE,FALSE,TRUE,TRUE,3,0.4,FALSE,hit_r2_cv (R²=0.4732); hit_r2_slope (R²=0.8768),
1,5,1%,-66.04,23,12.03,52.1,2.265217,0.573725,0.996558,-1.069565,5.434783,5.434783,-0.773205,-48.913043,0.996558,0.573725,0.883275,FALSE,FALSE,FALSE,FALSE,TRUE,TRUE,3,0.4,FALSE,hit_r2_cv (R²=0.5737); hit_r2_slope (R²=0.8833),
1,5,1%,-66.06,23,12.02,52.62,2.287826,0.97141,0.999603,-1.128261,-1.086957,-1.086957,1.169694,-146.73913,0.999603,0.97141,0.75,FALSE,FALSE,FALSE,FALSE,TRUE,TRUE,3,0.4,FALSE,hit_r2_cv (R²=0.9714); hit_r2_slope (R²=0.7500),
1,5,1%,-66.08,23,12.02,53.24,2.314783,0.972375,0.997953,-1.163043,10.869565,10.869565,-0.72871,-86.956522,0.997953,0.972375,0.895944,FALSE,FALSE,FALSE,FALSE,TRUE,TRUE,3,0.4,FALSE,hit_r2_cv (R²=0.9724); hit_r2_slope (R²=0.8959),
1,5,1%,-66.1,23,12.02,53.84,2.34087,0.953568,0.99849,-1.234783,-2.173913,-2.173913,1.08222,-179.347826,0.99849,0.953568,0.811844,FALSE,FALSE,FALSE,FALSE,TRUE,TRUE,3,0.4,FALSE,hit_r2_cv (R²=0.9536); hit_r2_slope (R²=0.8118),
1,5,1%,-66.12,23,36.05,58.57,2.546522,0.545042,0.743298,-3.078261,448.913043,448.913043,67.404842,-4608.695652,0.743298,0.545042,0.537921,TRUE,TRUE,TRUE,TRUE,TRUE,TRUE,9,1,TRUE,hit_2nd_deriv_drag (448.9130); hit_2nd_deriv_cv (67.4048); hit_2nd_deriv_slope (-4608.6957); hit_r2_drag (R²=0.7433); hit_r2_cv (R²=0.5450); hit_r2_slope (R²=0.5379),
1,5,1%,-66.14,23,36.05,59.27,2.576957,0.808558,0.87216,-4.05,-438.043478,-438.043478,-49.557148,-2429.347826,0.87216,0.808558,0.89138,TRUE,TRUE,TRUE,TRUE,TRUE,TRUE,9,1,TRUE,hit_2nd_deriv_drag (-438.0435); hit_2nd_deriv_cv (-49.5571); hit_2nd_deriv_slope (-2429.3478); hit_r2_drag (R²=0.8722); hit_r2_cv (R²=0.8086); hit_r2_slope (R²=0.8914),
1,5,1%,-66.16,23,28.04,59.86,2.602609,0.837114,0.873367,-4.058696,-11.956522,-11.956522,-22.725611,-21.73913,0.873367,0.837114,0.754434,FALSE,TRUE,FALSE,TRUE,TRUE,TRUE,7,0.8,TRUE,hit_2nd_deriv_cv (-22.7256); hit_r2_drag (R²=0.8734); hit_r2_cv (R²=0.8371); hit_r2_slope (R²=0.7544),
2,7,Sep2%,-65.7,0.5,35.04,40.14,80.28,normal,0,0,0,0,0,0,0,0,0,0,FALSE,FALSE,FALSE,FALSE,FALSE,FALSE,7,0,FALSE,insufficient_data
2,7,Sep2%,-65.7,1,15.02,46.45,46.45,normal,0,0,0,0,0,0,0,0,0,0,FALSE,FALSE,FALSE,FALSE,FALSE,FALSE,3,0,FALSE,insufficient_data
2,7,Sep2%,-65.7,1.5,25.04,51.79,34.526667,normal,0,0,0,0,0,0,0,0,0,0,FALSE,FALSE,FALSE,FALSE,FALSE,FALSE,5,0,FALSE,insufficient_data
2,7,Sep2%,-65.7,2,15.03,54.38,27.19,normal,0,0,0,0,0,0,0,0,0,0,FALSE,FALSE,FALSE,FALSE,FALSE,FALSE,3,0,FALSE,insufficient_data
2,7,Sep2%,-65.72,0.5,20.07,42.21,84.42,normal,0,0,0,0,0,0,0,0,0,0,FALSE,FALSE,FALSE,FALSE,FALSE,FALSE,4,0,FALSE,insufficient_data
2,7,Sep2%,-65.72,1,15.02,48.63,48.63,normal,0,0,0,0,0,0,0,0,0,0,FALSE,FALSE,FALSE,FALSE,FALSE,FALSE,3,0,FALSE,insufficient_data
2,7,Sep2%,-65.72,1.5,15.01,51.93,34.62,normal,0,0,0,0,0,0,0,0,0,0,FALSE,FALSE,FALSE,FALSE,FALSE,FALSE,3,0,FALSE,insufficient_data
2,7,Sep2%,-65.72,2,15.01,56.09,28.045,normal,0,0,0,0,0,0,0,0,0,0,FALSE,FALSE,FALSE,FALSE,FALSE,FALSE,3,0,FALSE,insufficient_data
2,7,Sep2%,-65.74,0.5,15.02,42.21,84.42,normal,0,0,0,0,0,0,0,0,0,0,FALSE,FALSE,FALSE,FALSE,FALSE,FALSE,3,0,FALSE,insufficient_data
2,7,Sep2%,-65.74,1,15.02,48.41,48.41,normal,0,0,0,0,0,0,0,0,0,0,FALSE,FALSE,FALSE,FALSE,FALSE,FALSE,3,0,FALSE,insufficient_data
2,7,Sep2%,-65.74,1.5,20.07,53.69,35.793333,normal,0,0,0,0,0,0,0,0,0,0,FALSE,FALSE,FALSE,FALSE,FALSE,FALSE,4,0,FALSE,insufficient_data
2,7,Sep2%,-65.74,2,15.01,56.03,28.015,normal,0,0,0,0,0,0,0,0,0,0,FALSE,FALSE,FALSE,FALSE,FALSE,FALSE,3,0,FALSE,insufficient_data
2,7,Sep2%,-65.76,0.5,20.07,43.43,86.86,normal,0,0,0,0,0,0,0,0,0,0,FALSE,FALSE,FALSE,FALSE,FALSE,FALSE,4,0,FALSE,insufficient_data
2,7,Sep2%,-65.76,1,15.01,50.02,50.02,normal,0,0,0,0,0,0,0,0,0,0,FALSE,FALSE,FALSE,FALSE,FALSE,FALSE,3,0,FALSE,insufficient_data
2,7,Sep2%,-65.76,1.5,15.01,53.23,35.486667,normal,0,0,0,0,0,0,0,0,0,0,FALSE,FALSE,FALSE,FALSE,FALSE,FALSE,3,0,FALSE,insufficient_data
2,7,Sep2%,-65.76,2,15.02,57.54,28.77,normal,0,0,0,0,0,0,0,0,0,0,FALSE,FALSE,FALSE,FALSE,FALSE,FALSE,3,0,FALSE,insufficient_data
2,7,Sep2%,-65.78,0.5,15.02,43.09,86.18,normal,0,0,0,0,0,0,0,0,0,0,FALSE,FALSE,FALSE,FALSE,FALSE,FALSE,3,0,FALSE,insufficient_data
2,7,Sep2%,-65.78,1,15.01,49.47,49.47,normal,0,0,0,0,0,0,0,0,0,0,FALSE,FALSE,FALSE,FALSE,FALSE,FALSE,3,0,FALSE,insufficient_data
2,7,Sep2%,-65.78,1.5,20.06,54.97,36.646667,normal,0,0,0,0,0,0,0,0,0,0,FALSE,FALSE,FALSE,FALSE,FALSE,FALSE,4,0,FALSE,insufficient_data
2,7,Sep2%,-65.78,2,15.02,57.28,28.64,normal,0,0,0,0,0,0,0,0,0,0,FALSE,FALSE,FALSE,FALSE,FALSE,FALSE,3,0,FALSE,insufficient_data
2,7,Sep2%,-65.8,0.5,20.08,44.35,88.7,normal,0,0,0,0,0,0,0,0,0,0,FALSE,FALSE,FALSE,FALSE,FALSE,FALSE,4,0,FALSE,insufficient_data
2,7,Sep2%,-65.8,1,15.02,51.12,51.12,normal,0,0,0,0,0,0,0,0,0,0,FALSE,FALSE,FALSE,FALSE,FALSE,FALSE,3,0,FALSE,insufficient_data
2,7,Sep2%,-65.8,1.5,15.02,54.43,36.286667,normal,0,0,0,0,0,0,0,0,0,0,FALSE,FALSE,FALSE,FALSE,FALSE,FALSE,3,0,FALSE,insufficient_data
2,7,Sep2%,-65.8,2,15.02,58.78,29.39,normal,0,0,0,0,0,0,0,0,0,0,FALSE,FALSE,FALSE,FALSE,FALSE,FALSE,3,0,FALSE,insufficient_data
2,7,Sep2%,-65.82,0.5,15.02,44.05,88.1,normal,0,0,0,0,0,0,0,0,0,0,FALSE,FALSE,FALSE,FALSE,FALSE,FALSE,3,0,FALSE,insufficient_data
2,7,Sep2%,-65.82,1,15.01,50.71,50.71,normal,0,0,0,0,0,0,0,0,0,0,FALSE,FALSE,FALSE,FALSE,FALSE,FALSE,3,0,FALSE,insufficient_data
2,7,Sep2%,-65.82,1.5,20.07,56.25,37.5,normal,0,0,0,0,0,0,0,0,0,0,FALSE,FALSE,FALSE,FALSE,FALSE,FALSE,4,0,FALSE,insufficient_data
2,7,Sep2%,-65.82,2,15.01,58.6,29.3,normal,0,0,0,0,0,0,0,0,0,0,FALSE,FALSE,FALSE,FALSE,FALSE,FALSE,3,0,FALSE,insufficient_data
2,7,Sep2%,-65.84,0.5,20.06,45.17,90.34,normal,0,0.745237,-44.4,7100,7100,1.404242,0,0.745237,0,0,FALSE,FALSE,FALSE,TRUE,FALSE,FALSE,4,0.2,FALSE,hit_r2_drag (R^2=0.7452)
2,7,Sep2%,-65.84,1,15.03,52.04,52.04,normal,0,0.706949,-26.4,4350,4350,-2.075687,0,0.706949,0,0,FALSE,FALSE,FALSE,TRUE,FALSE,FALSE,3,0.2,FALSE,hit_r2_drag (R^2=0.7069)
2,7,Sep2%,-65.84,1.5,15.01,55.47,36.98,normal,0,0.643276,-19.2,-4333.333333,-4333.333333,-1.596997,0,0.643276,0,0,FALSE,FALSE,FALSE,TRUE,FALSE,FALSE,3,0.2,FALSE,hit_r2_drag (R^2=0.6433)
2,7,Sep2%,-65.84,2,15.01,59.87,29.935,normal,0,0.824291,-14.95,1812.5,1812.5,-1.828089,0,0.824291,0,0,FALSE,FALSE,FALSE,TRUE,FALSE,FALSE,3,0.2,FALSE,hit_r2_drag (R^2=0.8243)
2,7,Sep2%,-65.86,0.5,15.01,44.62,89.24,normal,0.737535,0.632878,-38.8,-8350,-8350,-0.310702,14000,0.632878,0.737535,0,FALSE,FALSE,FALSE,TRUE,TRUE,FALSE,3,0.4,FALSE,hit_r2_drag (R^2=0.6329); hit_r2_cv (R^2=0.7375)
2,7,Sep2%,-65.86,1,15.02,51.35,51.35,normal,0.845607,0.604324,-23.4,-5050,-5050,1.92049,7500,0.604324,0.845607,0,FALSE,FALSE,FALSE,TRUE,TRUE,FALSE,3,0.4,FALSE,hit_r2_drag (R^2=0.6043); hit_r2_cv (R^2=0.8456)
2,7,Sep2%,-65.86,1.5,20.06,56.95,37.966667,normal,0.910896,0.620853,-16.666667,3766.666667,3766.666667,-3.864685,6333.333333,0.620853,0.910896,0,FALSE,FALSE,FALSE,TRUE,TRUE,FALSE,4,0.4,FALSE,hit_r2_drag (R^2=0.6209); hit_r2_cv (R^2=0.9109)
2,7,Sep2%,-65.86,2,15.01,59.37,29.685,normal,0.971583,0.727306,-13.175,-2212.5,-2212.5,0.600023,4437.5,0.727306,0.971583,0,FALSE,FALSE,FALSE,TRUE,TRUE,FALSE,3,0.4,FALSE,hit_r2_drag (R^2=0.7273); hit_r2_cv (R^2=0.9716)
2,7,Sep2%,-65.88,0.5,20.06,45.68,91.36,normal,0.94972,0.611785,-32.3,8050,8050,-4.007281,16250,0.611785,0.94972,0.883165,FALSE,FALSE,FALSE,TRUE,TRUE,TRUE,4,0.6,FALSE,hit_r2_drag (R^2=0.6118); hit_r2_cv (R^2=0.9497); hit_r2_slope (R^2=0.8832)
2,7,Sep2%,-65.88,1,15.01,52.62,52.62,normal,0.91313,0.572614,-18.2,4900,4900,-6.775708,13000,0.572614,0.91313,0.837994,FALSE,FALSE,FALSE,TRUE,TRUE,TRUE,3,0.6,FALSE,hit_r2_drag (R^2=0.5726); hit_r2_cv (R^2=0.9131); hit_r2_slope (R^2=0.8380)
2,7,Sep2%,-65.88,1.5,15.02,56.13,37.42,normal,0.914776,0.465765,-13.666667,-3833.333333,-3833.333333,3.626005,7500,0.465765,0.914776,0.881546,FALSE,FALSE,FALSE,TRUE,TRUE,TRUE,3,0.6,FALSE,hit_r2_drag (R^2=0.4658); hit_r2_cv (R^2=0.9148); hit_r2_slope (R^2=0.8815)
2,7,Sep2%,-65.88,2,15.02,60.56,30.28,normal,0.931292,0.725206,-10.825,2112.5,2112.5,-4.226147,5875,0.725206,0.931292,0.87121,FALSE,FALSE,FALSE,TRUE,TRUE,TRUE,3,0.6,FALSE,hit_r2_drag (R^2=0.7252); hit_r2_cv (R^2=0.9313); hit_r2_slope (R^2=0.8712)
2,7,Sep2%,-65.9,0.5,15.01,45.06,90.12,normal,0.95647,0.42488,-25.3,-8400,-8400,4.298128,17500,0.42488,0.95647,0.888559,FALSE,FALSE,FALSE,TRUE,TRUE,TRUE,3,0.6,FALSE,hit_r2_drag (R^2=0.4249); hit_r2_cv (R^2=0.9565); hit_r2_slope (R^2=0.8886)
2,7,Sep2%,-65.9,1,15.02,51.96,51.96,normal,0.946628,0.446268,-15.4,-4825,-4825,7.333773,7000,0.446268,0.946628,0.892313,FALSE,FALSE,FALSE,TRUE,TRUE,TRUE,3,0.6,FALSE,hit_r2_drag (R^2=0.4463); hit_r2_cv (R^2=0.9466); hit_r2_slope (R^2=0.8923)
2,7,Sep2%,-65.9,1.5,15.01,57.7,38.466667,normal,0.980067,0.436599,-11.866667,3983.333333,3983.333333,-2.011159,4500,0.436599,0.980067,0.896341,FALSE,FALSE,FALSE,TRUE,FALSE,TRUE,3,0.4,FALSE,hit_r2_drag (R^2=0.4366); hit_r2_slope (R^2=0.8963)
2,7,Sep2%,-65.9,2,20.05,60.26,30.13,normal,0.962412,0.671156,-10.025,-1862.5,-1862.5,5.649592,2000,0.671156,0.962412,0.865701,FALSE,FALSE,FALSE,TRUE,TRUE,TRUE,4,0.6,FALSE,hit_r2_drag (R^2=0.6712); hit_r2_cv (R^2=0.9624); hit_r2_slope (R^2=0.8657)
2,7,Sep2%,-65.92,0.5,20.07,46.2,92.4,normal,0.912348,0.422092,-25,8800,8800,1.506506,750,0.422092,0.912348,0.770511,FALSE,FALSE,FALSE,TRUE,TRUE,TRUE,4,0.6,FALSE,hit_r2_drag (R^2=0.4221); hit_r2_cv (R^2=0.9123); hit_r2_slope (R^2=0.7705)
2,7,Sep2%,-65.92,1,15.02,52.93,52.93,normal,0.953066,0.377535,-11.95,4075,4075,-3.680152,8625,0.377535,0.953066,0.878123,FALSE,FALSE,FALSE,TRUE,TRUE,TRUE,3,0.6,FALSE,hit_r2_drag (R^2=0.3775); hit_r2_cv (R^2=0.9531); hit_r2_slope (R^2=0.8781)
2,7,Sep2%,-65.92,1.5,15.02,56.79,37.86,normal,0.927571,0.400969,-11.3,-4133.333333,-4133.333333,4.041055,1416.666667,0.400969,0.927571,0.860419,FALSE,FALSE,FALSE,TRUE,TRUE,TRUE,3,0.6,FALSE,hit_r2_drag (R^2=0.4010); hit_r2_cv (R^2=0.9276); hit_r2_slope (R^2=0.8604)
2,7,Sep2%,-65.92,2,15.02,61,30.5,normal,0.967786,0.631894,-7.875,1300,1300,-4.430563,5375,0.631894,0.967786,0.768401,FALSE,FALSE,FALSE,TRUE,TRUE,TRUE,3,0.6,FALSE,hit_r2_drag (R^2=0.6319); hit_r2_cv (R^2=0.9678); hit_r2_slope (R^2=0.7684)
2,7,Sep2%,-65.94,0.5,15.02,45.31,90.62,normal,0.754077,0.249461,-19,-10150,-10150,0.189309,15000,0.249461,0.754077,0.548339,FALSE,FALSE,FALSE,TRUE,TRUE,TRUE,3,0.6,FALSE,hit_r2_drag (R^2=0.2495); hit_r2_cv (R^2=0.7541); hit_r2_slope (R^2=0.5483)
2,7,Sep2%,-65.94,1,15.05,52.67,52.67,normal,0.831381,0.526111,-14.75,-3075,-3075,6.287471,-7000,0.526111,0.831381,0.175898,FALSE,FALSE,FALSE,TRUE,TRUE,TRUE,3,0.6,FALSE,hit_r2_drag (R^2=0.5261); hit_r2_cv (R^2=0.8314); hit_r2_slope (R^2=0.1759)
2,7,Sep2%,-65.94,1.5,15.02,58.28,38.853333,normal,0.88052,0.395437,-11.066667,4000,4000,-0.508461,583.333333,0.395437,0.88052,0.878013,FALSE,FALSE,FALSE,TRUE,TRUE,TRUE,3,0.6,FALSE,hit_r2_drag (R^2=0.3954); hit_r2_cv (R^2=0.8805); hit_r2_slope (R^2=0.8780)
2,7,Sep2%,-65.94,2,15.03,60.57,30.285,normal,0.928671,0.543695,-7.1,-1462.5,-1462.5,4.99936,1937.5,0.543695,0.928671,0.869506,FALSE,FALSE,FALSE,TRUE,TRUE,TRUE,3,0.6,FALSE,hit_r2_drag (R^2=0.5437); hit_r2_cv (R^2=0.9287); hit_r2_slope (R^2=0.8695)
2,7,Sep2%,-65.96,0.5,20.01,46.34,92.68,normal,0.90661,0.202028,-15.7,9600,9600,-2.268524,8250,0.202028,0.90661,0.893199,FALSE,FALSE,FALSE,TRUE,TRUE,TRUE,4,0.6,FALSE,hit_r2_drag (R^2=0.2020); hit_r2_cv (R^2=0.9066); hit_r2_slope (R^2=0.8932)
2,7,Sep2%,-65.96,1,15.05,53.84,53.84,normal,0.498261,0.535391,-15.75,3575,3575,0.198502,-2500,0.535391,0.498261,0.868895,FALSE,FALSE,FALSE,TRUE,TRUE,TRUE,3,0.6,FALSE,hit_r2_drag (R^2=0.5354); hit_r2_cv (R^2=0.4983); hit_r2_slope (R^2=0.8689)
2,7,Sep2%,-65.96,1.5,15.02,57.33,38.22,normal,0.734229,0.324609,-9.933333,-4066.666667,-4066.666667,0.439259,2833.333333,0.324609,0.734229,0.674702,FALSE,FALSE,FALSE,TRUE,TRUE,TRUE,3,0.6,FALSE,hit_r2_drag (R^2=0.3246); hit_r2_cv (R^2=0.7342); hit_r2_slope (R^2=0.6747)
2,7,Sep2%,-65.96,2,15.02,61.95,30.975,normal,0.690664,0.548275,-7.725,2262.5,2262.5,2.380902,-1562.5,0.548275,0.690664,0.178959,FALSE,FALSE,FALSE,TRUE,TRUE,TRUE,3,0.6,FALSE,hit_r2_drag (R^2=0.5483); hit_r2_cv (R^2=0.6907); hit_r2_slope (R^2=0.1790)
2,7,Sep2%,-65.98,0.5,15.02,46.07,92.14,normal,0.753904,0.355577,-21.6,-6500,-6500,3.581818,-14750,0.355577,0.753904,0.014246,FALSE,FALSE,FALSE,TRUE,TRUE,TRUE,3,0.6,FALSE,hit_r2_drag (R^2=0.3556); hit_r2_cv (R^2=0.7539); hit_r2_slope (R^2=0.0142)
2,7,Sep2%,-65.98,1,15.03,52.96,52.96,normal,0.082054,0.465106,-14.55,-5125,-5125,-1.625526,3000,0.465106,0.082054,0.025862,FALSE,FALSE,FALSE,TRUE,TRUE,TRUE,3,0.6,FALSE,hit_r2_drag (R^2=0.4651); hit_r2_cv (R^2=0.0821); hit_r2_slope (R^2=0.0259)
2,7,Sep2%,-65.98,1.5,20.08,58.83,39.22,normal,0.923711,0.308501,-9.333333,4083.333333,4083.333333,-1.112788,1500,0.308501,0.923711,0.891573,FALSE,FALSE,FALSE,TRUE,TRUE,TRUE,4,0.6,FALSE,hit_r2_drag (R^2=0.3085); hit_r2_cv (R^2=0.9237); hit_r2_slope (R^2=0.8916)
2,7,Sep2%,-65.98,2,15.02,61.21,30.605,normal,0.346633,0.483747,-7.125,-2650,-2650,-2.165164,1500,0.483747,0.346633,0.099754,FALSE,FALSE,FALSE,TRUE,TRUE,TRUE,3,0.6,FALSE,hit_r2_drag (R^2=0.4837); hit_r2_cv (R^2=0.3466); hit_r2_slope (R^2=0.0998)
2,7,Sep2%,-66,0.5,20.07,46.74,93.48,normal,0.819989,0.308601,-18.4,4700,4700,-3.532911,8000,0.308601,0.819989,0.366294,FALSE,FALSE,FALSE,TRUE,TRUE,TRUE,4,0.6,FALSE,hit_r2_drag (R^2=0.3086); hit_r2_cv (R^2=0.8200); hit_r2_slope (R^2=0.3663)
2,7,Sep2%,-66,1,15.02,54.3,54.3,normal,0.840243,0.474956,-15.15,5550,5550,0.900689,-1500,0.474956,0.840243,0.4,FALSE,FALSE,FALSE,TRUE,TRUE,TRUE,3,0.6,FALSE,hit_r2_drag (R^2=0.4750); hit_r2_cv (R^2=0.8402); hit_r2_slope (R^2=0.4000)
2,7,Sep2%,-66,1.5,15.02,57.91,38.606667,normal,0.934158,0.306403,-9.3,-4033.333333,-4033.333333,1.432329,83.333333,0.306403,0.934158,0.776238,FALSE,FALSE,FALSE,TRUE,TRUE,TRUE,3,0.6,FALSE,hit_r2_drag (R^2=0.3064); hit_r2_cv (R^2=0.9342); hit_r2_slope (R^2=0.7762)
2,7,Sep2%,-66,2,15.02,62.54,31.27,normal,0.618434,0.559688,-9.3,2587.5,2587.5,5.345491,-5437.5,0.559688,0.618434,0.204965,FALSE,FALSE,FALSE,TRUE,TRUE,TRUE,3,0.6,FALSE,hit_r2_drag (R^2=0.5597); hit_r2_cv (R^2=0.6184); hit_r2_slope (R^2=0.2050)
2,7,Sep2%,-66.02,0.5,15.02,46.44,92.88,normal,0.656595,0.601769,-26.6,-4850,-4850,3.447908,-20500,0.601769,0.656595,0.102555,FALSE,FALSE,FALSE,TRUE,TRUE,TRUE,3,0.6,FALSE,hit_r2_drag (R^2=0.6018); hit_r2_cv (R^2=0.6566); hit_r2_slope (R^2=0.1026)
2,7,Sep2%,-66.02,1,15.02,53.47,53.47,normal,0.002801,0.246223,-10.3,-5425,-5425,-2.289244,12125,0.246223,0.002801,0.36881,FALSE,FALSE,FALSE,TRUE,TRUE,TRUE,3,0.6,FALSE,hit_r2_drag (R^2=0.2462); hit_r2_cv (R^2=0.0028); hit_r2_slope (R^2=0.3688)
2,7,Sep2%,-66.02,1.5,20.07,59.4,39.6,normal,0.822065,0.309215,-9.4,4016.666667,4016.666667,-0.060505,-250,0.309215,0.822065,0.15,FALSE,FALSE,FALSE,TRUE,TRUE,TRUE,4,0.6,FALSE,hit_r2_drag (R^2=0.3092); hit_r2_cv (R^2=0.8221); hit_r2_slope (R^2=0.1500)
2,7,Sep2%,-66.02,2,15.01,61.87,30.935,normal,0.751787,0.444744,-7.975,-2500,-2500,-6.021897,3312.5,0.444744,0.751787,0.314414,FALSE,FALSE,FALSE,TRUE,TRUE,TRUE,3,0.6,FALSE,hit_r2_drag (R^2=0.4447); hit_r2_cv (R^2=0.7518); hit_r2_slope (R^2=0.3144)
2,7,Sep2%,-66.04,0.5,20.07,47.14,94.28,normal,0.630643,0.578617,-19.7,5000,5000,-7.448201,17250,0.578617,0.630643,0.158668,FALSE,FALSE,FALSE,TRUE,TRUE,TRUE,4,0.6,FALSE,hit_r2_drag (R^2=0.5786); hit_r2_cv (R^2=0.6306); hit_r2_slope (R^2=0.1587)
2,7,Sep2%,-66.04,1,15.02,54.81,54.81,normal,0.022658,0.291763,-12.25,5425,5425,3.98392,-4875,0.291763,0.022658,0.478515,FALSE,FALSE,FALSE,TRUE,TRUE,TRUE,3,0.6,FALSE,hit_r2_drag (R^2=0.2918); hit_r2_cv (R^2=0.0227); hit_r2_slope (R^2=0.4785)
2,7,Sep2%,-66.04,1.5,15.02,58.48,38.986667,normal,0.569139,0.31978,-9.566667,-4016.666667,-4016.666667,0.090821,-416.666667,0.31978,0.569139,0.843458,FALSE,FALSE,FALSE,TRUE,TRUE,TRUE,3,0.6,FALSE,hit_r2_drag (R^2=0.3198); hit_r2_cv (R^2=0.5691); hit_r2_slope (R^2=0.8435)
2,7,Sep2%,-66.04,2,15.02,63.15,31.575,normal,0.374864,0.434724,-7.65,2437.5,2437.5,0.127621,812.5,0.434724,0.374864,0.843562,FALSE,FALSE,FALSE,TRUE,TRUE,TRUE,3,0.6,FALSE,hit_r2_drag (R^2=0.4347); hit_r2_cv (R^2=0.3749); hit_r2_slope (R^2=0.8436)
2,7,Sep2%,-66.06,0.5,20.07,46.73,93.46,normal,0.847462,0.468309,-17.2,-5550,-5550,5.968139,6250,0.468309,0.847462,0.869844,FALSE,FALSE,FALSE,TRUE,TRUE,TRUE,4,0.6,FALSE,hit_r2_drag (R^2=0.4683); hit_r2_cv (R^2=0.8475); hit_r2_slope (R^2=0.8698)
2,7,Sep2%,-66.06,1,15.02,54,54,normal,0.264132,0.324646,-12.95,-5375,-5375,-2.25663,-1750,0.324646,0.264132,0.869233,FALSE,FALSE,FALSE,TRUE,TRUE,TRUE,3,0.6,FALSE,hit_r2_drag (R^2=0.3246); hit_r2_cv (R^2=0.2641); hit_r2_slope (R^2=0.8692)
2,7,Sep2%,-66.06,1.5,20.08,59.86,39.906667,normal,0.559164,0.296491,-8.766667,3833.333333,3833.333333,-1.738797,2000,0.296491,0.559164,0.275836,FALSE,FALSE,FALSE,TRUE,TRUE,TRUE,4,0.6,FALSE,hit_r2_drag (R^2=0.2965); hit_r2_cv (R^2=0.5592); hit_r2_slope (R^2=0.2758)
2,7,Sep2%,-66.06,2,15.02,62.59,31.295,normal,0.120947,0.50853,-8.425,-2300,-2300,1.464501,-1937.5,0.50853,0.120947,0.081485,FALSE,FALSE,FALSE,TRUE,TRUE,TRUE,3,0.6,FALSE,hit_r2_drag (R^2=0.5085); hit_r2_cv (R^2=0.1209); hit_r2_slope (R^2=0.0815)
2,7,Sep2%,-66.08,0.5,20.07,47.6,95.2,normal,0.526873,0.499271,-20.1,6400,6400,2.983593,-7250,0.499271,0.526873,0.03429,FALSE,FALSE,FALSE,TRUE,TRUE,TRUE,4,0.6,FALSE,hit_r2_drag (R^2=0.4993); hit_r2_cv (R^2=0.5269); hit_r2_slope (R^2=0.0343)
2,7,Sep2%,-66.08,1,15.02,55.14,55.14,normal,0.045293,0.281517,-11.05,4875,4875,-2.761032,4750,0.281517,0.045293,0.119818,FALSE,FALSE,FALSE,TRUE,TRUE,TRUE,3,0.6,FALSE,hit_r2_drag (R^2=0.2815); hit_r2_cv (R^2=0.0453); hit_r2_slope (R^2=0.1198)
2,7,Sep2%,-66.08,1.5,15.02,59.04,39.36,normal,0.769606,0.316106,-9.066667,-3666.666667,-3666.666667,1.762223,-750,0.316106,0.769606,0.5,FALSE,FALSE,FALSE,TRUE,TRUE,TRUE,3,0.6,FALSE,hit_r2_drag (R^2=0.3161); hit_r2_cv (R^2=0.7696); hit_r2_slope (R^2=0.5000)
2,7,Sep2%,-66.08,2,15.02,63.66,31.83,normal,0.838803,0.478389,-7.4,2037.5,2037.5,-3.14967,2562.5,0.478389,0.838803,0.008169,FALSE,FALSE,FALSE,TRUE,TRUE,TRUE,3,0.6,FALSE,hit_r2_drag (R^2=0.4784); hit_r2_cv (R^2=0.8388); hit_r2_slope (R^2=0.0082)
2,7,Sep2%,-66.1,0.5,20.07,46.96,93.92,normal,0.257627,0.294379,-15,-7550,-7550,-2.993445,12750,0.294379,0.257627,0.0118,FALSE,FALSE,FALSE,TRUE,TRUE,TRUE,4,0.6,FALSE,hit_r2_drag (R^2=0.2944); hit_r2_cv (R^2=0.2576); hit_r2_slope (R^2=0.0118)
2,7,Sep2%,-66.1,1,15.02,54.63,54.63,normal,0.091157,0.391662,-13.25,-4125,-4125,3.13043,-5500,0.391662,0.091157,0.034774,FALSE,FALSE,FALSE,TRUE,TRUE,TRUE,3,0.6,FALSE,hit_r2_drag (R^2=0.3917); hit_r2_cv (R^2=0.0912); hit_r2_slope (R^2=0.0348)
2,7,Sep2%,-66.1,1.5,15.01,60.54,40.36,normal,0.551728,0.326977,-9.466667,3866.666667,3866.666667,0.482594,-1000,0.326977,0.551728,0.870482,FALSE,FALSE,FALSE,TRUE,TRUE,TRUE,3,0.6,FALSE,hit_r2_drag (R^2=0.3270); hit_r2_cv (R^2=0.5517); hit_r2_slope (R^2=0.8705)
2,7,Sep2%,-66.1,2,15.03,63.08,31.54,normal,0.822953,0.470405,-7.325,-2062.5,-2062.5,2.638887,187.5,0.470405,0.822953,0.783917,FALSE,FALSE,FALSE,TRUE,TRUE,TRUE,3,0.6,FALSE,hit_r2_drag (R^2=0.4704); hit_r2_cv (R^2=0.8230); hit_r2_slope (R^2=0.7839)
2,7,Sep2%,-66.12,0.5,20.07,47.82,95.64,normal,0.586903,0.310577,-15.9,7500,7500,1.162454,-2250,0.310577,0.586903,0.646552,FALSE,FALSE,FALSE,TRUE,TRUE,TRUE,4,0.6,FALSE,hit_r2_drag (R^2=0.3106); hit_r2_cv (R^2=0.5869); hit_r2_slope (R^2=0.6466)
2,7,Sep2%,-66.12,1,15.02,55.87,55.87,normal,0.524929,0.400344,-13.75,4375,4375,0.063584,-1250,0.400344,0.524929,0.83856,FALSE,FALSE,FALSE,TRUE,TRUE,TRUE,3,0.6,FALSE,hit_r2_drag (R^2=0.4003); hit_r2_cv (R^2=0.5249); hit_r2_slope (R^2=0.8386)
2,7,Sep2%,-66.12,1.5,15.02,59.68,39.786667,normal,0.129026,0.38043,-10.266667,-3933.333333,-3933.333333,-0.376317,-2000,0.38043,0.129026,0.816667,FALSE,FALSE,FALSE,TRUE,TRUE,TRUE,3,0.6,FALSE,hit_r2_drag (R^2=0.3804); hit_r2_cv (R^2=0.1290); hit_r2_slope (R^2=0.8167)
2,7,Sep2%,-66.12,2,20.07,63.99,31.995,normal,0.805524,0.398884,-5.425,1862.5,1862.5,-4.747451,4750,0.398884,0.805524,0.53845,FALSE,FALSE,FALSE,TRUE,TRUE,TRUE,4,0.6,FALSE,hit_r2_drag (R^2=0.3989); hit_r2_cv (R^2=0.8055); hit_r2_slope (R^2=0.5385)
2,7,Sep2%,-66.14,0.5,20.08,47.18,94.36,normal,0.469167,0.15554,-11.2,-7500,-7500,-0.642614,11750,0.15554,0.469167,0.294168,FALSE,FALSE,FALSE,TRUE,TRUE,TRUE,4,0.6,FALSE,hit_r2_drag (R^2=0.1555); hit_r2_cv (R^2=0.4692); hit_r2_slope (R^2=0.2942)
2,7,Sep2%,-66.14,1,15.02,55.44,55.44,normal,0.001079,0.61889,-18.05,-4175,-4175,1.01458,-10750,0.61889,0.001079,0.606769,FALSE,FALSE,FALSE,TRUE,TRUE,TRUE,3,0.6,FALSE,hit_r2_drag (R^2=0.6189); hit_r2_cv (R^2=0.0011); hit_r2_slope (R^2=0.6068)
2,7,Sep2%,-66.14,1.5,15.02,60.97,40.646667,normal,0.088385,0.359625,-9.533333,3583.333333,3583.333333,-1.700806,1833.333333,0.359625,0.088385,0.119512,FALSE,FALSE,FALSE,TRUE,TRUE,TRUE,3,0.6,FALSE,hit_r2_drag (R^2=0.3596); hit_r2_cv (R^2=0.0884); hit_r2_slope (R^2=0.1195)
2,7,Sep2%,-66.14,2,15.02,63.93,31.965,normal,0.758742,0.62804,-7.525,-1212.5,-1212.5,6.803015,-5250,0.62804,0.758742,0.048201,FALSE,FALSE,FALSE,TRUE,TRUE,TRUE,3,0.6,FALSE,hit_r2_drag (R^2=0.6280); hit_r2_cv (R^2=0.7587); hit_r2_slope (R^2=0.0482)
2,7,Sep2%,-66.16,0.5,20.07,48.4,96.8,normal,0.494313,0.259984,-18.2,9300,9300,5.373168,-17500,0.259984,0.494313,0.000025,FALSE,FALSE,FALSE,TRUE,TRUE,TRUE,4,0.6,FALSE,hit_r2_drag (R^2=0.2600); hit_r2_cv (R^2=0.4943); hit_r2_slope (R^2=0.0000)
2,7,Sep2%,-66.16,1,15.02,56.08,56.08,normal,0.146984,0.539895,-13.45,2675,2675,-7.633738,11500,0.539895,0.146984,0.058776,FALSE,FALSE,FALSE,TRUE,TRUE,TRUE,3,0.6,FALSE,hit_r2_drag (R^2=0.5399); hit_r2_cv (R^2=0.1470); hit_r2_slope (R^2=0.0588)
2,7,Sep2%,-66.16,1.5,15.01,60.24,40.16,normal,0.487908,0.352827,-9.433333,-3366.666667,-3366.666667,1.504611,250,0.352827,0.487908,0.808989,FALSE,FALSE,FALSE,TRUE,TRUE,TRUE,3,0.6,FALSE,hit_r2_drag (R^2=0.3528); hit_r2_cv (R^2=0.4879); hit_r2_slope (R^2=0.8090)
2,7,Sep2%,-66.16,2,15.02,64.87,32.435,normal,0.189552,0.636588,-8.175,1250,1250,-0.461277,-1625,0.636588,0.189552,0.859268,FALSE,FALSE,FALSE,TRUE,TRUE,TRUE,3,0.6,FALSE,hit_r2_drag (R^2=0.6366); hit_r2_cv (R^2=0.1896); hit_r2_slope (R^2=0.8593)
2,7,Sep2%,-66.18,0.5,20.07,47.71,95.42,normal,0.792037,0.336549,-20.8,-9550,-9550,-5.164256,-6500,0.336549,0.792037,0.871471,FALSE,FALSE,FALSE,TRUE,TRUE,TRUE,4,0.6,FALSE,hit_r2_drag (R^2=0.3365); hit_r2_cv (R^2=0.7920); hit_r2_slope (R^2=0.8715)
2,7,Sep2%,-66.18,1,15.02,55.75,55.75,normal,0.559605,0.468316,-12.25,-2425,-2425,5.57318,3000,0.468316,0.559605,0.847674,FALSE,FALSE,FALSE,TRUE,TRUE,TRUE,3,0.6,FALSE,hit_r2_drag (R^2=0.4683); hit_r2_cv (R^2=0.5596); hit_r2_slope (R^2=0.8477)
2,7,Sep2%,-66.18,1.5,15.03,61.69,41.126667,normal,0.761607,0.355369,-9.533333,3633.333333,3633.333333,0.012567,-250,0.355369,0.761607,0.083333,FALSE,FALSE,FALSE,TRUE,TRUE,TRUE,3,0.6,FALSE,hit_r2_drag (R^2=0.3554); hit_r2_cv (R^2=0.7616); hit_r2_slope (R^2=0.0833)
2,7,Sep2%,-66.18,2,15.03,64.48,32.24,normal,0.0389,0.746467,-9.2,-1662.5,-1662.5,-0.680394,-2562.5,0.746467,0.0389,0.850838,FALSE,FALSE,FALSE,TRUE,TRUE,TRUE,3,0.6,FALSE,hit_r2_drag (R^2=0.7465); hit_r2_cv (R^2=0.0389); hit_r2_slope (R^2=0.8508)
2,7,Sep2%,-66.2,0.5,20.07,48.65,97.3,normal,0.801843,0.352686,-21.9,8150,8150,0.459691,-2750,0.352686,0.801843,0.879662,FALSE,FALSE,FALSE,TRUE,TRUE,TRUE,4,0.6,FALSE,hit_r2_drag (R^2=0.3527); hit_r2_cv (R^2=0.8018); hit_r2_slope (R^2=0.8797)
2,7,Sep2%,-66.2,1,15.02,56.86,56.86,normal,0.800188,0.460413,-11.45,3600,3600,-0.911051,2000,0.460413,0.800188,0.898936,FALSE,FALSE,FALSE,TRUE,TRUE,TRUE,3,0.6,FALSE,hit_r2_drag (R^2=0.4604); hit_r2_cv (R^2=0.8002); hit_r2_slope (R^2=0.8989)
2,7,Sep2%,-66.2,1.5,15.02,60.86,40.573333,normal,0.49285,0.407163,-10.266667,-3800,-3800,0.192051,-1833.333333,0.407163,0.49285,0.623114,FALSE,FALSE,FALSE,TRUE,TRUE,TRUE,3,0.6,FALSE,hit_r2_drag (R^2=0.4072); hit_r2_cv (R^2=0.4928); hit_r2_slope (R^2=0.6231)
2,7,Sep2%,-66.2,2,15.03,65.71,32.855,normal,0.984724,0.743819,-9.975,2025,2025,0.987534,-1937.5,0.743819,0.984724,0.899995,FALSE,FALSE,FALSE,TRUE,FALSE,TRUE,3,0.4,FALSE,hit_r2_drag (R^2=0.7438); hit_r2_slope (R^2=0.9000)
2,7,Sep2%,-66.22,0.5,20.08,48.3,96.6,normal,0.67216,0.437403,-24.9,-6450,-6450,-0.051774,-7500,0.437403,0.67216,0.76594,FALSE,FALSE,FALSE,TRUE,TRUE,TRUE,4,0.6,FALSE,hit_r2_drag (R^2=0.4374); hit_r2_cv (R^2=0.6722); hit_r2_slope (R^2=0.7659)
2,7,Sep2%,-66.22,1,15.02,56.09,56.09,normal,0.753671,0.386106,-10.4,-4700,-4700,1.286857,2625,0.386106,0.753671,0.872093,FALSE,FALSE,FALSE,TRUE,TRUE,TRUE,3,0.6,FALSE,hit_r2_drag (R^2=0.3861); hit_r2_cv (R^2=0.7537); hit_r2_slope (R^2=0.8721)
2,7,Sep2%,-66.22,1.5,15.02,62.32,41.546667,normal,0.500795,0.426676,-11.066667,3816.666667,3816.666667,1.093619,-2000,0.426676,0.500795,0.887705,FALSE,FALSE,FALSE,TRUE,TRUE,TRUE,3,0.6,FALSE,hit_r2_drag (R^2=0.4267); hit_r2_cv (R^2=0.5008); hit_r2_slope (R^2=0.8877)
2,7,Sep2%,-66.22,2,15.02,65.04,32.52,normal,0.390131,0.535148,-7.65,-2375,-2375,-4.318418,5812.5,0.535148,0.390131,0.15,FALSE,FALSE,FALSE,TRUE,TRUE,TRUE,3,0.6,FALSE,hit_r2_drag (R^2=0.5351); hit_r2_cv (R^2=0.3901); hit_r2_slope (R^2=0.1500)
2,7,Sep2%,-66.24,0.5,20.07,48.83,97.66,normal,0.360012,0.287588,-14.5,4400,4400,-8.457996,26000,0.287588,0.360012,0.192405,FALSE,FALSE,FALSE,TRUE,TRUE,TRUE,4,0.6,FALSE,hit_r2_drag (R^2=0.2876); hit_r2_cv (R^2=0.3600); hit_r2_slope (R^2=0.1924)
2,7,Sep2%,-66.24,1,15.02,57.49,57.49,normal,0.189433,0.497757,-15.8,5425,5425,7.123363,-13500,0.497757,0.189433,0.29094,FALSE,FALSE,FALSE,TRUE,TRUE,TRUE,3,0.6,FALSE,hit_r2_drag (R^2=0.4978); hit_r2_cv (R^2=0.1894); hit_r2_slope (R^2=0.2909)
2,7,Sep2%,-66.24,1.5,15.02,61.57,41.046667,normal,0.760239,0.420171,-10.966667,-3683.333333,-3683.333333,-1.332853,250,0.420171,0.760239,0.679775,FALSE,FALSE,FALSE,TRUE,TRUE,TRUE,3,0.6,FALSE,hit_r2_drag (R^2=0.4202); hit_r2_cv (R^2=0.7602); hit_r2_slope (R^2=0.6798)
2,7,Sep2%,-66.24,2,20.07,66.18,33.09,normal,0.010088,0.544345,-7.95,2262.5,2262.5,3.032606,-750,0.544345,0.010088,0.677259,FALSE,FALSE,FALSE,TRUE,TRUE,TRUE,4,0.6,FALSE,hit_r2_drag (R^2=0.5443); hit_r2_cv (R^2=0.0101); hit_r2_slope (R^2=0.6773)
2,7,Sep2%,-66.26,0.5,20.07,48.49,96.98,normal,0.667828,0.408296,-17.4,-4350,-4350,8.076794,-7250,0.408296,0.667828,0.574027,FALSE,FALSE,FALSE,TRUE,TRUE,TRUE,4,0.6,FALSE,hit_r2_drag (R^2=0.4083); hit_r2_cv (R^2=0.6678); hit_r2_slope (R^2=0.5740)
2,7,Sep2%,-66.26,1,15.02,56.91,56.91,normal,0.572687,0.449416,-14.75,-4950,-4950,-7.505745,2625,0.449416,0.572687,0.634406,FALSE,FALSE,FALSE,TRUE,TRUE,TRUE,3,0.6,FALSE,hit_r2_drag (R^2=0.4494); hit_r2_cv (R^2=0.5727); hit_r2_slope (R^2=0.6344)
2,7,Sep2%,-66.26,1.5,15.02,62.9,41.933333,normal,0.079524,0.407207,-10.433333,3466.666667,3466.666667,-1.128047,1333.333333,0.407207,0.079524,0.661811,FALSE,FALSE,FALSE,TRUE,TRUE,TRUE,3,0.6,FALSE,hit_r2_drag (R^2=0.4072); hit_r2_cv (R^2=0.0795); hit_r2_slope (R^2=0.6618)
2,7,Sep2%,-66.26,2,15.02,65.86,32.93,normal,0.128783,0.555675,-8.075,-1825,-1825,-0.47849,-312.5,0.555675,0.128783,0.878738,FALSE,FALSE,FALSE,TRUE,TRUE,TRUE,3,0.6,FALSE,hit_r2_drag (R^2=0.5557); hit_r2_cv (R^2=0.1288); hit_r2_slope (R^2=0.8787)
2,7,Sep2%,-66.28,0.5,20.1,49.47,98.94,normal,0.673629,0.416074,-18.3,6600,6600,0.549639,-2250,0.416074,0.673629,0.859448,FALSE,FALSE,FALSE,TRUE,TRUE,TRUE,4,0.6,FALSE,hit_r2_drag (R^2=0.4161); hit_r2_cv (R^2=0.6736); hit_r2_slope (R^2=0.8594)
2,7,Sep2%,-66.28,1,15.02,57.84,57.84,normal,0.579588,0.430724,-13.9,3775,3775,-0.648873,2125,0.430724,0.579588,0.899522,FALSE,FALSE,FALSE,TRUE,TRUE,TRUE,3,0.6,FALSE,hit_r2_drag (R^2=0.4307); hit_r2_cv (R^2=0.5796); hit_r2_slope (R^2=0.8995)
2,7,Sep2%,-66.28,1.5,15.02,62.17,41.446667,normal,0.112229,0.423259,-10.666667,-3433.333333,-3433.333333,1.26097,-583.333333,0.423259,0.112229,0.450156,FALSE,FALSE,FALSE,TRUE,TRUE,TRUE,3,0.6,FALSE,hit_r2_drag (R^2=0.4233); hit_r2_cv (R^2=0.1122); hit_r2_slope (R^2=0.4502)
2,7,Sep2%,-66.28,2,15.02,67.04,33.52,normal,0.006683,0.567625,-8.7,1875,1875,1.297924,-1562.5,0.567625,0.006683,0.670635,FALSE,FALSE,FALSE,TRUE,TRUE,TRUE,3,0.6,FALSE,hit_r2_drag (R^2=0.5676); hit_r2_cv (R^2=0.0067); hit_r2_slope (R^2=0.6706)
2,7,Sep2%,-66.3,0.5,20.07,49.03,98.06,normal,0.347852,0.521326,-21,-7100,-7100,-0.197606,-6750,0.521326,0.347852,0.75,FALSE,FALSE,FALSE,TRUE,TRUE,TRUE,4,0.6,FALSE,hit_r2_drag (R^2=0.5213); hit_r2_cv (R^2=0.3479); hit_r2_slope (R^2=0.7500)
2,7,Sep2%,-66.3,1,15.02,57.24,57.24,normal,0.21938,0.395741,-13.25,-3825,-3825,1.041682,1625,0.395741,0.21938,0.89997,FALSE,FALSE,FALSE,TRUE,TRUE,TRUE,3,0.6,FALSE,hit_r2_drag (R^2=0.3957); hit_r2_cv (R^2=0.2194); hit_r2_slope (R^2=0.9000)
2,7,Sep2%,-66.3,1.5,15.02,63.58,42.386667,normal,0.904632,0.417377,-10.4,3566.666667,3566.666667,-0.783916,666.666667,0.417377,0.904632,0.038344,FALSE,FALSE,FALSE,TRUE,TRUE,TRUE,3,0.6,FALSE,hit_r2_drag (R^2=0.4174); hit_r2_cv (R^2=0.9046); hit_r2_slope (R^2=0.0383)
2,7,Sep2%,-66.3,2,15.02,66.57,33.285,normal,0.916946,0.672525,-9.8,-2062.5,-2062.5,-0.554548,-2750,0.672525,0.916946,0.835819,FALSE,FALSE,FALSE,TRUE,TRUE,TRUE,3,0.6,FALSE,hit_r2_drag (R^2=0.6725); hit_r2_cv (R^2=0.9169); hit_r2_slope (R^2=0.8358)
2,7,Sep2%,-66.32,0.5,20.07,49.71,99.42,normal,0.921683,0.551777,-23,5600,5600,0.746313,-5000,0.551777,0.921683,0.899988,FALSE,FALSE,FALSE,TRUE,TRUE,TRUE,4,0.6,FALSE,hit_r2_drag (R^2=0.5518); hit_r2_cv (R^2=0.9217); hit_r2_slope (R^2=0.9000)
2,7,Sep2%,-66.32,1,15.02,58.52,58.52,normal,0.921095,0.375352,-11.95,4700,4700,-1.952185,3250,0.375352,0.921095,0.816667,FALSE,FALSE,FALSE,TRUE,TRUE,TRUE,3,0.6,FALSE,hit_r2_drag (R^2=0.3754); hit_r2_cv (R^2=0.9211); hit_r2_slope (R^2=0.8167)
2,7,Sep2%,-66.32,1.5,15.02,62.88,41.92,normal,0.777651,0.45899,-11,-3516.666667,-3516.666667,0.935105,-1500,0.45899,0.777651,0.065217,FALSE,FALSE,FALSE,TRUE,TRUE,TRUE,3,0.6,FALSE,hit_r2_drag (R^2=0.4590); hit_r2_cv (R^2=0.7777); hit_r2_slope (R^2=0.0652)
2,7,Sep2%,-66.32,2,15.02,67.9,33.95,normal,0.951422,0.675922,-10.375,2250,2250,0.403355,-1437.5,0.675922,0.951422,0.891001,FALSE,FALSE,FALSE,TRUE,TRUE,TRUE,3,0.6,FALSE,hit_r2_drag (R^2=0.6759); hit_r2_cv (R^2=0.9514); hit_r2_slope (R^2=0.8910)
2,7,Sep2%,-66.34,0.5,20.06,49.7,99.4,normal,0.961012,0.652731,-26.6,-3450,-3450,0.096614,-9000,0.652731,0.961012,0.832569,FALSE,FALSE,FALSE,TRUE,TRUE,TRUE,4,0.6,FALSE,hit_r2_drag (R^2=0.6527); hit_r2_cv (R^2=0.9610); hit_r2_slope (R^2=0.8326)
2,7,Sep2%,-66.34,1,15.02,57.81,57.81,normal,0.905871,0.401117,-12.4,-4975,-4975,2.195693,-1125,0.401117,0.905871,0.522648,FALSE,FALSE,FALSE,TRUE,TRUE,TRUE,3,0.6,FALSE,hit_r2_drag (R^2=0.4011); hit_r2_cv (R^2=0.9059); hit_r2_slope (R^2=0.5226)
2,7,Sep2%,-66.34,1.5,15.01,64.2,42.8,normal,0.695789,0.459738,-11.033333,3366.666667,3366.666667,-0.354513,-83.333333,0.459738,0.695789,0.776238,FALSE,FALSE,FALSE,TRUE,TRUE,TRUE,3,0.6,FALSE,hit_r2_drag (R^2=0.4597); hit_r2_cv (R^2=0.6958); hit_r2_slope (R^2=0.7762)
2,7,Sep2%,-66.34,2,15.02,67.32,33.66,normal,0.71989,0.600535,-9.45,-2387.5,-2387.5,-2.188783,2312.5,0.600535,0.71989,0.002383,FALSE,FALSE,FALSE,TRUE,TRUE,TRUE,3,0.6,FALSE,hit_r2_drag (R^2=0.6005); hit_r2_cv (R^2=0.7199); hit_r2_slope (R^2=0.0024)
2,7,Sep2%,-66.36,0.5,20.07,49.92,99.84,normal,0.158276,0.535243,-15.7,1150,1150,-9.641998,27250,0.535243,0.158276,0.152762,FALSE,FALSE,FALSE,TRUE,TRUE,TRUE,4,0.6,FALSE,hit_r2_drag (R^2=0.5352); hit_r2_cv (R^2=0.1583); hit_r2_slope (R^2=0.1528)
2,7,Sep2%,-66.36,1,15.02,59.17,59.17,normal,0.046847,0.471795,-16.15,5175,5175,4.535468,-9375,0.471795,0.046847,0.609846,FALSE,FALSE,FALSE,TRUE,TRUE,TRUE,3,0.6,FALSE,hit_r2_drag (R^2=0.4718); hit_r2_cv (R^2=0.0468); hit_r2_slope (R^2=0.6098)
2,7,Sep2%,-66.36,1.5,15.02,63.74,42.493333,normal,0.001983,0.557846,-12.533333,-2966.666667,-2966.666667,0.947642,-3750,0.557846,0.001983,0.521904,FALSE,FALSE,FALSE,TRUE,TRUE,TRUE,3,0.6,FALSE,hit_r2_drag (R^2=0.5578); hit_r2_cv (R^2=0.0020); hit_r2_slope (R^2=0.5219)
2,7,Sep2%,-66.36,2,20.07,68.58,34.29,normal,0.280314,0.602746,-9.575,2300,2300,1.071766,-312.5,0.602746,0.280314,0.673422,FALSE,FALSE,FALSE,TRUE,TRUE,TRUE,4,0.6,FALSE,hit_r2_drag (R^2=0.6027); hit_r2_cv (R^2=0.2803); hit_r2_slope (R^2=0.6734)
2,7,Sep2%,-66.38,0.5,20.07,49.92,99.84,normal,0.486128,0.738659,-19.9,-1100,-1100,9.492624,-10500,0.738659,0.486128,0.491829,FALSE,FALSE,FALSE,TRUE,TRUE,TRUE,4,0.6,FALSE,hit_r2_drag (R^2=0.7387); hit_r2_cv (R^2=0.4861); hit_r2_slope (R^2=0.4918)
2,7,Sep2%,-66.38,1,15.02,58.54,58.54,normal,0.437413,0.476449,-16.25,-4975,-4975,-4.631888,-250,0.476449,0.437413,0.762978,FALSE,FALSE,FALSE,TRUE,TRUE,TRUE,3,0.6,FALSE,hit_r2_drag (R^2=0.4764); hit_r2_cv (R^2=0.4374); hit_r2_slope (R^2=0.7630)
2,7,Sep2%,-66.38,1.5,15.02,64.92,43.28,normal,0.077386,0.546678,-11.8,2733.333333,2733.333333,-2.385049,1833.333333,0.546678,0.077386,0.408898,FALSE,FALSE,FALSE,TRUE,TRUE,TRUE,3,0.6,FALSE,hit_r2_drag (R^2=0.5467); hit_r2_cv (R^2=0.0774); hit_r2_slope (R^2=0.4089)
2,7,Sep2%,-66.38,2,15.02,68.22,34.11,normal,0.006965,0.632483,-9.95,-2025,-2025,0.199072,-937.5,0.632483,0.006965,0.75,FALSE,FALSE,FALSE,TRUE,TRUE,TRUE,3,0.6,FALSE,hit_r2_drag (R^2=0.6325); hit_r2_cv (R^2=0.0070); hit_r2_slope (R^2=0.7500)
2,7,Sep2%,-66.4,0.5,20.07,50.61,101.22,normal,0.587611,0.735101,-20.2,3450,3450,-0.99587,-750,0.735101,0.587611,0.783172,FALSE,FALSE,FALSE,TRUE,TRUE,TRUE,4,0.6,FALSE,hit_r2_drag (R^2=0.7351); hit_r2_cv (R^2=0.5876); hit_r2_slope (R^2=0.7832)
2,7,Sep2%,-66.4,1,15.03,59.73,59.73,normal,0.635238,0.468635,-15.75,4550,4550,-0.853343,1250,0.468635,0.635238,0.284884,FALSE,FALSE,FALSE,TRUE,TRUE,TRUE,3,0.6,FALSE,hit_r2_drag (R^2=0.4686); hit_r2_cv (R^2=0.6352); hit_r2_slope (R^2=0.2849)
2,7,Sep2%,-66.4,1.5,15.02,64.35,42.9,normal,0.370228,0.575096,-12.2,-2916.666667,-2916.666667,1.754648,-1000,0.575096,0.370228,0.363861,FALSE,FALSE,FALSE,TRUE,TRUE,TRUE,3,0.6,FALSE,hit_r2_drag (R^2=0.5751); hit_r2_cv (R^2=0.3702); hit_r2_slope (R^2=0.3639)
2,7,Sep2%,-66.4,2,15.01,69.46,34.73,normal,0.119909,0.633562,-10.05,2000,2000,-0.264947,-250,0.633562,0.119909,0.849154,FALSE,FALSE,FALSE,TRUE,TRUE,TRUE,3,0.6,FALSE,hit_r2_drag (R^2=0.6336); hit_r2_cv (R^2=0.1199); hit_r2_slope (R^2=0.8492)
2,7,Sep2%,-66.42,0.5,20.07,50.55,101.1,normal,0.193431,0.840757,-23.9,-3750,-3750,1.527718,-9250,0.840757,0.193431,0.576582,FALSE,FALSE,FALSE,TRUE,TRUE,TRUE,4,0.6,FALSE,hit_r2_drag (R^2=0.8408); hit_r2_cv (R^2=0.1934); hit_r2_slope (R^2=0.5766)
2,7,Sep2%,-66.42,1,15.02,59.14,59.14,normal,0.295755,0.485712,-16.1,-4450,-4450,0.940706,-875,0.485712,0.295755,0.248062,FALSE,FALSE,FALSE,TRUE,TRUE,TRUE,3,0.6,FALSE,hit_r2_drag (R^2=0.4857); hit_r2_cv (R^2=0.2958); hit_r2_slope (R^2=0.2481)
2,7,Sep2%,-66.42,1.5,15.01,65.76,43.84,normal,0.337583,0.577318,-12.433333,3300,3300,0.067146,-583.333333,0.577318,0.337583,0.895415,FALSE,FALSE,FALSE,TRUE,TRUE,TRUE,3,0.6,FALSE,hit_r2_drag (R^2=0.5773); hit_r2_cv (R^2=0.3376); hit_r2_slope (R^2=0.8954)
2,7,Sep2%,-66.42,2,15.03,69.3,34.65,normal,0.648789,0.77828,-12.1,-1750,-1750,2.123182,-5125,0.77828,0.648789,0.547202,FALSE,FALSE,FALSE,TRUE,TRUE,TRUE,3,0.6,FALSE,hit_r2_drag (R^2=0.7783); hit_r2_cv (R^2=0.6488); hit_r2_slope (R^2=0.5472)
2,7,Sep2%,-66.44,0.5,20.07,51,102,normal,0.90767,0.877181,-27.9,2550,2550,0.806899,-10000,0.877181,0.90767,0.888307,FALSE,FALSE,FALSE,TRUE,TRUE,TRUE,4,0.6,FALSE,hit_r2_drag (R^2=0.8772); hit_r2_cv (R^2=0.9077); hit_r2_slope (R^2=0.8883)
2,7,Sep2%,-66.44,1,15.02,60.6,60.6,normal,0.00452,0.498293,-17.3,5125,5125,1.358057,-3000,0.498293,0.00452,0.727982,FALSE,FALSE,FALSE,TRUE,TRUE,TRUE,3,0.6,FALSE,hit_r2_drag (R^2=0.4983); hit_r2_cv (R^2=0.0045); hit_r2_slope (R^2=0.7280)
2,7,Sep2%,-66.44,1.5,15.02,65.46,43.64,normal,0.015773,0.681711,-14.266667,-2850,-2850,1.17733,-4583.333333,0.681711,0.015773,0.615796,FALSE,FALSE,FALSE,TRUE,TRUE,TRUE,3,0.6,FALSE,hit_r2_drag (R^2=0.6817); hit_r2_cv (R^2=0.0158); hit_r2_slope (R^2=0.6158)
2,7,Sep2%,-66.44,2,20.07,70.44,35.22,normal,0.736771,0.778378,-12,1625,1625,-2.628593,250,0.778378,0.736771,0.724422,FALSE,FALSE,FALSE,TRUE,TRUE,TRUE,4,0.6,FALSE,hit_r2_drag (R^2=0.7784); hit_r2_cv (R^2=0.7368); hit_r2_slope (R^2=0.7244)
2,7,Sep2%,-66.46,0.5,20.08,50.95,101.9,normal,0.669977,0.803203,-24.5,-2500,-2500,-4.315724,8500,0.803203,0.669977,0.153916,FALSE,FALSE,FALSE,TRUE,TRUE,TRUE,4,0.6,FALSE,hit_r2_drag (R^2=0.8032); hit_r2_cv (R^2=0.6700); hit_r2_slope (R^2=0.1539)
2,7,Sep2%,-66.46,1,15.04,60.2,60.2,normal,0.537132,0.649437,-20.95,-4650,-4650,0.25159,-9125,0.649437,0.537132,0.747703,FALSE,FALSE,FALSE,TRUE,TRUE,TRUE,3,0.6,FALSE,hit_r2_drag (R^2=0.6494); hit_r2_cv (R^2=0.5371); hit_r2_slope (R^2=0.7477)
2,7,Sep2%,-66.46,1.5,15.03,66.84,44.56,normal,0.741277,0.696505,-16.5,2800,2800,2.376023,-5583.333333,0.696505,0.741277,0.879135,FALSE,FALSE,FALSE,TRUE,TRUE,TRUE,3,0.6,FALSE,hit_r2_drag (R^2=0.6965); hit_r2_cv (R^2=0.7413); hit_r2_slope (R^2=0.8791)
2,7,Sep2%,-66.46,2,15.02,70.42,35.21,normal,0.840228,0.854604,-13.45,-1450,-1450,2.26808,-3625,0.854604,0.840228,0.42839,FALSE,FALSE,FALSE,TRUE,TRUE,TRUE,3,0.6,FALSE,hit_r2_drag (R^2=0.8546); hit_r2_cv (R^2=0.8402); hit_r2_slope (R^2=0.4284)
2,7,Sep2%,-66.48,0.5,35.05,53.4,106.8,normal,0.570843,0.631689,-59.8,12500,12500,34.551971,-88250,0.631689,0.570843,0.398825,FALSE,TRUE,TRUE,TRUE,TRUE,TRUE,7,1,TRUE,hit_2nd_deriv_cv (34.5520); hit_2nd_deriv_slope (-88250.0000); hit_r2_drag (R^2=0.6317); hit_r2_cv (R^2=0.5708); hit_r2_slope (R^2=0.3988)
2,7,Sep2%,-66.48,1,25.03,63.56,63.56,normal,0.577475,0.644419,-43.6,9400,9400,30.840943,-56625,0.644419,0.577475,0.642393,FALSE,TRUE,TRUE,TRUE,TRUE,TRUE,5,1,TRUE,hit_2nd_deriv_cv (30.8409); hit_2nd_deriv_slope (-56625.0000); hit_r2_drag (R^2=0.6444); hit_r2_cv (R^2=0.5775); hit_r2_slope (R^2=0.6424)
2,7,Sep2%,-66.48,1.5,35.04,69.22,46.146667,normal,0.625521,0.859921,-36.066667,1666.666667,1666.666667,26.39605,-48916.66667,0.859921,0.625521,0.60499,FALSE,TRUE,TRUE,TRUE,TRUE,TRUE,7,1,TRUE,hit_2nd_deriv_cv (26.3960); hit_2nd_deriv_slope (-48916.6667); hit_r2_drag (R^2=0.8599); hit_r2_cv (R^2=0.6255); hit_r2_slope (R^2=0.6050)
2,7,Sep2%,-66.48,2,35.03,74.65,37.325,normal,0.55898,0.691412,-28.75,5312.5,5312.5,37.655248,-38250,0.691412,0.55898,0.588554,FALSE,TRUE,TRUE,TRUE,TRUE,TRUE,7,1,TRUE,hit_2nd_deriv_cv (37.6552); hit_2nd_deriv_slope (-38250.0000); hit_r2_drag (R^2=0.6914); hit_r2_cv (R^2=0.5590); hit_r2_slope (R^2=0.5886)
2,7,Sep2%,-66.5,0.5,35.03,55.61,111.22,normal,0.770996,0.8364,-125.2,-1200,-1200,7.934616,-163500,0.8364,0.770996,0.828318,FALSE,FALSE,TRUE,TRUE,TRUE,TRUE,7,0.8,TRUE,hit_2nd_deriv_slope (-163500.0000); hit_r2_drag (R^2=0.8364); hit_r2_cv (R^2=0.7710); hit_r2_slope (R^2=0.8283)
2,7,Sep2%,-66.5,1,25.02,64.9,64.9,normal,0.825996,0.884267,-72.4,-5050,-5050,-7.566976,-72000,0.884267,0.825996,0.875208,FALSE,FALSE,TRUE,TRUE,TRUE,TRUE,5,0.8,TRUE,hit_2nd_deriv_slope (-72000.0000); hit_r2_drag (R^2=0.8843); hit_r2_cv (R^2=0.8260); hit_r2_slope (R^2=0.8752)
2,7,Sep2%,-66.5,1.5,35.04,71.34,47.56,normal,0.853393,0.887659,-49.733333,-433.333333,-433.333333,-9.690118,-34166.66667,0.887659,0.853393,0.899605,FALSE,FALSE,TRUE,TRUE,TRUE,TRUE,7,0.8,TRUE,hit_2nd_deriv_slope (-34166.6667); hit_r2_drag (R^2=0.8877); hit_r2_cv (R^2=0.8534); hit_r2_slope (R^2=0.8996)
2,7,Sep2%,-66.5,2,35.04,73.17,36.585,normal,0.768154,0.721395,-29.875,-7137.5,-7137.5,-38.968085,-2812.5,0.721395,0.768154,0.784071,FALSE,TRUE,FALSE,TRUE,TRUE,TRUE,7,0.8,TRUE,hit_2nd_deriv_cv (-38.9681); hit_r2_drag (R^2=0.7214); hit_r2_cv (R^2=0.7682); hit_r2_slope (R^2=0.7841)