row,cell,Cell_Label,Z_Height_mm,RPM,Rotational_Drag,CV,R2,Trend_Slope,Second_derivative,Hit_Point_Confidence,Hit_Detected,Hit_Reasons
1,1,1kcP_bluesil,-65.5,45,0.523556,0,0,0,0,0,FALSE,insufficient_data
1,1,1kcP_bluesil,-65.52,45,0.550444,0,0,0,0,0,FALSE,insufficient_data
1,1,1kcP_bluesil,-65.54,45,0.566222,0,0,0,0,0,FALSE,insufficient_data
1,1,1kcP_bluesil,-65.56,45,0.584222,0,0,0,0,0,FALSE,insufficient_data
1,1,1kcP_bluesil,-65.58,45,0.597333,0,0,0,0,0,FALSE,insufficient_data
1,1,1kcP_bluesil,-65.6,45,0.612222,0,0,0,0,0,FALSE,insufficient_data
1,1,1kcP_bluesil,-65.62,45,0.624444,0,0,0,0,0,FALSE,insufficient_data
1,1,1kcP_bluesil,-65.64,45,0.638889,0,0.999321,-0.682222,5.555556,0,FALSE,
1,1,1kcP_bluesil,-65.66,45,0.652222,0.873457,0.999321,-0.682222,-2.777778,0.2,FALSE,hit_r2_cv (Rｲ=0.8735)
1,1,1kcP_bluesil,-65.68,45,0.667333,0.866015,0.998884,-0.69,4.444444,0.4,FALSE,hit_r2_cv (Rｲ=0.8660); hit_r2_slope (Rｲ=0.5000)
1,1,1kcP_bluesil,-65.7,45,0.680667,0.729118,0.999672,-0.704444,-4.444444,0.4,FALSE,hit_r2_cv (Rｲ=0.7291); hit_r2_slope (Rｲ=0.8280)
1,1,1kcP_bluesil,-65.72,45,0.694222,0.903403,0.999582,-0.695556,0.555556,0.4,FALSE,hit_r2_cv (Rｲ=0.9034); hit_r2_slope (Rｲ=0.3097)
1,1,1kcP_bluesil,-65.74,45,0.698444,0.686441,0.972144,-0.596667,-23.333333,0.8,TRUE,hit_2nd_deriv_drag (-23.3333); hit_r2_drag (Rｲ=0.9721); hit_r2_cv (Rｲ=0.6864); hit_r2_slope (Rｲ=0.5843)
1,1,1kcP_bluesil,-65.76,45,0.701111,0.808699,0.910267,-0.426667,-3.888889,0.6,FALSE,hit_r2_drag (Rｲ=0.9103); hit_r2_cv (Rｲ=0.8087); hit_r2_slope (Rｲ=0.8392)
1,1,1kcP_bluesil,-65.78,45,0.702667,0.938303,0.826989,-0.254444,-2.777778,0.6,FALSE,hit_r2_drag (Rｲ=0.8270); hit_r2_cv (Rｲ=0.9383); hit_r2_slope (Rｲ=0.8922)
1,1,1kcP_bluesil,-65.8,45,0.704889,0.994273,0.964765,-0.127778,1.666667,0.4,FALSE,hit_r2_drag (Rｲ=0.9648); hit_r2_slope (Rｲ=0.9000)
1,1,1kcP_bluesil,-65.82,45,0.706889,0.956693,0.995053,-0.103333,-0.555556,0.4,FALSE,hit_r2_cv (Rｲ=0.9567); hit_r2_slope (Rｲ=0.8283)
1,1,1kcP_bluesil,-65.84,45,0.718667,0.537115,0.797825,-0.196667,24.444444,1,TRUE,hit_2nd_deriv_drag (24.4444); hit_2nd_deriv_cv (14.3173); hit_r2_drag (Rｲ=0.7978); hit_r2_cv (Rｲ=0.5371); hit_r2_slope (Rｲ=0.2192)
1,1,1kcP_bluesil,-65.86,45,0.732889,0.173044,0.864293,-0.371111,6.111111,0.6,FALSE,hit_r2_drag (Rｲ=0.8643); hit_r2_cv (Rｲ=0.1730); hit_r2_slope (Rｲ=0.8270)
1,1,1kcP_bluesil,-65.88,45,0.750444,0.881647,0.941288,-0.585556,8.333333,0.6,FALSE,hit_r2_drag (Rｲ=0.9413); hit_r2_cv (Rｲ=0.8816); hit_r2_slope (Rｲ=0.8783)
1,1,1kcP_bluesil,-65.9,45,0.765333,0.993062,0.99558,-0.743333,-6.666667,0.2,FALSE,hit_r2_slope (Rｲ=0.9000)
1,1,1kcP_bluesil,-65.92,45,0.782,0.949453,0.99915,-0.795556,4.444444,0.4,FALSE,hit_r2_cv (Rｲ=0.9495); hit_r2_slope (Rｲ=0.8638)
1,1,1kcP_bluesil,-65.94,45,0.800444,0.849999,0.998864,-0.833333,4.444444,0.4,FALSE,hit_r2_cv (Rｲ=0.8500); hit_r2_slope (Rｲ=0.8999)
1,1,1kcP_bluesil,-65.96,45,0.817556,0.727296,0.998652,-0.846667,-3.333333,0.4,FALSE,hit_r2_cv (Rｲ=0.7273); hit_r2_slope (Rｲ=0.8681)
1,1,1kcP_bluesil,-65.98,45,0.837111,0.87893,0.999335,-0.895556,6.111111,0.4,FALSE,hit_r2_cv (Rｲ=0.8789); hit_r2_slope (Rｲ=0.7172)
1,1,1kcP_bluesil,-66,45,0.859556,0.85847,0.997361,-0.958889,7.222222,0.4,FALSE,hit_r2_cv (Rｲ=0.8585); hit_r2_slope (Rｲ=0.8734)
1,1,1kcP_bluesil,-66.02,45,0.884889,0.862367,0.994028,-1.054444,7.222222,0.4,FALSE,hit_r2_cv (Rｲ=0.8624); hit_r2_slope (Rｲ=0.8564)
1,1,1kcP_bluesil,-66.04,45,0.921333,0.864166,0.984334,-1.276667,27.777778,0.6,FALSE,hit_2nd_deriv_drag (27.7778); hit_r2_cv (Rｲ=0.8642); hit_r2_slope (Rｲ=0.7925)
1,1,1kcP_bluesil,-66.06,45,0.941778,0.936921,0.992288,-1.355556,-40,0.8,TRUE,hit_2nd_deriv_drag (-40.0000); hit_2nd_deriv_cv (-13.3174); hit_r2_cv (Rｲ=0.9369); hit_r2_slope (Rｲ=0.8685)
1,1,1kcP_bluesil,-66.08,45,0.966444,0.780583,0.992117,-1.353333,10.555556,0.4,FALSE,hit_r2_cv (Rｲ=0.7806); hit_r2_slope (Rｲ=0.7355)
1,1,1kcP_bluesil,-66.1,45,0.993111,0.151441,0.991825,-1.307778,5,0.4,FALSE,hit_r2_cv (Rｲ=0.1514); hit_r2_slope (Rｲ=0.5472)
1,1,1kcP_bluesil,-66.12,45,1.024444,0.773697,0.993895,-1.287778,11.666667,0.4,FALSE,hit_r2_cv (Rｲ=0.7737); hit_r2_slope (Rｲ=0.8819)
1,1,1kcP_bluesil,-66.14,45,1.055778,0.483701,0.997037,-1.43,0,0.4,FALSE,hit_r2_cv (Rｲ=0.4837); hit_r2_slope (Rｲ=0.3502)
1,1,1kcP_bluesil,-66.16,45,1.087556,0.012859,0.998966,-1.524444,1.111111,0.4,FALSE,hit_r2_cv (Rｲ=0.0129); hit_r2_slope (Rｲ=0.8989)
1,1,1kcP_bluesil,-66.18,45,1.126667,0.780411,0.99778,-1.651111,18.333333,0.4,FALSE,hit_r2_cv (Rｲ=0.7804); hit_r2_slope (Rｲ=0.8699)
1,1,1kcP_bluesil,-66.2,45,1.166,0.987052,0.996684,-1.77,0.555556,0.2,FALSE,hit_r2_slope (Rｲ=0.8957)
1,1,1kcP_bluesil,-66.22,45,1.211333,0.984692,0.996329,-1.947778,15,0.2,FALSE,hit_r2_slope (Rｲ=0.8575)
1,1,1kcP_bluesil,-66.24,45,1.260889,0.982778,0.997103,-2.156667,10.555556,0.2,FALSE,hit_r2_slope (Rｲ=0.8822)
1,1,1kcP_bluesil,-66.26,45,1.32,0.981319,0.994047,-2.407778,23.888889,0.6,FALSE,hit_2nd_deriv_drag (23.8889); hit_2nd_deriv_slope (-627.7778); hit_r2_slope (Rｲ=0.8803)
1,1,1kcP_bluesil,-66.28,45,1.370889,0.990882,0.998009,-2.592222,-20.555556,0.4,FALSE,hit_2nd_deriv_drag (-20.5556); hit_r2_slope (Rｲ=0.9000)
1,1,1kcP_bluesil,-66.3,45,1.455333,0.97339,0.989515,-2.99,83.888889,0.8,TRUE,hit_2nd_deriv_drag (83.8889); hit_2nd_deriv_slope (-994.4444); hit_r2_cv (Rｲ=0.9734); hit_r2_slope (Rｲ=0.8047)
1,1,1kcP_bluesil,-66.32,45,1.544444,0.946552,0.985753,-3.512222,11.666667,0.6,FALSE,hit_2nd_deriv_slope (-1305.5556); hit_r2_cv (Rｲ=0.9466); hit_r2_slope (Rｲ=0.8721)
1,1,1kcP_bluesil,-66.34,45,1.644667,0.962068,0.987878,-4.114444,27.777778,0.8,TRUE,hit_2nd_deriv_drag (27.7778); hit_2nd_deriv_slope (-1505.5556); hit_r2_cv (Rｲ=0.9621); hit_r2_slope (Rｲ=0.8837)
1,1,1kcP_bluesil,-66.36,45,1.664444,0.710885,0.970072,-3.882222,-201.111111,1,TRUE,hit_2nd_deriv_drag (-201.1111); hit_2nd_deriv_cv (-37.6695); hit_2nd_deriv_slope (580.5556); hit_r2_drag (Rｲ=0.9701); hit_r2_cv (Rｲ=0.7109); hit_r2_slope (Rｲ=0.4916)
1,1,1kcP_bluesil,-66.38,45,1.618444,0.168127,0.676175,-2.231111,-164.444444,1,TRUE,hit_2nd_deriv_drag (-164.4444); hit_2nd_deriv_cv (-42.3898); hit_2nd_deriv_slope (4127.7778); hit_r2_drag (Rｲ=0.6762); hit_r2_cv (Rｲ=0.1681); hit_r2_slope (Rｲ=0.6265)
1,2,1kcP_siltech,-65.5,43,0.616977,0,0,0,0,0,FALSE,insufficient_data
1,2,1kcP_siltech,-65.52,43,0.663488,0,0,0,0,0,FALSE,insufficient_data
1,2,1kcP_siltech,-65.54,43,0.689535,0,0,0,0,0,FALSE,insufficient_data
1,2,1kcP_siltech,-65.56,43,0.714419,0,0,0,0,0,FALSE,insufficient_data
1,2,1kcP_siltech,-65.58,43,0.735349,0,0,0,0,0,FALSE,insufficient_data
1,2,1kcP_siltech,-65.6,43,0.757442,0,0,0,0,0,FALSE,insufficient_data
1,2,1kcP_siltech,-65.62,43,0.776512,0,0,0,0,0,FALSE,insufficient_data
1,2,1kcP_siltech,-65.64,43,0.79907,0,0.999508,-1.052326,8.72093,0,FALSE,
1,2,1kcP_siltech,-65.66,43,0.820698,0.799917,0.999421,-1.061628,-2.325581,0.2,FALSE,hit_r2_cv (Rｲ=0.7999)
1,2,1kcP_siltech,-65.68,43,0.844884,0.786712,0.99851,-1.095349,6.395349,0.4,FALSE,hit_r2_cv (Rｲ=0.7867); hit_r2_slope (Rｲ=0.7190)
1,2,1kcP_siltech,-65.7,43,0.86907,0.337562,0.999433,-1.154651,0,0.4,FALSE,hit_r2_cv (Rｲ=0.3376); hit_r2_slope (Rｲ=0.8359)
1,2,1kcP_siltech,-65.72,43,0.897209,0.533027,0.997847,-1.223256,9.883721,0.4,FALSE,hit_r2_cv (Rｲ=0.5330); hit_r2_slope (Rｲ=0.8834)
1,2,1kcP_siltech,-65.74,43,0.923488,0.955768,0.999033,-1.289535,-4.651163,0.4,FALSE,hit_r2_cv (Rｲ=0.9558); hit_r2_slope (Rｲ=0.8945)
1,2,1kcP_siltech,-65.76,43,0.953721,0.998804,0.998731,-1.360465,9.883721,0.2,FALSE,hit_r2_slope (Rｲ=0.8890)
1,2,1kcP_siltech,-65.78,43,0.983488,0.99357,0.999337,-1.426744,-1.162791,0.2,FALSE,hit_r2_slope (Rｲ=0.8959)
1,2,1kcP_siltech,-65.8,43,1.018605,0.99473,0.997514,-1.513953,13.372093,0.2,FALSE,hit_r2_slope (Rｲ=0.8718)
1,2,1kcP_siltech,-65.82,43,1.051163,0.99364,0.998999,-1.601163,-6.395349,0.2,FALSE,hit_r2_slope (Rｲ=0.8929)
1,2,1kcP_siltech,-65.84,43,1.091395,0.98268,0.997512,-1.715116,19.186047,0.2,FALSE,hit_r2_slope (Rｲ=0.8725)
1,2,1kcP_siltech,-65.86,43,1.129535,0.99515,0.998561,-1.824419,-5.232558,0.2,FALSE,hit_r2_slope (Rｲ=0.8948)
1,2,1kcP_siltech,-65.88,43,1.177674,0.980658,0.995711,-1.982558,25,0.2,FALSE,hit_r2_slope (Rｲ=0.8615)
1,2,1kcP_siltech,-65.9,43,1.222558,0.988487,0.998052,-2.145349,-8.139535,0.2,FALSE,hit_r2_slope (Rｲ=0.8913)
1,2,1kcP_siltech,-65.92,43,1.27907,0.988606,0.995838,-2.34186,29.069767,0.4,FALSE,hit_2nd_deriv_drag (29.0698); hit_r2_slope (Rｲ=0.8799)
1,2,1kcP_siltech,-65.94,43,1.333953,0.998675,0.997829,-2.551163,-4.069767,0.2,FALSE,hit_r2_slope (Rｲ=0.8893)
1,2,1kcP_siltech,-65.96,43,1.404419,0.99159,0.994078,-2.824419,38.953488,0.6,FALSE,hit_2nd_deriv_drag (38.9535); hit_2nd_deriv_slope (-683.1395); hit_r2_slope (Rｲ=0.8726)
1,2,1kcP_siltech,-65.98,43,1.476279,0.98652,0.995823,-3.163953,3.488372,0.4,FALSE,hit_2nd_deriv_slope (-848.8372); hit_r2_slope (Rｲ=0.8774)
1,2,1kcP_siltech,-66,43,1.646047,0.782192,0.942672,-4.381395,244.767442,1,TRUE,hit_2nd_deriv_drag (244.7674); hit_2nd_deriv_cv (45.7163); hit_2nd_deriv_slope (-3043.6047); hit_r2_drag (Rｲ=0.9427); hit_r2_cv (Rｲ=0.7822); hit_r2_slope (Rｲ=0.7207)
1,2,1kcP_siltech,-66.02,43,1.655581,0.833087,0.946223,-4.424419,-400.581395,1,TRUE,hit_2nd_deriv_drag (-400.5814); hit_2nd_deriv_cv (-66.0701); hit_r2_drag (Rｲ=0.9462); hit_r2_cv (Rｲ=0.8331); hit_r2_slope (Rｲ=0.7670)
1,2,1kcP_siltech,-66.04,43,1.649767,0.136199,0.807276,-3.35,-38.372093,1,TRUE,hit_2nd_deriv_drag (-38.3721); hit_2nd_deriv_cv (-36.1272); hit_2nd_deriv_slope (2686.0465); hit_r2_drag (Rｲ=0.8073); hit_r2_cv (Rｲ=0.1362); hit_r2_slope (Rｲ=0.4590)
1,3,2kcP_sdl5,-65.5,15,1.661333,0,0,0,0,0,FALSE,insufficient_data
1,3,2kcP_sdl5,-65.52,15,1.892667,0,0,0,0,0,FALSE,insufficient_data
1,3,2kcP_sdl5,-65.54,15,1.982,0,0,0,0,0,FALSE,insufficient_data
1,3,2kcP_sdl5,-65.56,15,2.072667,0,0,0,0,0,FALSE,insufficient_data
1,3,2kcP_sdl5,-65.58,15,2.144,0,0,0,0,0,FALSE,insufficient_data
1,3,2kcP_sdl5,-65.6,15,2.220667,0,0,0,0,0,FALSE,insufficient_data
1,3,2kcP_sdl5,-65.62,15,2.289333,0,0,0,0,0,FALSE,insufficient_data
1,3,2kcP_sdl5,-65.64,15,2.372667,0,0.999181,-3.726667,36.666667,0,FALSE,
1,3,2kcP_sdl5,-65.66,15,2.444667,0.709761,0.999349,-3.766667,-28.333333,0.2,FALSE,hit_r2_cv (Rｲ=0.7098)
1,3,2kcP_sdl5,-65.68,15,2.528667,0.834501,0.998956,-3.856667,30,0.4,FALSE,hit_r2_cv (Rｲ=0.8345); hit_r2_slope (Rｲ=0.7979)
1,3,2kcP_sdl5,-65.7,15,2.609333,0.774128,0.999512,-3.98,-8.333333,0.4,FALSE,hit_r2_cv (Rｲ=0.7741); hit_r2_slope (Rｲ=0.8676)
1,3,2kcP_sdl5,-65.72,15,2.705333,0.46872,0.997681,-4.15,38.333333,0.4,FALSE,hit_r2_cv (Rｲ=0.4687); hit_r2_slope (Rｲ=0.8669)
1,3,2kcP_sdl5,-65.74,15,2.792,0.353786,0.999198,-4.356667,-23.333333,0.4,FALSE,hit_r2_cv (Rｲ=0.3538); hit_r2_slope (Rｲ=0.8793)
1,3,2kcP_sdl5,-65.76,15,2.903333,0.817448,0.997118,-4.66,61.666667,0.4,FALSE,hit_r2_cv (Rｲ=0.8174); hit_r2_slope (Rｲ=0.8598)
1,3,2kcP_sdl5,-65.78,15,3.006,0.948952,0.998294,-4.956667,-21.666667,0.4,FALSE,hit_r2_cv (Rｲ=0.9490); hit_r2_slope (Rｲ=0.8939)
1,3,2kcP_sdl5,-65.8,15,3.131333,0.981542,0.996519,-5.33,56.666667,0.2,FALSE,hit_r2_slope (Rｲ=0.8762)
1,3,2kcP_sdl5,-65.82,15,3.254667,0.991651,0.998463,-5.766667,-5,0.2,FALSE,hit_r2_slope (Rｲ=0.8826)
1,3,2kcP_sdl5,-65.84,15,3.409333,0.981683,0.995,-6.303333,78.333333,0.2,FALSE,hit_r2_slope (Rｲ=0.8784)
1,3,2kcP_sdl5,-65.86,15,3.793333,0.689684,0.92647,-9.263333,573.333333,1,TRUE,hit_2nd_deriv_drag (573.3333); hit_2nd_deriv_cv (55.7571); hit_2nd_deriv_slope (-7400.0000); hit_r2_drag (Rｲ=0.9265); hit_r2_cv (Rｲ=0.6897); hit_r2_slope (Rｲ=0.6573)
1,3,2kcP_sdl5,-65.88,15,3.847333,0.832069,0.946764,-9.853333,-825,1,TRUE,hit_2nd_deriv_drag (-825.0000); hit_2nd_deriv_cv (-62.4802); hit_r2_drag (Rｲ=0.9468); hit_r2_cv (Rｲ=0.8321); hit_r2_slope (Rｲ=0.8303)
1,3,2kcP_sdl5,-65.9,15,3.741333,0.301643,0.727721,-7.056667,-400,1,TRUE,hit_2nd_deriv_drag (-400.0000); hit_2nd_deriv_cv (-43.5716); hit_2nd_deriv_slope (6991.6667); hit_r2_drag (Rｲ=0.7277); hit_r2_cv (Rｲ=0.3016); hit_r2_slope (Rｲ=0.2730)
1,4,4kcP,-65.5,8,3.85125,0,0,0,0,0,FALSE,insufficient_data
1,4,4kcP,-65.52,8,3.94375,0,0,0,0,0,FALSE,insufficient_data
1,4,4kcP,-65.54,8,4.0275,0,0,0,0,0,FALSE,insufficient_data
1,4,4kcP,-65.56,8,4.1225,0,0,0,0,0,FALSE,insufficient_data
1,4,4kcP,-65.58,8,4.21125,0,0,0,0,0,FALSE,insufficient_data
1,4,4kcP,-65.6,8,4.30625,0,0,0,0,0,FALSE,insufficient_data
1,4,4kcP,-65.62,8,4.40125,0,0,0,0,0,FALSE,insufficient_data
1,4,4kcP,-65.64,8,4.51375,0,0.998081,-4.8625,43.75,0,FALSE,
1,4,4kcP,-65.66,8,4.61875,0.61689,0.99874,-5.1125,-18.75,0.2,FALSE,hit_r2_cv (R�=0.6169)
1,4,4kcP,-65.68,8,4.745,0.899412,0.997847,-5.475,53.125,0.4,FALSE,hit_r2_cv (R�=0.8994); hit_r2_slope (R�=0.8612)
1,4,4kcP,-65.7,8,4.8625,0.982264,0.999105,-5.76875,-21.875,0.2,FALSE,hit_r2_slope (R�=0.8995)
1,4,4kcP,-65.72,8,5.0025,0.994342,0.997848,-6.10625,56.25,0.2,FALSE,hit_r2_slope (R�=0.8840)
1,4,4kcP,-65.74,8,5.1325,0.991467,0.999259,-6.425,-25,0.2,FALSE,hit_r2_slope (R�=0.8955)
1,4,4kcP,-65.76,8,5.29625,0.992237,0.996921,-6.8625,84.375,0.2,FALSE,hit_r2_slope (R�=0.8674)
1,4,4kcP,-65.78,8,5.44875,0.990022,0.998332,-7.33125,-28.125,0.2,FALSE,hit_r2_slope (R�=0.8889)
1,4,4kcP,-65.8,8,5.63625,0.983876,0.996472,-7.91875,87.5,0.2,FALSE,hit_r2_slope (R�=0.8766)
1,4,4kcP,-65.82,8,5.8125,0.996781,0.998689,-8.5,-28.125,0.2,FALSE,hit_r2_slope (R�=0.8934)
1,4,4kcP,-65.84,8,6.03,0.99817,0.996581,-9.15625,103.125,0.2,FALSE,hit_r2_slope (R�=0.8853)
1,4,4kcP,-65.86,8,6.23,0.998125,0.99871,-9.78125,-43.75,0.2,FALSE,hit_r2_slope (R�=0.8951)
1,4,4kcP,-65.88,8,6.48,0.9989,0.996755,-10.525,125,0.2,FALSE,hit_r2_slope (R�=0.8811)
1,4,4kcP,-65.9,8,6.745,0.98341,0.996731,-11.575,37.5,0.2,FALSE,hit_r2_slope (R�=0.8643)
1,4,4kcP,-65.92,8,7.05,0.974067,0.994398,-12.775,100,0.4,FALSE,hit_r2_cv (R�=0.9741); hit_r2_slope (R�=0.8844)
1,4,4kcP,-65.94,8,7.38625,0.97787,0.996082,-14.4125,78.125,0.4,FALSE,hit_2nd_deriv_slope (-4093.7500); hit_r2_slope (R�=0.8680)
1,4,4kcP,-65.96,8,8.0875,0.830909,0.954689,-19.28125,912.5,1,TRUE,hit_2nd_deriv_drag (912.5000); hit_2nd_deriv_cv (33.0850); hit_2nd_deriv_slope (-12171.8750); hit_r2_drag (R�=0.9547); hit_r2_cv (R�=0.8309); hit_r2_slope (R�=0.7515)
1,4,4kcP,-65.98,8,8.375,0.916483,0.976079,-21.4875,-1034.375,1,TRUE,hit_2nd_deriv_drag (-1034.3750); hit_2nd_deriv_cv (-35.4098); hit_2nd_deriv_slope (-5515.6250); hit_r2_cv (R�=0.9165); hit_r2_slope (R�=0.8837)
1,4,4kcP,-66,8,7.7725,0.198048,0.525982,-12.16875,-2225,1,TRUE,hit_2nd_deriv_drag (-2225.0000); hit_2nd_deriv_cv (-59.9768); hit_2nd_deriv_slope (23296.8750); hit_r2_drag (R�=0.5260); hit_r2_cv (R�=0.1980); hit_r2_slope (R�=0.2454)
1,5,5kcP_bluesil,-65.5,9,1.836667,0,0,0,0,0,FALSE,insufficient_data
1,5,5kcP_bluesil,-65.52,9,2.505556,0,0,0,0,0,FALSE,insufficient_data
1,5,5kcP_bluesil,-65.54,9,2.931111,0,0,0,0,0,FALSE,insufficient_data
1,5,5kcP_bluesil,-65.56,9,3.171111,0,0,0,0,0,FALSE,insufficient_data
1,5,5kcP_bluesil,-65.58,9,3.311111,0,0,0,0,0,FALSE,insufficient_data
1,5,5kcP_bluesil,-65.6,9,3.462222,0,0,0,0,0,FALSE,insufficient_data
1,5,5kcP_bluesil,-65.62,9,3.568889,0,0,0,0,0,FALSE,insufficient_data
1,5,5kcP_bluesil,-65.64,9,3.697778,0,0.99685,-6.555556,55.555556,0,FALSE,
1,5,5kcP_bluesil,-65.66,9,3.811111,0.819749,0.99711,-6.177778,-38.888889,0.2,FALSE,hit_r2_cv (Rｲ=0.8197)
1,5,5kcP_bluesil,-65.68,9,3.926667,0.796743,0.999385,-5.855556,5.555556,0.4,FALSE,hit_r2_cv (Rｲ=0.7967); hit_r2_slope (Rｲ=0.8986)
1,5,5kcP_bluesil,-65.7,9,4.052222,0.839062,0.999523,-5.977778,25,0.4,FALSE,hit_r2_cv (Rｲ=0.8391); hit_r2_slope (Rｲ=0.4966)
1,5,5kcP_bluesil,-65.72,9,4.186667,0.839619,0.998653,-6.094444,22.222222,0.4,FALSE,hit_r2_cv (Rｲ=0.8396); hit_r2_slope (Rｲ=0.8950)
1,5,5kcP_bluesil,-65.74,9,4.322222,0.53871,0.998911,-6.411111,2.777778,0.4,FALSE,hit_r2_cv (Rｲ=0.5387); hit_r2_slope (Rｲ=0.7667)
1,5,5kcP_bluesil,-65.76,9,4.467778,0.202718,0.999318,-6.761111,25,0.4,FALSE,hit_r2_cv (Rｲ=0.2027); hit_r2_slope (Rｲ=0.8868)
1,5,5kcP_bluesil,-65.78,9,4.611111,0.759551,0.99968,-6.994444,-5.555556,0.4,FALSE,hit_r2_cv (Rｲ=0.7596); hit_r2_slope (Rｲ=0.8989)
1,5,5kcP_bluesil,-65.8,9,4.798889,0.907712,0.996022,-7.566667,111.111111,0.4,FALSE,hit_r2_cv (Rｲ=0.9077); hit_r2_slope (Rｲ=0.7837)
1,5,5kcP_bluesil,-65.82,9,4.962222,0.921368,0.997321,-8.055556,-61.111111,0.4,FALSE,hit_r2_cv (Rｲ=0.9214); hit_r2_slope (Rｲ=0.8986)
1,5,5kcP_bluesil,-65.84,9,5.177778,0.925807,0.995755,-8.855556,130.555556,0.4,FALSE,hit_r2_cv (Rｲ=0.9258); hit_r2_slope (Rｲ=0.8459)
1,5,5kcP_bluesil,-65.86,9,5.367778,0.987959,0.99841,-9.461111,-63.888889,0.2,FALSE,hit_r2_slope (Rｲ=0.9000)
1,5,5kcP_bluesil,-65.88,9,5.63,0.98624,0.993958,-10.338889,180.555556,0.4,FALSE,hit_2nd_deriv_drag (180.5556); hit_r2_slope (Rｲ=0.8612)
1,5,5kcP_bluesil,-65.9,9,5.875556,0.987885,0.996633,-11.394444,-41.666667,0.2,FALSE,hit_r2_slope (Rｲ=0.8803)
1,5,5kcP_bluesil,-65.92,9,6.7,0.667115,0.897335,-17.761111,1447.222222,1,TRUE,hit_2nd_deriv_drag (1447.2222); hit_2nd_deriv_slope (-15916.6667); hit_r2_drag (Rｲ=0.8973); hit_r2_cv (Rｲ=0.6671); hit_r2_slope (Rｲ=0.6459)
1,5,5kcP_bluesil,-65.94,9,6.684444,0.814466,0.915982,-18.516667,-2100,0.8,TRUE,hit_2nd_deriv_drag (-2100.0000); hit_r2_drag (Rｲ=0.9160); hit_r2_cv (Rｲ=0.8145); hit_r2_slope (Rｲ=0.8024)
1,5,5kcP_bluesil,-65.96,9,6.524444,0.309825,0.684592,-12.988889,-361.111111,1,TRUE,hit_2nd_deriv_drag (-361.1111); hit_2nd_deriv_slope (13819.4444); hit_r2_drag (Rｲ=0.6846); hit_r2_cv (Rｲ=0.3098); hit_r2_slope (Rｲ=0.3545)
1,6,8kcP,-65.5,5.6,4.696429,0,0,0,0,0,FALSE,insufficient_data
1,6,8kcP,-65.52,5.6,4.803571,0,0,0,0,0,FALSE,insufficient_data
1,6,8kcP,-65.54,5.6,4.892857,0,0,0,0,0,FALSE,insufficient_data
1,6,8kcP,-65.56,5.6,4.985714,0,0,0,0,0,FALSE,insufficient_data
1,6,8kcP,-65.58,5.6,5.076786,0,0,0,0,0,FALSE,insufficient_data
1,6,8kcP,-65.6,5.6,5.183929,0,0,0,0,0,FALSE,insufficient_data
1,6,8kcP,-65.62,5.6,5.289286,0,0,0,0,0,FALSE,insufficient_data
1,6,8kcP,-65.64,5.6,5.408929,0,0.997903,-5.294643,35.714286,0,FALSE,
1,6,8kcP,-65.66,5.6,5.519643,0.827342,0.999514,-5.553571,-22.321429,0.2,FALSE,hit_r2_cv (R�=0.8273)
1,6,8kcP,-65.68,5.6,5.648214,0.985508,0.998978,-5.794643,44.642857,0.2,FALSE,hit_r2_slope (R�=0.8960)
1,6,8kcP,-65.7,5.6,5.767857,0.943738,0.999555,-5.982143,-22.321429,0.4,FALSE,hit_r2_cv (R�=0.9437); hit_r2_slope (R�=0.8999)
1,6,8kcP,-65.72,5.6,5.914286,0.981578,0.997842,-6.294643,66.964286,0.2,FALSE,hit_r2_slope (R�=0.8435)
1,6,8kcP,-65.74,5.6,6.060714,0.931685,0.998118,-6.741071,0,0.4,FALSE,hit_r2_cv (R�=0.9317); hit_r2_slope (R�=0.8629)
1,6,8kcP,-65.76,5.6,6.217857,0.955323,0.997822,-7.160714,26.785714,0.4,FALSE,hit_r2_cv (R�=0.9553); hit_r2_slope (R�=0.8957)
1,6,8kcP,-65.78,5.6,6.378571,0.996041,0.999501,-7.625,8.928571,0.2,FALSE,hit_r2_slope (R�=0.8867)
1,6,8kcP,-65.8,5.6,6.5625,0.998284,0.998212,-8.071429,58.035714,0.2,FALSE,hit_r2_slope (R�=0.8947)
1,6,8kcP,-65.82,5.6,6.730357,0.984333,0.999188,-8.419643,-40.178571,0.2,FALSE,hit_r2_slope (R�=0.8999)
1,6,8kcP,-65.84,5.6,6.944643,0.983413,0.997569,-9.026786,116.071429,0.2,FALSE,hit_r2_slope (R�=0.8372)
1,6,8kcP,-65.86,5.6,7.126786,0.974488,0.998751,-9.392857,-80.357143,0.4,FALSE,hit_r2_cv (R�=0.9745); hit_r2_slope (R�=0.8965)
1,6,8kcP,-65.88,5.6,7.369643,0.970198,0.99647,-10.053571,151.785714,0.4,FALSE,hit_r2_cv (R�=0.9702); hit_r2_slope (R�=0.8322)
1,6,8kcP,-65.9,5.6,7.576786,0.978809,0.998515,-10.589286,-89.285714,0.2,FALSE,hit_r2_slope (R�=0.8995)
1,6,8kcP,-65.92,5.6,7.835714,0.979936,0.997032,-11.160714,129.464286,0.2,FALSE,hit_r2_slope (R�=0.8892)
1,6,8kcP,-65.94,5.6,8.098214,0.980433,0.998263,-12.044643,8.928571,0.2,FALSE,hit_r2_slope (R�=0.8533)
1,6,8kcP,-65.96,5.6,8.396429,0.975092,0.996122,-12.875,89.285714,0.2,FALSE,hit_r2_slope (R�=0.8957)
1,6,8kcP,-65.98,5.6,8.694643,0.984708,0.998723,-13.982143,0,0.2,FALSE,hit_r2_slope (R�=0.8705)
1,6,8kcP,-66,5.6,9.053571,0.995323,0.996907,-15.160714,151.785714,0.2,FALSE,hit_r2_slope (R�=0.8893)
1,6,8kcP,-66.02,5.6,9.405357,0.996586,0.997898,-16.357143,-17.857143,0.2,FALSE,hit_r2_slope (R�=0.8921)
1,6,8kcP,-66.04,5.6,9.878571,0.975749,0.993149,-18.375,303.571429,0.8,TRUE,hit_2nd_deriv_drag (303.5714); hit_2nd_deriv_cv (5.8124); hit_2nd_deriv_slope (-5044.6429); hit_r2_slope (R�=0.8418)
1,6,8kcP,-66.06,5.6,10.855357,0.752058,0.943515,-25.732143,1258.928571,1,TRUE,hit_2nd_deriv_drag (1258.9286); hit_2nd_deriv_cv (41.2217); hit_2nd_deriv_slope (-18392.8571); hit_r2_drag (R�=0.9435); hit_r2_cv (R�=0.7521); hit_r2_slope (R�=0.7181)
1,6,8kcP,-66.08,5.6,11.210714,0.885575,0.96901,-28.821429,-1553.571429,1,TRUE,hit_2nd_deriv_drag (-1553.5714); hit_2nd_deriv_cv (-42.2971); hit_2nd_deriv_slope (-7723.2143); hit_r2_drag (R�=0.9690); hit_r2_cv (R�=0.8856); hit_r2_slope (R�=0.8792)
2,7,10kcP_siltech,-65.5,4.2,4.795238,0,0,0,0,0,FALSE,insufficient_data
2,7,10kcP_siltech,-65.52,4.2,5.3,0,0,0,0,0,FALSE,insufficient_data
2,7,10kcP_siltech,-65.54,4.2,5.480952,0,0,0,0,0,FALSE,insufficient_data
2,7,10kcP_siltech,-65.56,4.2,5.671429,0,0,0,0,0,FALSE,insufficient_data
2,7,10kcP_siltech,-65.58,4.2,5.835714,0,0,0,0,0,FALSE,insufficient_data
2,7,10kcP_siltech,-65.6,4.2,6.019048,0,0,0,0,0,FALSE,insufficient_data
2,7,10kcP_siltech,-65.62,4.2,6.17619,0,0,0,0,0,FALSE,insufficient_data
2,7,10kcP_siltech,-65.64,4.2,6.352381,0,0.999595,-8.511905,47.619048,0,FALSE,
2,7,10kcP_siltech,-65.66,4.2,6.514286,0.696013,0.9995,-8.452381,-35.714286,0.2,FALSE,hit_r2_cv (Rｲ=0.6960)
2,7,10kcP_siltech,-65.68,4.2,6.692857,0.969492,0.999585,-8.428571,41.666667,0.4,FALSE,hit_r2_cv (Rｲ=0.9695); hit_r2_slope (Rｲ=0.8762)
2,7,10kcP_siltech,-65.7,4.2,6.859524,0.952215,0.999823,-8.535714,-29.761905,0.4,FALSE,hit_r2_cv (Rｲ=0.9522); hit_r2_slope (Rｲ=0.2609)
2,7,10kcP_siltech,-65.72,4.2,7.061905,0.824617,0.998525,-8.821429,89.285714,0.4,FALSE,hit_r2_cv (Rｲ=0.8246); hit_r2_slope (Rｲ=0.7697)
2,7,10kcP_siltech,-65.74,4.2,7.230952,0.640936,0.9992,-9.011905,-83.333333,0.6,FALSE,hit_2nd_deriv_cv (-1.0820); hit_r2_cv (Rｲ=0.6409); hit_r2_slope (Rｲ=0.8989)
2,7,10kcP_siltech,-65.76,4.2,7.438095,0.073421,0.99872,-9.309524,95.238095,0.4,FALSE,hit_r2_cv (Rｲ=0.0734); hit_r2_slope (Rｲ=0.8520)
2,7,10kcP_siltech,-65.78,4.2,7.62619,0.456196,0.999279,-9.547619,-47.619048,0.4,FALSE,hit_r2_cv (Rｲ=0.4562); hit_r2_slope (Rｲ=0.8997)
2,7,10kcP_siltech,-65.8,4.2,7.847619,0.373806,0.998198,-9.833333,83.333333,0.4,FALSE,hit_r2_cv (Rｲ=0.3738); hit_r2_slope (Rｲ=0.8804)
2,7,10kcP_siltech,-65.82,4.2,8.069048,0.654273,0.999047,-10.428571,0,0.4,FALSE,hit_r2_cv (Rｲ=0.6543); hit_r2_slope (Rｲ=0.8103)
2,7,10kcP_siltech,-65.84,4.2,8.304762,0.821932,0.998489,-10.880952,35.714286,0.6,FALSE,hit_2nd_deriv_cv (-1.5443); hit_r2_cv (Rｲ=0.8219); hit_r2_slope (Rｲ=0.9000)
2,7,10kcP_siltech,-65.86,4.2,8.545238,0.959261,0.999608,-11.47619,11.904762,0.4,FALSE,hit_r2_cv (Rｲ=0.9593); hit_r2_slope (Rｲ=0.8718)
2,7,10kcP_siltech,-65.88,4.2,8.82381,0.990155,0.998146,-12.142857,95.238095,0.2,FALSE,hit_r2_slope (Rｲ=0.8859)
2,7,10kcP_siltech,-65.9,4.2,9.085714,0.990541,0.998863,-12.761905,-41.666667,0.2,FALSE,hit_r2_slope (Rｲ=0.8961)
2,7,10kcP_siltech,-65.92,4.2,9.409524,0.978236,0.99747,-13.75,154.761905,0.4,FALSE,hit_2nd_deriv_slope (-2470.2381); hit_r2_slope (Rｲ=0.8493)
2,7,10kcP_siltech,-65.94,4.2,9.709524,0.984593,0.998619,-14.571429,-59.52381,0.6,FALSE,hit_2nd_deriv_cv (-1.8729); hit_2nd_deriv_slope (-2053.5714); hit_r2_slope (Rｲ=0.8991)
2,7,10kcP_siltech,-65.96,4.2,10.083333,0.984459,0.996618,-15.714286,184.52381,0.4,FALSE,hit_2nd_deriv_slope (-2857.1429); hit_r2_slope (Rｲ=0.8659)
2,7,10kcP_siltech,-65.98,4.2,10.433333,0.995181,0.99852,-16.845238,-59.52381,0.4,FALSE,hit_2nd_deriv_slope (-2827.3810); hit_r2_slope (Rｲ=0.8934)
2,7,10kcP_siltech,-66,4.2,10.857143,0.994635,0.996862,-18.095238,184.52381,0.4,FALSE,hit_2nd_deriv_slope (-3125.0000); hit_r2_slope (Rｲ=0.8868)
2,7,10kcP_siltech,-66.02,4.2,11.288095,0.996558,0.998057,-19.654762,17.857143,0.4,FALSE,hit_2nd_deriv_slope (-3898.8095); hit_r2_slope (Rｲ=0.8770)
2,7,10kcP_siltech,-66.04,4.2,11.795238,0.991608,0.995842,-21.392857,190.47619,0.4,FALSE,hit_2nd_deriv_slope (-4345.2381); hit_r2_slope (Rｲ=0.8862)
2,7,10kcP_siltech,-66.06,4.2,12.328571,0.987604,0.997117,-23.642857,65.47619,0.4,FALSE,hit_2nd_deriv_slope (-5625.0000); hit_r2_slope (Rｲ=0.8735)
2,7,10kcP_siltech,-66.08,4.2,12.964286,0.98871,0.995007,-26.27381,255.952381,0.4,FALSE,hit_2nd_deriv_slope (-6577.3810); hit_r2_slope (Rｲ=0.8826)
2,7,10kcP_siltech,-66.1,4.2,13.614286,0.994848,0.996718,-29.107143,35.714286,0.4,FALSE,hit_2nd_deriv_slope (-7083.3333); hit_r2_slope (Rｲ=0.8886)
2,7,10kcP_siltech,-66.12,4.2,14.795238,0.893072,0.973217,-36.428571,1327.380952,1,TRUE,hit_2nd_deriv_drag (1327.3810); hit_2nd_deriv_cv (23.9815); hit_2nd_deriv_slope (-18303.5714); hit_r2_drag (Rｲ=0.9732); hit_r2_cv (Rｲ=0.8931); hit_r2_slope (Rｲ=0.7750)
2,7,10kcP_siltech,-66.14,4.2,15.8,0.933534,0.982131,-43.869048,-440.47619,1,TRUE,hit_2nd_deriv_drag (-440.4762); hit_2nd_deriv_cv (-7.1938); hit_2nd_deriv_slope (-18601.1905); hit_r2_cv (Rｲ=0.9335); hit_r2_slope (Rｲ=0.8920)
2,7,10kcP_siltech,-66.16,4.2,16.209524,0.820274,0.979332,-43.380952,-1488.095238,0.8,TRUE,hit_2nd_deriv_drag (-1488.0952); hit_2nd_deriv_cv (-39.8328); hit_r2_cv (Rｲ=0.8203); hit_r2_slope (Rｲ=0.7151)
2,8,12.5kcP,-65.5,3.5,8.517143,0,0,0,0,0,FALSE,insufficient_data
2,8,12.5kcP,-65.52,3.5,8.668571,0,0,0,0,0,FALSE,insufficient_data
2,8,12.5kcP,-65.54,3.5,8.794286,0,0,0,0,0,FALSE,insufficient_data
2,8,12.5kcP,-65.56,3.5,8.96,0,0,0,0,0,FALSE,insufficient_data
2,8,12.5kcP,-65.58,3.5,9.117143,0,0,0,0,0,FALSE,insufficient_data
2,8,12.5kcP,-65.6,3.5,9.311429,0,0,0,0,0,FALSE,insufficient_data
2,8,12.5kcP,-65.62,3.5,9.488571,0,0,0,0,0,FALSE,insufficient_data
2,8,12.5kcP,-65.64,3.5,9.717143,0,0.996176,-9.428571,128.571429,0,FALSE,
2,8,12.5kcP,-65.66,3.5,9.94,0.997491,0.997438,-10.257143,-14.285714,0,FALSE,
2,8,12.5kcP,-65.68,3.5,10.202857,0.997325,0.99576,-11.171429,100,0.2,FALSE,hit_r2_slope (R�=0.8869)
2,8,12.5kcP,-65.7,3.5,10.448571,0.999109,0.999036,-12.028571,-42.857143,0.2,FALSE,hit_r2_slope (R�=0.8958)
2,8,12.5kcP,-65.72,3.5,10.751429,0.997449,0.997396,-12.885714,142.857143,0.2,FALSE,hit_r2_slope (R�=0.8929)
2,8,12.5kcP,-65.74,3.5,11.04,0.99527,0.998485,-13.742857,-35.714286,0.2,FALSE,hit_r2_slope (R�=0.8929)
2,8,12.5kcP,-65.76,3.5,11.374286,0.999031,0.997504,-14.671429,114.285714,0.2,FALSE,hit_r2_slope (R�=0.8882)
2,8,12.5kcP,-65.78,3.5,11.697143,0.999148,0.999259,-15.6,-28.571429,0.2,FALSE,hit_r2_slope (R�=0.8929)
2,8,12.5kcP,-65.8,3.5,12.082857,0.999647,0.997588,-16.6,157.142857,0.2,FALSE,hit_r2_slope (R�=0.8886)
2,8,12.5kcP,-65.82,3.5,12.465714,0.998107,0.998333,-17.8,-7.142857,0.2,FALSE,hit_r2_slope (R�=0.8804)
2,8,12.5kcP,-65.84,3.5,12.914286,0.989926,0.996856,-19.242857,164.285714,0.2,FALSE,hit_r2_slope (R�=0.8803)
2,8,12.5kcP,-65.86,3.5,13.374286,0.988756,0.997997,-20.928571,28.571429,0.2,FALSE,hit_r2_slope (R�=0.8826)
2,8,12.5kcP,-65.88,3.5,13.908571,0.994138,0.996521,-22.8,185.714286,0.2,FALSE,hit_r2_slope (R�=0.8865)
2,8,12.5kcP,-65.9,3.5,14.465714,0.99699,0.997494,-24.971429,57.142857,0.2,FALSE,hit_r2_slope (R�=0.8832)
2,8,12.5kcP,-65.92,3.5,15.117143,0.996552,0.99604,-27.485714,235.714286,0.2,FALSE,hit_r2_slope (R�=0.8834)
2,8,12.5kcP,-65.94,3.5,15.805714,0.996567,0.996796,-30.357143,92.857143,0.2,FALSE,hit_r2_slope (R�=0.8844)
2,8,12.5kcP,-65.96,3.5,16.691429,0.982095,0.992474,-34.528571,492.857143,0.6,FALSE,hit_2nd_deriv_drag (492.8571); hit_2nd_deriv_cv (4.9426); hit_r2_slope (R�=0.8610)
2,8,12.5kcP,-65.98,3.5,19.182857,0.714646,0.900301,-55.042857,4014.285714,1,TRUE,hit_2nd_deriv_drag (4014.2857); hit_2nd_deriv_cv (77.7970); hit_2nd_deriv_slope (-51285.7143); hit_r2_drag (R�=0.9003); hit_r2_cv (R�=0.7146); hit_r2_slope (R�=0.6730)
2,8,12.5kcP,-66,3.5,18.24,0.730097,0.814499,-48.114286,-8585.714286,1,TRUE,hit_2nd_deriv_drag (-8585.7143); hit_2nd_deriv_cv (-121.8642); hit_2nd_deriv_slope (17321.4286); hit_r2_drag (R�=0.8145); hit_r2_cv (R�=0.7301); hit_r2_slope (R�=0.5292)
2,8,12.5kcP,-66.02,3.5,20.04,0.507392,0.826191,-50.085714,6857.142857,1,TRUE,hit_2nd_deriv_drag (6857.1429); hit_2nd_deriv_cv (25.6418); hit_r2_drag (R�=0.8262); hit_r2_cv (R�=0.5074); hit_r2_slope (R�=0.5698)
2,9,15kcP_sdl5,-65.5,2.6,11.115385,0,0,0,0,0,FALSE,insufficient_data
2,9,15kcP_sdl5,-65.52,2.6,11.669231,0,0,0,0,0,FALSE,insufficient_data
2,9,15kcP_sdl5,-65.54,2.6,12.146154,0,0,0,0,0,FALSE,insufficient_data
2,9,15kcP_sdl5,-65.56,2.6,12.619231,0,0,0,0,0,FALSE,insufficient_data
2,9,15kcP_sdl5,-65.58,2.6,13.030769,0,0,0,0,0,FALSE,insufficient_data
2,9,15kcP_sdl5,-65.6,2.6,13.488462,0,0,0,0,0,FALSE,insufficient_data
2,9,15kcP_sdl5,-65.62,2.6,13.965385,0,0,0,0,0,FALSE,insufficient_data
2,9,15kcP_sdl5,-65.64,2.6,14.469231,0,0.998595,-23.173077,67.307692,0,FALSE,
2,9,15kcP_sdl5,-65.66,2.6,14.934615,0.73855,0.999766,-23.942308,-96.153846,0.2,FALSE,hit_r2_cv (Rｲ=0.7385)
2,9,15kcP_sdl5,-65.68,2.6,15.446154,0.798954,0.999821,-24.423077,115.384615,0.4,FALSE,hit_r2_cv (Rｲ=0.7990); hit_r2_slope (Rｲ=0.8975)
2,9,15kcP_sdl5,-65.7,2.6,15.938462,0.859802,0.999836,-24.615385,-48.076923,0.4,FALSE,hit_r2_cv (Rｲ=0.8598); hit_r2_slope (Rｲ=0.8762)
2,9,15kcP_sdl5,-65.72,2.6,16.534615,0.80927,0.998094,-25.673077,259.615385,0.4,FALSE,hit_r2_cv (Rｲ=0.8093); hit_r2_slope (Rｲ=0.6577)
2,9,15kcP_sdl5,-65.74,2.6,17.088462,0.21606,0.998756,-26.980769,-105.769231,0.4,FALSE,hit_r2_cv (Rｲ=0.2161); hit_r2_slope (Rｲ=0.8778)
2,9,15kcP_sdl5,-65.76,2.6,17.684615,0.223153,0.999024,-28.134615,105.769231,0.4,FALSE,hit_r2_cv (Rｲ=0.2232); hit_r2_slope (Rｲ=0.8978)
2,9,15kcP_sdl5,-65.78,2.6,18.211538,0.332934,0.999605,-28.480769,-173.076923,0.4,FALSE,hit_r2_cv (Rｲ=0.3329); hit_r2_slope (Rｲ=0.8571)
2,9,15kcP_sdl5,-65.8,2.6,18.623077,0.440322,0.995926,-26.5,-288.461538,0.4,FALSE,hit_r2_cv (Rｲ=0.4403); hit_r2_slope (Rｲ=0.3125)
2,9,15kcP_sdl5,-65.82,2.6,18.834615,0.779789,0.971483,-22.153846,-500,0.8,TRUE,hit_2nd_deriv_slope (10865.3846); hit_r2_drag (Rｲ=0.9715); hit_r2_cv (Rｲ=0.7798); hit_r2_slope (Rｲ=0.8020)
2,9,15kcP_sdl5,-65.84,2.6,19.030769,0.922194,0.952303,-16.576923,-38.461538,0.8,TRUE,hit_2nd_deriv_slope (13942.3077); hit_r2_drag (Rｲ=0.9523); hit_r2_cv (Rｲ=0.9222); hit_r2_slope (Rｲ=0.8743)
2,9,15kcP_sdl5,-65.86,2.6,19.146154,0.986804,0.947559,-11.384615,-201.923077,0.6,FALSE,hit_2nd_deriv_slope (12980.7692); hit_r2_drag (Rｲ=0.9476); hit_r2_slope (Rｲ=0.8960)
2,9,15kcP_sdl5,-65.88,2.6,19.334615,0.990204,0.991368,-8.673077,182.692308,0.2,FALSE,hit_r2_slope (Rｲ=0.8910)
2,9,15kcP_sdl5,-65.9,2.6,19.626923,0.87253,0.976305,-9.442308,259.615385,0.6,FALSE,hit_2nd_deriv_cv (14.4077); hit_r2_cv (Rｲ=0.8725); hit_r2_slope (Rｲ=0.5704)
2,9,15kcP_sdl5,-65.92,2.6,20.646154,0.006701,0.816901,-18.557692,1817.307692,1,TRUE,hit_2nd_deriv_drag (1817.3077); hit_2nd_deriv_cv (36.2583); hit_2nd_deriv_slope (-22788.4615); hit_r2_drag (Rｲ=0.8169); hit_r2_cv (Rｲ=0.0067); hit_r2_slope (Rｲ=0.5795)
2,9,15kcP_sdl5,-65.94,2.6,21.623077,0.694201,0.905651,-31.326923,-105.769231,0.8,TRUE,hit_2nd_deriv_slope (-31923.0769); hit_r2_drag (Rｲ=0.9057); hit_r2_cv (Rｲ=0.6942); hit_r2_slope (Rｲ=0.8652)
2,9,15kcP_sdl5,-65.96,2.6,22.842308,0.948897,0.967389,-45.057692,605.769231,0.8,TRUE,hit_2nd_deriv_slope (-34326.9231); hit_r2_drag (Rｲ=0.9674); hit_r2_cv (Rｲ=0.9489); hit_r2_slope (Rｲ=0.8887)
2,10,25kcP_sdl5,-65.5,2.2,19.936364,0,0,0,0,0,FALSE,insufficient_data
2,10,25kcP_sdl5,-65.52,2.2,20.618182,0,0,0,0,0,FALSE,insufficient_data
2,10,25kcP_sdl5,-65.54,2.2,21.227273,0,0,0,0,0,FALSE,insufficient_data
2,10,25kcP_sdl5,-65.56,2.2,22.177273,0,0,0,0,0,FALSE,insufficient_data
2,10,25kcP_sdl5,-65.58,2.2,23.077273,0,0,0,0,0,FALSE,insufficient_data
2,10,25kcP_sdl5,-65.6,2.2,24.240909,0,0,0,0,0,FALSE,insufficient_data
2,10,25kcP_sdl5,-65.62,2.2,25.354545,0,0,0,0,0,FALSE,insufficient_data
2,10,25kcP_sdl5,-65.64,2.2,26.318182,0,0.998371,-52.795455,-375,0,FALSE,
2,10,25kcP_sdl5,-65.66,2.2,26.554545,0.010507,0.960424,-45.159091,-1818.181818,0.4,FALSE,hit_r2_drag (Rｲ=0.9604); hit_r2_cv (Rｲ=0.0105)
2,10,25kcP_sdl5,-65.68,2.2,26.45,0.626378,0.811787,-28.090909,-852.272727,0.6,FALSE,hit_r2_drag (Rｲ=0.8118); hit_r2_cv (Rｲ=0.6264); hit_r2_slope (Rｲ=0.7990)
2,10,25kcP_sdl5,-65.7,2.2,26.268182,0.91911,0.416718,-9.795455,-193.181818,0.6,FALSE,hit_r2_drag (Rｲ=0.4167); hit_r2_cv (Rｲ=0.9191); hit_r2_slope (Rｲ=0.8889)
2,10,25kcP_sdl5,-65.72,2.2,26.122727,0.989603,0.413488,3.386364,90.909091,0.4,FALSE,hit_r2_drag (Rｲ=0.4135); hit_r2_slope (Rｲ=0.8999)
2,10,25kcP_sdl5,-65.74,2.2,26.136364,0.902883,0.925493,5.818182,397.727273,0.6,FALSE,hit_r2_drag (Rｲ=0.9255); hit_r2_cv (Rｲ=0.9029); hit_r2_slope (Rｲ=0.8256)
2,10,25kcP_sdl5,-65.76,2.2,26.354545,0.757508,0.131784,1.613636,511.363636,0.6,FALSE,hit_r2_drag (Rｲ=0.1318); hit_r2_cv (Rｲ=0.7575); hit_r2_slope (Rｲ=0.0095)
2,10,25kcP_sdl5,-65.78,2.2,26.345455,0.650287,0.302301,-1.931818,-568.181818,0.6,FALSE,hit_r2_drag (Rｲ=0.3023); hit_r2_cv (Rｲ=0.6503); hit_r2_slope (Rｲ=0.8989)
2,10,25kcP_sdl5,-65.8,2.2,26.331818,0.696773,0.708799,-3.136364,-11.363636,0.6,FALSE,hit_r2_drag (Rｲ=0.7088); hit_r2_cv (Rｲ=0.6968); hit_r2_slope (Rｲ=0.8656)
2,10,25kcP_sdl5,-65.82,2.2,26.322727,0.846735,0.36753,-1.75,11.363636,0.6,FALSE,hit_r2_drag (Rｲ=0.3675); hit_r2_cv (Rｲ=0.8467); hit_r2_slope (Rｲ=0.0364)
2,10,25kcP_sdl5,-65.84,2.2,26.295455,0.808975,0.949605,0.704545,-45.454545,0.6,FALSE,hit_r2_drag (Rｲ=0.9496); hit_r2_cv (Rｲ=0.8090); hit_r2_slope (Rｲ=0.8350)
2,10,25kcP_sdl5,-65.86,2.2,26.181818,0.574605,0.756501,1.818182,-215.909091,0.6,FALSE,hit_r2_drag (Rｲ=0.7565); hit_r2_cv (Rｲ=0.5746); hit_r2_slope (Rｲ=0.8837)
2,10,25kcP_sdl5,-65.88,2.2,26.204545,0.302496,0.811428,1.977273,340.909091,0.6,FALSE,hit_r2_drag (Rｲ=0.8114); hit_r2_cv (Rｲ=0.3025); hit_r2_slope (Rｲ=0.8113)
2,10,25kcP_sdl5,-65.9,2.2,26.218182,0.007343,0.602656,1.5,-22.727273,0.6,FALSE,hit_r2_drag (Rｲ=0.6027); hit_r2_cv (Rｲ=0.0073); hit_r2_slope (Rｲ=0.1500)
2,10,25kcP_sdl5,-65.92,2.2,26.236364,0.083855,0.090503,0.409091,11.363636,0.6,FALSE,hit_r2_drag (Rｲ=0.0905); hit_r2_cv (Rｲ=0.0839); hit_r2_slope (Rｲ=0.7953)
2,10,25kcP_sdl5,-65.94,2.2,26.254545,0.854418,0.995419,-0.886364,0,0.4,FALSE,hit_r2_cv (Rｲ=0.8544); hit_r2_slope (Rｲ=0.8813)
2,10,25kcP_sdl5,-65.96,2.2,26.168182,0.883111,0.030593,0.181818,-261.363636,0.6,FALSE,hit_r2_drag (Rｲ=0.0306); hit_r2_cv (Rｲ=0.8831); hit_r2_slope (Rｲ=0.1683)
2,10,25kcP_sdl5,-65.98,2.2,26.090909,0.000014,0.600691,1.613636,22.727273,0.6,FALSE,hit_r2_drag (Rｲ=0.6007); hit_r2_cv (Rｲ=0.0000); hit_r2_slope (Rｲ=0.8699)
2,10,25kcP_sdl5,-66,2.2,26.054545,0.651624,0.904788,2.636364,102.272727,0.6,FALSE,hit_r2_drag (Rｲ=0.9048); hit_r2_cv (Rｲ=0.6516); hit_r2_slope (Rｲ=0.8998)
2,10,25kcP_sdl5,-66.02,2.2,26.031818,0.931853,0.937825,2.795455,34.090909,0.6,FALSE,hit_r2_drag (Rｲ=0.9378); hit_r2_cv (Rｲ=0.9319); hit_r2_slope (Rｲ=0.8159)
2,10,25kcP_sdl5,-66.04,2.2,26.013636,0.307538,0.90772,1.840909,11.363636,0.6,FALSE,hit_r2_drag (Rｲ=0.9077); hit_r2_cv (Rｲ=0.3075); hit_r2_slope (Rｲ=0.3214)
2,10,25kcP_sdl5,-66.06,2.2,26.009091,0.378209,0.925503,1.022727,34.090909,0.6,FALSE,hit_r2_drag (Rｲ=0.9255); hit_r2_cv (Rｲ=0.3782); hit_r2_slope (Rｲ=0.8985)
2,10,25kcP_sdl5,-66.08,2.2,25.977273,0.900813,0.957809,0.886364,-68.181818,0.6,FALSE,hit_r2_drag (Rｲ=0.9578); hit_r2_cv (Rｲ=0.9008); hit_r2_slope (Rｲ=0.8197)
2,10,25kcP_sdl5,-66.1,2.2,18.318182,0.48513,0.505466,77.318182,-19068.18182,1,TRUE,hit_2nd_deriv_drag (-19068.1818); hit_2nd_deriv_cv (312.2220); hit_2nd_deriv_slope (191079.5455); hit_r2_drag (Rｲ=0.5055); hit_r2_cv (Rｲ=0.4851); hit_r2_slope (Rｲ=0.4982)
2,10,25kcP_sdl5,-66.12,2.2,18.004545,0.792518,0.761857,118.545455,18363.63636,1,TRUE,hit_2nd_deriv_drag (18363.6364); hit_2nd_deriv_cv (-206.0342); hit_r2_drag (Rｲ=0.7619); hit_r2_cv (Rｲ=0.7925); hit_r2_slope (Rｲ=0.8924)
2,10,25kcP_sdl5,-66.14,2.2,14.468182,0.935752,0.895389,155.272727,-8056.818182,0.8,TRUE,hit_2nd_deriv_drag (-8056.8182); hit_r2_drag (Rｲ=0.8954); hit_r2_cv (Rｲ=0.9358); hit_r2_slope (Rｲ=0.8975)
2,11,30kcP_bluesil,-65.5,1.7,22.141176,0,0,0,0,0,FALSE,insufficient_data
2,11,30kcP_bluesil,-65.52,1.7,23.194118,0,0,0,0,0,FALSE,insufficient_data
2,11,30kcP_bluesil,-65.54,1.7,23.941176,0,0,0,0,0,FALSE,insufficient_data
2,11,30kcP_bluesil,-65.56,1.7,25.158824,0,0,0,0,0,FALSE,insufficient_data
2,11,30kcP_bluesil,-65.58,1.7,26.088235,0,0,0,0,0,FALSE,insufficient_data
2,11,30kcP_bluesil,-65.6,1.7,27.270588,0,0,0,0,0,FALSE,insufficient_data
2,11,30kcP_bluesil,-65.62,1.7,28.411765,0,0,0,0,0,FALSE,insufficient_data
2,11,30kcP_bluesil,-65.64,1.7,29.717647,0,0.996913,-57.205882,411.764706,0,FALSE,
2,11,30kcP_bluesil,-65.66,1.7,30.976471,0.840002,0.999351,-61.117647,-117.647059,0.2,FALSE,hit_r2_cv (Rｲ=0.8400)
2,11,30kcP_bluesil,-65.68,1.7,32.541176,0.875974,0.996967,-65.529412,764.705882,0.4,FALSE,hit_r2_cv (Rｲ=0.8760); hit_r2_slope (Rｲ=0.8854)
2,11,30kcP_bluesil,-65.7,1.7,34.611765,0.728943,0.988421,-76.117647,1264.705882,0.4,FALSE,hit_r2_cv (Rｲ=0.7289); hit_r2_slope (Rｲ=0.7873)
2,11,30kcP_bluesil,-65.72,1.7,37.147059,0.853297,0.980741,-92.470588,1161.764706,0.4,FALSE,hit_r2_cv (Rｲ=0.8533); hit_r2_slope (Rｲ=0.8535)
2,11,30kcP_bluesil,-65.74,1.7,36.988235,0.585568,0.938946,-83.147059,-6735.294118,1,TRUE,hit_2nd_deriv_drag (-6735.2941); hit_2nd_deriv_cv (-50.8274); hit_r2_drag (Rｲ=0.9389); hit_r2_cv (Rｲ=0.5856); hit_r2_slope (Rｲ=0.3445)
2,11,30kcP_bluesil,-65.76,1.7,38.129412,0.033388,0.88952,-67.764706,3250,0.8,TRUE,hit_2nd_deriv_drag (3250.0000); hit_r2_drag (Rｲ=0.8895); hit_r2_cv (Rｲ=0.0334); hit_r2_slope (Rｲ=0.8448)
2,11,30kcP_bluesil,-65.78,1.7,40.564706,0.664708,0.897085,-64.441176,3235.294118,0.8,TRUE,hit_2nd_deriv_drag (3235.2941); hit_r2_drag (Rｲ=0.8971); hit_r2_cv (Rｲ=0.6647); hit_r2_slope (Rｲ=0.8353)
2,12,45kcP_sdl5,-65.5,1.2,25.041667,0,0,0,0,0,FALSE,insufficient_data
2,12,45kcP_sdl5,-65.52,1.2,25.991667,0,0,0,0,0,FALSE,insufficient_data
2,12,45kcP_sdl5,-65.54,1.2,26.825,0,0,0,0,0,FALSE,insufficient_data
2,12,45kcP_sdl5,-65.56,1.2,27.75,0,0,0,0,0,FALSE,insufficient_data
2,12,45kcP_sdl5,-65.58,1.2,28.75,0,0,0,0,0,FALSE,insufficient_data
2,12,45kcP_sdl5,-65.6,1.2,29.725,0,0,0,0,0,FALSE,insufficient_data
2,12,45kcP_sdl5,-65.62,1.2,30.758333,0,0,0,0,0,FALSE,insufficient_data
2,12,45kcP_sdl5,-65.64,1.2,31.8,0,0.999824,-50.541667,20.833333,0,FALSE,
2,12,45kcP_sdl5,-65.66,1.2,32.925,0.118352,0.999349,-52.125,208.333333,0.2,FALSE,hit_r2_cv (Rｲ=0.1184)
2,12,45kcP_sdl5,-65.68,1.2,34.066667,0.034218,0.999429,-54.25,41.666667,0.4,FALSE,hit_r2_cv (Rｲ=0.0342); hit_r2_slope (Rｲ=0.8698)
2,12,45kcP_sdl5,-65.7,1.2,35.283333,0.076393,0.999233,-56.583333,187.5,0.4,FALSE,hit_r2_cv (Rｲ=0.0764); hit_r2_slope (Rｲ=0.8873)
2,12,45kcP_sdl5,-65.72,1.2,36.633333,0.733147,0.998546,-60.125,333.333333,0.4,FALSE,hit_r2_cv (Rｲ=0.7331); hit_r2_slope (Rｲ=0.8557)
2,12,45kcP_sdl5,-65.74,1.2,37.966667,0.934543,0.998719,-63.25,-41.666667,0.4,FALSE,hit_r2_cv (Rｲ=0.9345); hit_r2_slope (Rｲ=0.8978)
2,12,45kcP_sdl5,-65.76,1.2,39.6,0.921915,0.997177,-68.75,750,0.6,FALSE,hit_2nd_deriv_drag (750.0000); hit_r2_cv (Rｲ=0.9219); hit_r2_slope (Rｲ=0.8358)
2,12,45kcP_sdl5,-65.78,1.2,41.208333,0.965088,0.997568,-74.083333,-62.5,0.4,FALSE,hit_r2_cv (Rｲ=0.9651); hit_r2_slope (Rｲ=0.8943)
2,12,45kcP_sdl5,-65.8,1.2,43.325,0.93832,0.993364,-83.125,1270.833333,0.6,FALSE,hit_2nd_deriv_drag (1270.8333); hit_r2_cv (Rｲ=0.9383); hit_r2_slope (Rｲ=0.8411)
2,12,45kcP_sdl5,-65.82,1.2,45.425,0.97136,0.99529,-93.208333,-41.666667,0.4,FALSE,hit_r2_cv (Rｲ=0.9714); hit_r2_slope (Rｲ=0.8862)
2,12,45kcP_sdl5,-65.84,1.2,57.016667,0.613715,0.80078,-195.25,23729.16667,1,TRUE,hit_2nd_deriv_drag (23729.1667); hit_2nd_deriv_cv (170.5018); hit_2nd_deriv_slope (-255104.1667); hit_r2_drag (Rｲ=0.8008); hit_r2_cv (Rｲ=0.6137); hit_r2_slope (Rｲ=0.5920)
2,12,45kcP_sdl5,-65.86,1.2,53.841667,0.772881,0.799217,-194.791667,-36916.66667,1,TRUE,hit_2nd_deriv_drag (-36916.6667); hit_2nd_deriv_cv (-201.8722); hit_r2_drag (Rｲ=0.7992); hit_r2_cv (Rｲ=0.7729); hit_r2_slope (Rｲ=0.7477)
2,12,45kcP_sdl5,-65.88,1.2,51.883333,0.447816,0.491741,-127.666667,3041.666667,1,TRUE,hit_2nd_deriv_drag (3041.6667); hit_2nd_deriv_cv (-43.3783); hit_2nd_deriv_slope (167812.5000); hit_r2_drag (Rｲ=0.4917); hit_r2_cv (Rｲ=0.4478); hit_r2_slope (Rｲ=0.5068)
3,13,55kcP_sdl5,-64.5,1,0.96,0,0,0,0,0,FALSE,insufficient_data
3,13,55kcP_sdl5,-64.52,1,2.54,0,0,0,0,0,FALSE,insufficient_data
3,13,55kcP_sdl5,-64.54,1,4.12,0,0,0,0,0,FALSE,insufficient_data
3,13,55kcP_sdl5,-64.56,1,5.62,0,0,0,0,0,FALSE,insufficient_data
3,13,55kcP_sdl5,-64.58,1,7.16,0,0,0,0,0,FALSE,insufficient_data
3,13,55kcP_sdl5,-64.6,1,8.85,0,0,0,0,0,FALSE,insufficient_data
3,13,55kcP_sdl5,-64.62,1,10.45,0,0,0,0,0,FALSE,insufficient_data
3,13,55kcP_sdl5,-64.64,1,12.24,0,0.999414,-82.65,475,0,FALSE,
3,13,55kcP_sdl5,-64.66,1,14.17,0.91258,0.998718,-87.05,350,0.2,FALSE,hit_r2_cv (Rｲ=0.9126)
3,13,55kcP_sdl5,-64.68,1,16.27,0.932276,0.997309,-92.8,425,0.4,FALSE,hit_r2_cv (Rｲ=0.9323); hit_r2_slope (Rｲ=0.8725)
3,13,55kcP_sdl5,-64.7,1,18.25,0.958636,0.999226,-98.15,-300,0.4,FALSE,hit_r2_cv (Rｲ=0.9586); hit_r2_slope (Rｲ=0.8960)
3,13,55kcP_sdl5,-64.72,1,20.85,0.963724,0.996886,-106.5,1550,0.4,FALSE,hit_r2_cv (Rｲ=0.9637); hit_r2_slope (Rｲ=0.8522)
3,13,55kcP_sdl5,-64.74,1,22.97,0.984096,0.998124,-110.9,-1200,0.2,FALSE,hit_r2_slope (Rｲ=0.8914)
3,13,55kcP_sdl5,-64.76,1,24.73,0.9872,0.996218,-108.2,-900,0.2,FALSE,hit_r2_slope (Rｲ=0.3110)
3,13,55kcP_sdl5,-64.78,1,25.96,0.96731,0.981868,-96.5,-1325,0.4,FALSE,hit_r2_cv (Rｲ=0.9673); hit_r2_slope (Rｲ=0.6913)
3,13,55kcP_sdl5,-64.8,1,26.97,0.979052,0.977026,-76.15,-550,0.2,FALSE,hit_r2_slope (Rｲ=0.8375)
3,13,55kcP_sdl5,-64.82,1,27.96,0.995044,0.9837,-61.1,-50,0.2,FALSE,hit_r2_slope (Rｲ=0.9000)
3,13,55kcP_sdl5,-64.84,1,29.05,0.97563,0.998522,-53.2,250,0.2,FALSE,hit_r2_slope (Rｲ=0.8912)
3,13,55kcP_sdl5,-64.86,1,29.95,0.911328,0.999376,-50.3,-475,0.4,FALSE,hit_r2_cv (Rｲ=0.9113); hit_r2_slope (Rｲ=0.8707)
3,13,55kcP_sdl5,-64.88,1,31.04,0.85004,0.999296,-50.65,475,0.4,FALSE,hit_r2_cv (Rｲ=0.8500); hit_r2_slope (Rｲ=0.6824)
3,13,55kcP_sdl5,-64.9,1,31.95,0.84459,0.998984,-49.85,-450,0.4,FALSE,hit_r2_cv (Rｲ=0.8446); hit_r2_slope (Rｲ=0.0695)
3,13,55kcP_sdl5,-64.92,1,33.19,0.87711,0.997086,-51.4,825,0.4,FALSE,hit_r2_cv (Rｲ=0.8771); hit_r2_slope (Rｲ=0.0289)
3,13,55kcP_sdl5,-64.94,1,34.12,0.890164,0.998132,-52.45,-775,0.4,FALSE,hit_r2_cv (Rｲ=0.8902); hit_r2_slope (Rｲ=0.8992)
3,13,55kcP_sdl5,-64.96,1,35.39,0.69298,0.99698,-54.35,850,0.4,FALSE,hit_r2_cv (Rｲ=0.6930); hit_r2_slope (Rｲ=0.8318)
3,13,55kcP_sdl5,-64.98,1,36.45,0.77289,0.998281,-56,-525,0.4,FALSE,hit_r2_cv (Rｲ=0.7729); hit_r2_slope (Rｲ=0.8982)
3,13,55kcP_sdl5,-65,1,37.85,0.126775,0.995938,-58.25,850,0.4,FALSE,hit_r2_cv (Rｲ=0.1268); hit_r2_slope (Rｲ=0.8681)
3,13,55kcP_sdl5,-65.02,1,39.06,0.631347,0.998678,-61.7,-475,0.4,FALSE,hit_r2_cv (Rｲ=0.6313); hit_r2_slope (Rｲ=0.8544)
3,13,55kcP_sdl5,-65.04,1,40.57,0.841006,0.996976,-64.85,750,0.4,FALSE,hit_r2_cv (Rｲ=0.8410); hit_r2_slope (Rｲ=0.8967)
3,13,55kcP_sdl5,-65.06,1,41.92,0.980679,0.999152,-68.3,-400,0.2,FALSE,hit_r2_slope (Rｲ=0.8874)
3,13,55kcP_sdl5,-65.08,1,43.68,0.991008,0.996244,-72.6,1025,0.2,FALSE,hit_r2_slope (Rｲ=0.8771)
3,13,55kcP_sdl5,-65.1,1,45.27,0.97477,0.998257,-77.65,-425,0.4,FALSE,hit_r2_cv (Rｲ=0.9748); hit_r2_slope (Rｲ=0.8822)
3,13,55kcP_sdl5,-65.12,1,47.3,0.969216,0.99572,-84.05,1100,0.4,FALSE,hit_r2_cv (Rｲ=0.9692); hit_r2_slope (Rｲ=0.8755)
3,13,55kcP_sdl5,-65.14,1,49.1,0.992216,0.998669,-89.9,-575,0.2,FALSE,hit_r2_slope (Rｲ=0.8967)
3,13,55kcP_sdl5,-65.16,1,51.64,0.983741,0.993717,-98.75,1850,0.2,FALSE,hit_r2_slope (Rｲ=0.8561)
3,13,55kcP_sdl5,-65.18,1,53.78,0.99053,0.997108,-106.8,-1000,0.2,FALSE,hit_r2_slope (Rｲ=0.8969)
3,13,55kcP_sdl5,-65.2,1,56.96,0.968147,0.991361,-120,2600,0.4,FALSE,hit_r2_cv (Rｲ=0.9681); hit_r2_slope (Rｲ=0.8457)
3,13,55kcP_sdl5,-65.22,1,59.53,0.987998,0.996695,-130.9,-1525,0.2,FALSE,hit_r2_slope (Rｲ=0.8992)
3,13,55kcP_sdl5,-65.24,1,59.64,0.001975,0.944433,-108.75,-6150,0.8,TRUE,hit_2nd_deriv_drag (-6150.0000); hit_r2_drag (Rｲ=0.9444); hit_r2_cv (Rｲ=0.0020); hit_r2_slope (Rｲ=0.0394)
3,13,55kcP_sdl5,-65.26,1,60.36,0.52945,0.851234,-79.2,1525,0.8,TRUE,hit_2nd_deriv_slope (73875.0000); hit_r2_drag (Rｲ=0.8512); hit_r2_cv (Rｲ=0.5295); hit_r2_slope (Rｲ=0.8704)
3,13,55kcP_sdl5,-65.28,1,58.6,0.877038,0.246238,-20.55,-6200,1,TRUE,hit_2nd_deriv_drag (-6200.0000); hit_2nd_deriv_slope (146625.0000); hit_r2_drag (Rｲ=0.2462); hit_r2_cv (Rｲ=0.8770); hit_r2_slope (Rｲ=0.8179)
3,14,60kcP_siltech,-64.5,0.8,15.375,0,0,0,0,0,FALSE,insufficient_data
3,14,60kcP_siltech,-64.52,0.8,17.7,0,0,0,0,0,FALSE,insufficient_data
3,14,60kcP_siltech,-64.54,0.8,18.375,0,0,0,0,0,FALSE,insufficient_data
3,14,60kcP_siltech,-64.56,0.8,18.9,0,0,0,0,0,FALSE,insufficient_data
3,14,60kcP_siltech,-64.58,0.8,19.3375,0,0,0,0,0,FALSE,insufficient_data
3,14,60kcP_siltech,-64.6,0.8,19.8,0,0,0,0,0,FALSE,insufficient_data
3,14,60kcP_siltech,-64.62,0.8,20.2875,0,0,0,0,0,FALSE,insufficient_data
3,14,60kcP_siltech,-64.64,0.8,20.775,0,0.999463,-23.5,0,0,FALSE,
3,14,60kcP_siltech,-64.66,0.8,21.2375,0.602637,0.99989,-23.875,-62.5,0.2,FALSE,hit_r2_cv (R�=0.6026)
3,14,60kcP_siltech,-64.68,0.8,21.775,0.66838,0.999506,-24.5,187.5,0.4,FALSE,hit_r2_cv (R�=0.6684); hit_r2_slope (R�=0.8435)
3,14,60kcP_siltech,-64.7,0.8,22.325,0.310343,0.998691,-25.375,31.25,0.4,FALSE,hit_r2_cv (R�=0.3103); hit_r2_slope (R�=0.8652)
3,14,60kcP_siltech,-64.72,0.8,22.9375,0.576238,0.997558,-27.0625,156.25,0.4,FALSE,hit_r2_cv (R�=0.5762); hit_r2_slope (R�=0.8223)
3,14,60kcP_siltech,-64.74,0.8,23.4625,0.893658,0.99947,-28.0625,-218.75,0.4,FALSE,hit_r2_cv (R�=0.8937); hit_r2_slope (R�=0.8959)
3,14,60kcP_siltech,-64.76,0.8,24.15,0.967117,0.99833,-29.4375,406.25,0.4,FALSE,hit_r2_cv (R�=0.9671); hit_r2_slope (R�=0.8672)
3,14,60kcP_siltech,-64.78,0.8,24.775,0.950817,0.998451,-30.5625,-156.25,0.4,FALSE,hit_r2_cv (R�=0.9508); hit_r2_slope (R�=0.8994)
3,14,60kcP_siltech,-64.8,0.8,25.5125,0.97084,0.997154,-32.3125,281.25,0.4,FALSE,hit_r2_cv (R�=0.9708); hit_r2_slope (R�=0.8526)
3,14,60kcP_siltech,-64.82,0.8,26.175,0.984941,0.999529,-33.9375,-187.5,0.2,FALSE,hit_r2_slope (R�=0.8961)
3,14,60kcP_siltech,-64.84,0.8,27.05,0.978683,0.996707,-36,531.25,0.2,FALSE,hit_r2_slope (R�=0.8754)
3,14,60kcP_siltech,-64.86,0.8,27.8125,0.996724,0.998205,-38.0625,-281.25,0.2,FALSE,hit_r2_slope (R�=0.8929)
3,14,60kcP_siltech,-64.88,0.8,28.775,0.985722,0.99659,-40.8125,500,0.2,FALSE,hit_r2_slope (R�=0.8705)
3,14,60kcP_siltech,-64.9,0.8,29.65,0.995233,0.99893,-43.375,-218.75,0.2,FALSE,hit_r2_slope (R�=0.8960)
3,14,60kcP_siltech,-64.92,0.8,30.825,0.987176,0.994767,-46.9375,750,0.4,FALSE,hit_2nd_deriv_drag (750.0000); hit_r2_slope (R�=0.8660)
3,14,60kcP_siltech,-64.94,0.8,31.8125,0.994937,0.997956,-50.25,-468.75,0.4,FALSE,hit_2nd_deriv_drag (-468.7500); hit_r2_slope (R�=0.8961)
3,14,60kcP_siltech,-64.96,0.8,33.1375,0.992925,0.995712,-54.4375,843.75,0.4,FALSE,hit_2nd_deriv_drag (843.7500); hit_r2_slope (R�=0.8758)
3,14,60kcP_siltech,-64.98,0.8,34.35,0.998008,0.998087,-58.5625,-281.25,0.2,FALSE,hit_r2_slope (R�=0.8936)
3,14,60kcP_siltech,-65,0.8,35.925,0.995093,0.994305,-63.6875,906.25,0.6,FALSE,hit_2nd_deriv_drag (906.2500); hit_2nd_deriv_slope (-12812.5000); hit_r2_slope (R�=0.8774)
3,14,60kcP_siltech,-65.02,0.8,37.475,0.985593,0.997069,-70.5625,-62.5,0.4,FALSE,hit_2nd_deriv_slope (-17187.5000); hit_r2_slope (R�=0.8698)
3,14,60kcP_siltech,-65.04,0.8,39.925,0.908861,0.983002,-83.5,2250,0.8,TRUE,hit_2nd_deriv_drag (2250.0000); hit_2nd_deriv_slope (-32343.7500); hit_r2_cv (R�=0.9089); hit_r2_slope (R�=0.8260)
3,14,60kcP_siltech,-65.06,0.8,39.9875,0.579019,0.953644,-76.375,-5968.75,1,TRUE,hit_2nd_deriv_drag (-5968.7500); hit_2nd_deriv_cv (-37.3426); hit_2nd_deriv_slope (17812.5000); hit_r2_drag (R�=0.9536); hit_r2_cv (R�=0.5790); hit_r2_slope (R�=0.3597)
3,14,60kcP_siltech,-65.08,0.8,43.4625,0.52616,0.940303,-87.9375,8531.25,1,TRUE,hit_2nd_deriv_drag (8531.2500); hit_2nd_deriv_cv (32.9270); hit_2nd_deriv_slope (-28906.2500); hit_r2_drag (R�=0.9403); hit_r2_cv (R�=0.5262); hit_r2_slope (R�=0.0030)
3,15,60kcP_bluesil,-64.5,0.8,29.525,0,0,0,0,0,FALSE,insufficient_data
3,15,60kcP_bluesil,-64.52,0.8,36.7,0,0,0,0,0,FALSE,insufficient_data
3,15,60kcP_bluesil,-64.54,0.8,37.3375,0,0,0,0,0,FALSE,insufficient_data
3,15,60kcP_bluesil,-64.56,0.8,38.3375,0,0,0,0,0,FALSE,insufficient_data
3,15,60kcP_bluesil,-64.58,0.8,39.25,0,0,0,0,0,FALSE,insufficient_data
3,15,60kcP_bluesil,-64.6,0.8,40.2625,0,0,0,0,0,FALSE,insufficient_data
3,15,60kcP_bluesil,-64.62,0.8,41.2375,0,0,0,0,0,FALSE,insufficient_data
3,15,60kcP_bluesil,-64.64,0.8,42.8125,0,0.987455,-54.6875,1500,0,FALSE,
3,15,60kcP_bluesil,-64.66,0.8,44.2625,0.362732,0.988579,-62.875,-312.5,0.2,FALSE,hit_r2_cv (R�=0.3627)
3,15,60kcP_bluesil,-64.68,0.8,45.975,0.971201,0.992431,-72.25,656.25,0.4,FALSE,hit_r2_cv (R�=0.9712); hit_r2_slope (R�=0.8842)
3,15,60kcP_bluesil,-64.7,0.8,47.4875,0.98842,0.999502,-78.3125,-500,0.2,FALSE,hit_r2_slope (R�=0.8983)
3,15,60kcP_bluesil,-64.72,0.8,49.3625,0.90844,0.99827,-81.625,906.25,0.4,FALSE,hit_r2_cv (R�=0.9084); hit_r2_slope (R�=0.8929)
3,15,60kcP_bluesil,-64.74,0.8,50.9125,0.673213,0.999139,-83.4375,-812.5,0.4,FALSE,hit_r2_cv (R�=0.6732); hit_r2_slope (R�=0.8930)
3,15,60kcP_bluesil,-64.76,0.8,52.7875,0.096303,0.998725,-85.25,812.5,0.4,FALSE,hit_r2_cv (R�=0.0963); hit_r2_slope (R�=0.8929)
3,15,60kcP_bluesil,-64.78,0.8,54.6,0.794113,0.999194,-88.25,-156.25,0.4,FALSE,hit_r2_cv (R�=0.7941); hit_r2_slope (R�=0.8444)
3,15,60kcP_bluesil,-64.8,0.8,56.7625,0.38253,0.996916,-92.4375,875,0.4,FALSE,hit_r2_cv (R�=0.3825); hit_r2_slope (R�=0.8656)
3,15,60kcP_bluesil,-64.82,0.8,58.75,0.378435,0.999031,-98.25,-437.5,0.4,FALSE,hit_r2_cv (R�=0.3784); hit_r2_slope (R�=0.8662)
3,15,60kcP_bluesil,-64.84,0.8,61.2625,0.862929,0.997051,-105.5,1312.5,0.4,FALSE,hit_r2_cv (R�=0.8629); hit_r2_slope (R�=0.8770)
3,15,60kcP_bluesil,-64.86,0.8,63.5125,0.975509,0.99865,-111.625,-656.25,0.2,FALSE,hit_r2_slope (R�=0.8988)
3,15,60kcP_bluesil,-64.88,0.8,66.3625,0.993458,0.996663,-119.8125,1500,0.2,FALSE,hit_r2_slope (R�=0.8702)
3,15,60kcP_bluesil,-64.9,0.8,69.05,0.993113,0.99844,-128.5,-406.25,0.2,FALSE,hit_r2_slope (R�=0.8895)
3,15,60kcP_bluesil,-64.92,0.8,72.45,0.979703,0.995325,-139.5625,1781.25,0.2,FALSE,hit_r2_slope (R�=0.8751)
3,15,60kcP_bluesil,-64.94,0.8,75.6875,0.989798,0.997827,-152.1875,-406.25,0.2,FALSE,hit_r2_slope (R�=0.8845)
3,15,60kcP_bluesil,-64.96,0.8,80.0625,0.969639,0.992948,-170.1875,2843.75,0.4,FALSE,hit_r2_cv (R�=0.9696); hit_r2_slope (R�=0.8632)
3,15,60kcP_bluesil,-64.98,0.8,82.8,0.905172,0.996305,-175.5625,-4093.75,0.6,FALSE,hit_2nd_deriv_drag (-4093.7500); hit_r2_cv (R�=0.9052); hit_r2_slope (R�=0.8568)
3,15,60kcP_bluesil,-65,0.8,81.9375,0.139966,0.881298,-130.4375,-9000,1,TRUE,hit_2nd_deriv_drag (-9000.0000); hit_2nd_deriv_cv (-36.1663); hit_2nd_deriv_slope (112812.5000); hit_r2_drag (R�=0.8813); hit_r2_cv (R�=0.1400); hit_r2_slope (R�=0.3739)
3,15,60kcP_bluesil,-65.02,0.8,84.7,0.701978,0.844309,-99.5,9062.5,0.8,TRUE,hit_2nd_deriv_drag (9062.5000); hit_r2_drag (R�=0.8443); hit_r2_cv (R�=0.7020); hit_r2_slope (R�=0.8994)
3,15,60kcP_bluesil,-65.04,0.8,81.525,0.940945,0.198923,-24.125,-14843.75,1,TRUE,hit_2nd_deriv_drag (-14843.7500); hit_2nd_deriv_slope (188437.5000); hit_r2_drag (R�=0.1989); hit_r2_cv (R�=0.9409); hit_r2_slope (R�=0.7848)
3,16,75kcP_sdl5,-64.5,0.7,12.942857,0,0,0,0,0,FALSE,insufficient_data
3,16,75kcP_sdl5,-64.52,0.7,22.557143,0,0,0,0,0,FALSE,insufficient_data
3,16,75kcP_sdl5,-64.54,0.7,27.728571,0,0,0,0,0,FALSE,insufficient_data
3,16,75kcP_sdl5,-64.56,0.7,30.542857,0,0,0,0,0,FALSE,insufficient_data
3,16,75kcP_sdl5,-64.58,0.7,34.371429,0,0,0,0,0,FALSE,insufficient_data
3,16,75kcP_sdl5,-64.6,0.7,35.771429,0,0,0,0,0,FALSE,insufficient_data
3,16,75kcP_sdl5,-64.62,0.7,37.042857,0,0,0,0,0,FALSE,insufficient_data
3,16,75kcP_sdl5,-64.64,0.7,38.771429,0,0.942968,-95.642857,1142.857143,0.2,FALSE,hit_r2_drag (R�=0.9430)
3,16,75kcP_sdl5,-64.66,0.7,40.1,0.860659,0.997891,-72.285714,-1000,0.2,FALSE,hit_r2_cv (R�=0.8607)
3,16,75kcP_sdl5,-64.68,0.7,41.842857,0.878883,0.997361,-76,1035.714286,0.4,FALSE,hit_r2_cv (R�=0.8789); hit_r2_slope (R�=0.6581)
3,16,75kcP_sdl5,-64.7,0.7,43.5,0.759923,0.998444,-79.928571,-214.285714,0.4,FALSE,hit_r2_cv (R�=0.7599); hit_r2_slope (R�=0.8897)
3,16,75kcP_sdl5,-64.72,0.7,45.157143,0.502881,0.998267,-80.857143,0,0.4,FALSE,hit_r2_cv (R�=0.5029); hit_r2_slope (R�=0.8411)
3,16,75kcP_sdl5,-64.74,0.7,46.6,0.405742,0.998925,-81.571429,-535.714286,0.4,FALSE,hit_r2_cv (R�=0.4057); hit_r2_slope (R�=0.8999)
3,16,75kcP_sdl5,-64.76,0.7,48.571429,0.873437,0.99806,-82.785714,1321.428571,0.4,FALSE,hit_r2_cv (R�=0.8734); hit_r2_slope (R�=0.8407)
3,16,75kcP_sdl5,-64.78,0.7,50.185714,0.995279,0.998089,-83.928571,-892.857143,0.2,FALSE,hit_r2_slope (R�=0.8956)
3,16,75kcP_sdl5,-64.8,0.7,52.1,0.902711,0.997916,-87.357143,750,0.4,FALSE,hit_r2_cv (R�=0.9027); hit_r2_slope (R�=0.7500)
3,16,75kcP_sdl5,-64.82,0.7,53.857143,0.765501,0.999296,-90.214286,-392.857143,0.4,FALSE,hit_r2_cv (R�=0.7655); hit_r2_slope (R�=0.8991)
3,16,75kcP_sdl5,-64.84,0.7,55.942857,0.775725,0.998325,-92.071429,821.428571,0.4,FALSE,hit_r2_cv (R�=0.7757); hit_r2_slope (R�=0.8984)
3,16,75kcP_sdl5,-64.86,0.7,58.1,0.02333,0.99844,-98.357143,178.571429,0.4,FALSE,hit_r2_cv (R�=0.0233); hit_r2_slope (R�=0.7301)
3,16,75kcP_sdl5,-64.88,0.7,60.371429,0.41292,0.997868,-103.928571,285.714286,0.4,FALSE,hit_r2_cv (R�=0.4129); hit_r2_slope (R�=0.8977)
3,16,75kcP_sdl5,-64.9,0.7,62.685714,0.8249,0.999517,-110.428571,107.142857,0.4,FALSE,hit_r2_cv (R�=0.8249); hit_r2_slope (R�=0.8828)
3,16,75kcP_sdl5,-64.92,0.7,65.428571,0.995236,0.997875,-117.785714,1071.428571,0.2,FALSE,hit_r2_slope (R�=0.8851)
3,16,75kcP_sdl5,-64.94,0.7,68.014286,0.994283,0.998431,-124.428571,-392.857143,0.2,FALSE,hit_r2_slope (R�=0.8971)
3,16,75kcP_sdl5,-64.96,0.7,71.3,0.960566,0.996429,-135.928571,1750,0.4,FALSE,hit_r2_cv (R�=0.9606); hit_r2_slope (R�=0.8382)
3,16,75kcP_sdl5,-64.98,0.7,74.685714,0.945651,0.996442,-149.357143,250,0.4,FALSE,hit_r2_cv (R�=0.9457); hit_r2_slope (R�=0.8827)
3,16,75kcP_sdl5,-65,0.7,78.757143,0.955404,0.993792,-166.642857,1714.285714,0.4,FALSE,hit_r2_cv (R�=0.9554); hit_r2_slope (R�=0.8740)
3,16,75kcP_sdl5,-65.02,0.7,82.585714,0.995484,0.997998,-183,-607.142857,0.2,FALSE,hit_r2_slope (R�=0.8954)
3,16,75kcP_sdl5,-65.04,0.7,86.585714,0.935994,0.999179,-192.357143,428.571429,0.4,FALSE,hit_r2_cv (R�=0.9360); hit_r2_slope (R�=0.8947)
3,16,75kcP_sdl5,-65.06,0.7,87.157143,0.02736,0.959135,-163.857143,-8571.428571,0.8,TRUE,hit_2nd_deriv_drag (-8571.4286); hit_r2_drag (R�=0.9591); hit_r2_cv (R�=0.0274); hit_r2_slope (R�=0.1545)
3,16,75kcP_sdl5,-65.08,0.7,86.5,0.657482,0.775298,-100.285714,-3071.428571,0.8,TRUE,hit_2nd_deriv_slope (158928.5714); hit_r2_drag (R�=0.7753); hit_r2_cv (R�=0.6575); hit_r2_slope (R�=0.7993)
3,16,75kcP_sdl5,-65.1,0.7,87.771429,0.915197,0.635207,-51.428571,4821.428571,0.8,TRUE,hit_2nd_deriv_drag (4821.4286); hit_r2_drag (R�=0.6352); hit_r2_cv (R�=0.9152); hit_r2_slope (R�=0.9000)
3,17,95kcP_sdl5,-64.5,0.5,28.06,0,0,0,0,0,FALSE,insufficient_data
3,17,95kcP_sdl5,-64.52,0.5,42.08,0,0,0,0,0,FALSE,insufficient_data
3,17,95kcP_sdl5,-64.54,0.5,48.26,0,0,0,0,0,FALSE,insufficient_data
3,17,95kcP_sdl5,-64.56,0.5,49.76,0,0,0,0,0,FALSE,insufficient_data
3,17,95kcP_sdl5,-64.58,0.5,51.4,0,0,0,0,0,FALSE,insufficient_data
3,17,95kcP_sdl5,-64.6,0.5,53.16,0,0,0,0,0,FALSE,insufficient_data
3,17,95kcP_sdl5,-64.62,0.5,54.5,0,0,0,0,0,FALSE,insufficient_data
3,17,95kcP_sdl5,-64.64,0.5,56.02,0,0.997953,-78.1,450,0,FALSE,
3,17,95kcP_sdl5,-64.66,0.5,57.72,0.678916,0.99828,-77.5,450,0.2,FALSE,hit_r2_cv (R�=0.6789)
3,17,95kcP_sdl5,-64.68,0.5,59.52,0.582591,0.996581,-79.7,250,0.4,FALSE,hit_r2_cv (R�=0.5826); hit_r2_slope (R�=0.2081)
3,17,95kcP_sdl5,-64.7,0.5,61.12,0.576185,0.999288,-83.7,-500,0.4,FALSE,hit_r2_cv (R�=0.5762); hit_r2_slope (R�=0.8311)
3,17,95kcP_sdl5,-64.72,0.5,63.16,0.064561,0.998702,-88.4,1100,0.4,FALSE,hit_r2_cv (R�=0.0646); hit_r2_slope (R�=0.8822)
3,17,95kcP_sdl5,-64.74,0.5,65.04,0.911985,0.99857,-91.4,-400,0.4,FALSE,hit_r2_cv (R�=0.9120); hit_r2_slope (R�=0.8980)
3,17,95kcP_sdl5,-64.76,0.5,67.16,0.963416,0.998007,-96,600,0.4,FALSE,hit_r2_cv (R�=0.9634); hit_r2_slope (R�=0.8544)
3,17,95kcP_sdl5,-64.78,0.5,69.18,0.966645,0.999727,-100.6,-250,0.4,FALSE,hit_r2_cv (R�=0.9666); hit_r2_slope (R�=0.8929)
3,17,95kcP_sdl5,-64.8,0.5,71.58,0.969951,0.998306,-104.9,950,0.4,FALSE,hit_r2_cv (R�=0.9700); hit_r2_slope (R�=0.8959)
3,17,95kcP_sdl5,-64.82,0.5,73.88,0.992272,0.998931,-110.5,-250,0.2,FALSE,hit_r2_slope (R�=0.8729)
3,17,95kcP_sdl5,-64.84,0.5,76.42,0.990503,0.998617,-116.1,600,0.2,FALSE,hit_r2_slope (R�=0.8929)
3,17,95kcP_sdl5,-64.86,0.5,79.08,0.979515,0.999192,-123.2,300,0.2,FALSE,hit_r2_slope (R�=0.8755)
3,17,95kcP_sdl5,-64.88,0.5,81.94,0.995442,0.998357,-129.6,500,0.2,FALSE,hit_r2_slope (R�=0.8971)
3,17,95kcP_sdl5,-64.9,0.5,84.54,0.937398,0.99964,-134.2,-650,0.4,FALSE,hit_r2_cv (R�=0.9374); hit_r2_slope (R�=0.8999)
3,17,95kcP_sdl5,-64.92,0.5,88.12,0.921865,0.996644,-144.3,2450,0.4,FALSE,hit_r2_cv (R�=0.9219); hit_r2_slope (R�=0.8018)
3,17,95kcP_sdl5,-64.94,0.5,91.38,0.910939,0.996646,-153.9,-800,0.4,FALSE,hit_r2_cv (R�=0.9109); hit_r2_slope (R�=0.8952)
3,17,95kcP_sdl5,-64.96,0.5,95.26,0.931939,0.996063,-167.4,1550,0.4,FALSE,hit_r2_cv (R�=0.9319); hit_r2_slope (R�=0.8647)
3,17,95kcP_sdl5,-64.98,0.5,99.42,0.977449,0.997906,-184.5,700,0.4,FALSE,hit_2nd_deriv_slope (-42750.0000); hit_r2_slope (R�=0.8756)
3,17,95kcP_sdl5,-65,0.5,104.14,0.98623,0.995431,-200.4,1400,0.2,FALSE,hit_r2_slope (R�=0.8961)
3,17,95kcP_sdl5,-65.02,0.5,108.64,0.996038,0.998555,-217,-550,0.4,FALSE,hit_2nd_deriv_slope (-41500.0000); hit_r2_slope (R�=0.8905)
3,17,95kcP_sdl5,-65.04,0.5,112.14,0.593846,0.997771,-214.9,-2500,0.6,FALSE,hit_2nd_deriv_drag (-2500.0000); hit_r2_cv (R�=0.5938); hit_r2_slope (R�=0.6788)
3,17,95kcP_sdl5,-65.06,0.5,113.56,0.310053,0.967134,-181.4,-5200,1,TRUE,hit_2nd_deriv_drag (-5200.0000); hit_2nd_deriv_slope (83750.0000); hit_r2_drag (R�=0.9671); hit_r2_cv (R�=0.3101); hit_r2_slope (R�=0.5600)
3,17,95kcP_sdl5,-65.08,0.5,112.92,0.764402,0.820683,-112.4,-5150,1,TRUE,hit_2nd_deriv_drag (-5150.0000); hit_2nd_deriv_slope (172500.0000); hit_r2_drag (R�=0.8207); hit_r2_cv (R�=0.7644); hit_r2_slope (R�=0.8121)
3,17,95kcP_sdl5,-65.1,0.5,114.52,0.950049,0.774413,-62.7,5600,1,TRUE,hit_2nd_deriv_drag (5600.0000); hit_2nd_deriv_slope (124250.0000); hit_r2_drag (R�=0.7744); hit_r2_cv (R�=0.9500); hit_r2_slope (R�=0.8999)
3,18,120kcP_sigma,-64.5,0.4,96.85,0,0,0,0,0,FALSE,insufficient_data
3,18,120kcP_sigma,-64.52,0.4,101.375,0,0,0,0,0,FALSE,insufficient_data
3,18,120kcP_sigma,-64.54,0.4,104.775,0,0,0,0,0,FALSE,insufficient_data
3,18,120kcP_sigma,-64.56,0.4,109.3,0,0,0,0,0,FALSE,insufficient_data
3,18,120kcP_sigma,-64.58,0.4,111.675,0,0,0,0,0,FALSE,insufficient_data
3,18,120kcP_sigma,-64.6,0.4,116.025,0,0,0,0,0,FALSE,insufficient_data
3,18,120kcP_sigma,-64.62,0.4,132.3,0,0,0,0,0,FALSE,insufficient_data
3,18,120kcP_sigma,-64.64,0.4,145.275,0,0.904761,-462.875,-8250,0.2,FALSE,hit_r2_drag (R�=0.9048)
3,18,120kcP_sigma,-64.66,0.4,139.95,0.812179,0.85188,-429,-45750,0.4,FALSE,hit_r2_drag (R�=0.8519); hit_r2_cv (R�=0.8122)